country,iso3,reporter_code,year,flow,variant,world_relative_product_gini,world_weighted_share_gini,world_weighted_product_coverage,weighted_mean_relative_export_intensity,world_weighted_mean_country_share,country_total_exports,world_total_exports,leave_one_out_world_exports,country_active_products,world_benchmark_products,zero_weight_country_export_share,missing_benchmark_product_count,negative_leave_one_out_product_count,metric_valid,invalid_reason,active_product_gini,active_product_count,active_product_total_exports,world_relative_minus_active_product_gini
Armenia,ARM,51,1997,Exports,world_relative,0.9743831138325941,0.9800463910402917,0.38142389376893654,0.9999999999999998,0.0011982155467135974,209215243.0,4735993736441.0,4735784521198.0,1016,5377,0.0,0,0,True,,0.923405118182484,1016.0,209215243.0,0.050977995650110075
Armenia,ARM,51,1999,Exports,world_relative,0.974754110931767,0.982630611063571,0.42009082834696554,0.9999999999999999,0.0023668096716087357,224672163.0,5131446891996.0,5131222219833.0,1089,5363,0.0,0,0,True,,0.9537517029146574,1089.0,224672163.0,0.02100240801710962
Armenia,ARM,51,2000,Exports,world_relative,0.9792974333648831,0.9851344746128118,0.39477638998468634,1.0,0.002191171904624217,294102956.0,5817244525651.065,5816950422695.065,897,5338,0.0,0,0,True,,0.9529700772848746,897.0,294102956.0,0.02632735608000847
Armenia,ARM,51,2001,Exports,world_relative,0.9687686994327865,0.9639129961943199,0.5282472039433925,0.9999999999999999,0.001972898025393535,335794614.0,5632048942793.863,5631713148179.863,1150,5274,0.0,0,0,True,,0.9499557595592074,1150.0,335794614.0,0.018812939873579126
Armenia,ARM,51,2002,Exports,world_relative,0.9786950042947516,0.9850273755985791,0.4779134877177845,1.0,0.002609356713255217,487247324.0,5923913766916.5625,5923426519592.5625,1176,5570,0.0,0,0,True,,0.9637314297820264,1176.0,487247324.0,0.01496357451272523
Armenia,ARM,51,2003,Exports,world_relative,0.9792058072946891,0.9854609758470888,0.486287670797957,1.0,0.0024452455968217595,670002492.0,6921292294244.205,6920622291752.205,1216,5579,0.0,0,0,True,,0.9692069850883872,1216.0,670002492.0,0.009998822206301883
Armenia,ARM,51,2004,Exports,world_relative,0.9790995334225241,0.9825596918013174,0.5091334880326948,1.0,0.0020507168528634636,712242884.0,8351471957607.767,8350759714723.767,1230,5577,0.0,0,0,True,,0.9681732732156428,1230.0,712242884.0,0.010926260206881255
Armenia,ARM,51,2005,Exports,world_relative,0.9823286360076149,0.9840684441851651,0.4920589461041468,1.0,0.0020387818552066485,936977366.0,9463776638949.371,9462839661583.371,1356,5541,0.0,0,0,True,,0.9774498435659478,1356.0,936977366.0,0.0048787924416671125
Armenia,ARM,51,2006,Exports,world_relative,0.980212745298839,0.9799241105690882,0.5295858482408884,1.0,0.001811713948046694,984698706.0,11029272427409.55,11028287728703.55,1436,5520,0.0,0,0,True,,0.9749447735724122,1436.0,984698706.0,0.00526797172642679
Armenia,ARM,51,2007,Exports,world_relative,0.9793159456905667,0.9742608735850653,0.514024372813829,1.0,0.001435120304890309,1121222159.0,12696329386535.996,12695208164376.996,1424,5784,0.0,0,0,True,,0.9722111555083934,1424.0,1121222159.0,0.007104790182173248
Armenia,ARM,51,2008,Exports,world_relative,0.9803856682659686,0.9754633442659623,0.45921632652268884,1.0,0.001306373288708227,1054976300.0,14679230251059.18,14678175274759.18,1389,5668,0.0,0,0,True,,0.9668297909914656,1389.0,1054976300.0,0.013555877274503025
Armenia,ARM,51,2009,Exports,world_relative,0.9764162290150796,0.9659443205344009,0.4942591328940027,1.0,0.0014072773204613913,683988525.0,11155952807789.14,11155268819264.14,1355,5601,0.0,0,0,True,,0.9646024873959892,1355.0,683988525.0,0.011813741619090434
Armenia,ARM,51,2010,Exports,world_relative,0.9784835332647289,0.972730008520823,0.49590490684339666,1.0,0.0017118061966232981,991785817.0,13603195025663.61,13602203239846.61,1242,5533,0.0,0,0,True,,0.97298273923323,1242.0,991785817.0,0.005500794031498946
Armenia,ARM,51,2011,Exports,world_relative,0.9754359668485453,0.9690685604496603,0.5238862112357769,1.0,0.0018452263116371984,1306297101.0,16465456215640.959,16464149918539.959,1326,5430,0.0,0,0,True,,0.9740109873842104,1326.0,1306297101.0,0.0014249794643348412
Armenia,ARM,51,2012,Exports,world_relative,0.9745752293119053,0.9684166825234685,0.5328340966795885,1.0,0.001736796700423975,1415159994.0,16687135437611.117,16685720277617.117,1395,5738,0.0,0,0,True,,0.9704818470613976,1395.0,1415159994.0,0.0040933822505077044
Armenia,ARM,51,2013,Exports,world_relative,0.9746440614806776,0.9692058401624309,0.5257602245451096,1.0,0.0018758086028348323,1467711337.0,17314636337298.219,17313168625961.219,1387,5728,0.0,0,0,True,,0.96977348556208,1387.0,1467711337.0,0.0048705759185976305
Armenia,ARM,51,2014,Exports,world_relative,0.9760549151842053,0.9702108039660747,0.5305730210294696,1.0,0.001752757097046005,1490088062.0,17180906869482.68,17179416781420.68,1326,5695,0.0,0,0,True,,0.9694917089645458,1326.0,1490088062.0,0.006563206219659445
Armenia,ARM,51,2015,Exports,world_relative,0.9708748277313498,0.9687930091911139,0.6688822537742543,1.0,0.001971721160461528,1474023579.0,14886939159151.531,14885465135572.531,1703,5604,0.0,0,0,True,,0.968510516319426,1703.0,1474023579.0,0.002364311411923836
Armenia,ARM,51,2016,Exports,world_relative,0.9707403832037989,0.9688436883042827,0.637505082589298,1.0,0.001954978959190607,1792515338.0,14463507424510.889,14461714909172.889,1823,5573,0.0,0,0,True,,0.9724582273455472,1823.0,1792515338.0,-0.0017178441417483592
Armenia,ARM,51,2017,Exports,world_relative,0.9695249953613282,0.971363627409307,0.7026278764378817,1.0,0.0020541248315261444,2073847409.58,15912918159251.652,15910844311842.07,2070,5687,0.0,0,0,True,,0.9756791161396654,2080.0,2087719928.6599996,-0.006154120778337213
Armenia,ARM,51,2018,Exports,world_relative,0.9615787617154359,0.9642954694502269,0.6595064018717718,0.9999999999999998,0.0019783105479674193,2375558537.6480002,17639705152038.016,17637329593500.363,2290,5667,0.0,0,0,True,,0.9692979306880214,2290.0,2375558537.648,-0.007719168972585511
Armenia,ARM,51,2019,Exports,world_relative,0.964475459138045,0.9635557843553731,0.6997494800163058,1.0,0.0019673611474926595,2616775995.94,17270046559346.42,17267429783350.48,2026,5523,0.0,0,0,True,,0.9697292624563874,2026.0,2616775995.94,-0.005253803318342354
Armenia,ARM,51,2020,Exports,world_relative,0.9658708732197411,0.9688769654925865,0.7011805738685732,0.9999999999999999,0.002016539476948467,2331805660.295,16099571053208.256,16097239247547.96,2121,5495,0.0,0,0,True,,0.9698687167782484,2121.0,2331805660.295,-0.003997843558507297
Armenia,ARM,51,2021,Exports,world_relative,0.963476711555632,0.9704848261975483,0.689200654071887,1.0,0.0020330538013072124,2964087977.9300003,20230697024887.18,20227732936909.25,2116,5489,0.0,0,0,True,,0.965970727617792,2116.0,2964087977.9300003,-0.0024940160621600427
Armenia,ARM,51,2022,Exports,world_relative,0.8968437403431653,0.9196418503577223,0.7577676499319193,1.0,0.0032094980841128134,5288676032.49,22120815369208.133,22115526693175.65,2925,5839,0.0,0,0,True,,0.9527947119810148,2967.0,5362292362.65,-0.05595097163784957
Armenia,ARM,51,2023,Exports,world_relative,0.8950188325609939,0.9440833430264863,0.7820569371551391,1.0,0.0057863708126120305,8411632905.09,21325007050203.67,21316595417298.586,3035,5806,0.0,0,0,True,,0.9628770249689982,3072.0,8446236253.419999,-0.06785819240800428
Armenia,ARM,51,2024,Exports,world_relative,0.9381745538388941,0.9719915484885554,0.793235258241251,1.0,0.008680727649671609,13070809687.664,20562489519169.527,20549418709481.867,3041,5800,0.0,0,0,True,,0.9780411865320212,3041.0,13070809687.664,-0.03986663269312707
Australia,AUS,36,1988,Exports,world_relative,0.9615754627160259,0.8515694617983419,0.9585958112470878,0.9997157272653151,0.0004897618212335962,32082415537.0,457950101829.0,425867686292.0,4454,5018,0.0002842727346848902,0,0,True,,0.9549362447769756,4454.0,32082415537.0,0.0066392179390503125
Australia,AUS,36,1989,Exports,world_relative,0.9173434959589581,0.9148958697479915,0.9416106834627712,1.0,0.0016385337147820428,35604563348.0,849811111830.0,814206548482.0,4470,5033,0.0,0,0,True,,0.9556016495738292,4470.0,35604563348.0,-0.03825815361487106
Australia,AUS,36,1990,Exports,world_relative,0.8963905700085962,0.8964921700916062,0.9524559820463379,1.0,0.002647208769972435,38424274496.0,964479726160.0,926055451664.0,4489,5035,0.0,0,0,True,,0.9523820454749664,4489.0,38424274496.0,-0.05599147546637018
Australia,AUS,36,1991,Exports,world_relative,0.883248338902392,0.8950030431178719,0.9617614158420961,0.9999356453594124,0.0027944311343619972,40249311881.0,1869438734616.0,1829189422735.0,4510,5034,6.435464058760065e-05,0,0,True,,0.9493633451746172,4510.0,40249311881.0,-0.06611500627222522
Australia,AUS,36,1992,Exports,world_relative,0.8759629977775782,0.8947780454111985,0.9710054182844758,1.0,0.0026195413450175145,41549785214.0,2374826502111.0,2333276716897.0,4522,5036,0.0,0,0,True,,0.9466302999388404,4522.0,41549785214.0,-0.07066730216126216
Australia,AUS,36,1993,Exports,world_relative,0.8679767651141167,0.8837224473161823,0.9740166325668209,1.0000000000000002,0.0024066094426749896,41359239030.0,2718912702757.0,2677553463727.0,4569,5036,0.0,0,0,True,,0.9419506756465212,4569.0,41359239030.0,-0.07397391053240454
Australia,AUS,36,1994,Exports,world_relative,0.8648086330652182,0.8825539460191305,0.9681947559559454,1.0,0.0019974546621301563,45918106913.0,3636838351757.0,3590920244844.0,4548,5036,0.0,0,0,True,,0.9370527878872476,4548.0,45918106913.0,-0.0722441548220294
Australia,AUS,36,1995,Exports,world_relative,0.8568919143402451,0.8811605873009289,0.9589852491060074,0.9999999999999999,0.001996382064758659,51620939428.0,4343603232603.0,4291982293175.0,4563,5036,0.0,0,0,True,,0.9336754985578744,4563.0,51620939428.0,-0.07678358421762921
Australia,AUS,36,1996,Exports,world_relative,0.8529187574140226,0.8806005510416729,0.9520618818511833,1.0,0.0023847760948196434,58497466650.0,4650994076708.0,4592496610058.0,4674,5384,0.0,0,0,True,,0.9337220003420728,4674.0,58497466650.0,-0.08080324292805019
Australia,AUS,36,1997,Exports,world_relative,0.8555631596287876,0.8830268308115957,0.9679514085054749,0.9999999999999999,0.0023530074530641655,61101813481.0,4735993736441.0,4674891922960.0,4701,5377,0.0,0,0,True,,0.9370023567170302,4701.0,61101813481.0,-0.08143919708824265
Australia,AUS,36,1998,Exports,world_relative,0.8606951301240372,0.8765000326298908,0.9688462801094988,1.0,0.0021825019601386425,53073552411.0,4800267515662.0,4747193963251.0,4675,5377,0.0,0,0,True,,0.9390982482686056,4675.0,53073552411.0,-0.07840311814456835
Australia,AUS,36,1999,Exports,world_relative,0.8500129240508736,0.8652272356642587,0.9729054974729574,1.0,0.002540238160967455,52952629676.0,5131446891996.0,5078494262320.0,4717,5363,0.0,0,0,True,,0.9361267046774716,4717.0,52952693974.0,-0.08611378062659802
Australia,AUS,36,2000,Exports,world_relative,0.8407004416132569,0.8822233293669136,0.9809824211515283,1.0,0.006054726479504421,60320486768.0,5817244525651.065,5756924038883.065,4722,5338,0.0,0,0,True,,0.9442757406910944,4722.0,60320486768.0,-0.10357529907783758
Australia,AUS,36,2001,Exports,world_relative,0.8431530323818869,0.8719743148426277,0.9772752080677234,1.0,0.0051393859261392,59713975934.0,5632048942793.863,5572334966859.863,4722,5274,0.0,0,0,True,,0.9457112145605876,4722.0,59713975934.0,-0.10255818217870072
Australia,AUS,36,2002,Exports,world_relative,0.8449814331475932,0.8771629471380127,0.9745961334646324,1.0,0.004679357330402988,60989030527.0,5923913766916.5625,5862924736389.5625,4841,5570,0.0,0,0,True,,0.9450810114510216,4841.0,60989030527.0,-0.10009957830342842
Australia,AUS,36,2003,Exports,world_relative,0.8376452548308986,0.8732731529560169,0.9685460119018461,1.0,0.004636999983107443,64433219446.0,6921292294244.205,6856859074798.205,4792,5579,0.0,0,0,True,,0.9422935624270056,4792.0,64433219446.0,-0.104648307596107
Australia,AUS,36,2004,Exports,world_relative,0.8530213995532743,0.8756329227756926,0.9614026325675569,1.0,0.004388693314629764,80301330804.0,8351471957607.767,8271170626803.767,4797,5577,0.0,0,0,True,,0.9470978148471708,4797.0,80301330804.0,-0.09407641529389654
Australia,AUS,36,2005,Exports,world_relative,0.8567882055032282,0.8735943819485014,0.9618059713858144,1.0,0.005445469798286839,98880093784.0,9463776638949.371,9364896545165.371,4790,5541,0.0,0,0,True,,0.9532116040594492,4790.0,98880093784.0,-0.09642339855622095
Australia,AUS,36,2006,Exports,world_relative,0.86938715022946,0.8664197400440816,0.9633392443275609,1.0,0.005416592101781909,114712202513.0,11029272427409.55,10914560224896.55,4767,5520,0.0,0,0,True,,0.9584472753829214,4767.0,114712202513.0,-0.0890601251534614
Australia,AUS,36,2007,Exports,world_relative,0.8666004812166082,0.8780400874364152,0.9565864894513105,0.9999999999999999,0.0054945365216221755,131937503966.0,12696329386535.996,12564391882569.996,4616,5784,0.0,0,0,True,,0.9567804135278316,4616.0,131937503966.0,-0.09017993231122345
Australia,AUS,36,2008,Exports,world_relative,0.8838601241449994,0.8735395495457604,0.9622432673198711,1.0,0.006588525769193986,179125416199.0,14679230251059.18,14500104834860.18,4594,5668,0.0,0,0,True,,0.9663749170271244,4594.0,179125416199.0,-0.08251479288212504
Australia,AUS,36,2009,Exports,world_relative,0.8918600140608528,0.8965471650514347,0.9698051986055704,1.0,0.004870206278509738,146409790498.0,11155952807789.14,11009543017291.14,4581,5601,0.0,0,0,True,,0.9651670995131774,4581.0,146409790498.0,-0.07330708545232456
Australia,AUS,36,2010,Exports,world_relative,0.8974605861980414,0.8972176594216127,0.9675404742644762,1.0,0.006057549748013145,201899028949.0,13603195025663.61,13401295996714.61,4583,5533,0.0,0,0,True,,0.9705495253864508,4583.0,201899028949.0,-0.07308893918840942
Australia,AUS,36,2011,Exports,world_relative,0.9004139259252911,0.8903598278010563,0.9644865028473375,0.9999999999999999,0.006768386584381702,258672490201.0,16465456215640.959,16206783725439.959,4546,5430,0.0,0,0,True,,0.973327201158849,4546.0,258672490201.0,-0.07291327523355784
Australia,AUS,36,2012,Exports,world_relative,0.891941127299482,0.8772182491990372,0.9596649039929179,1.0,0.006584265432589306,246460368161.0,16687135437611.117,16440675069450.117,4637,5738,0.0,0,0,True,,0.9719261511340338,4637.0,246460368161.0,-0.07998502383455175
Australia,AUS,36,2013,Exports,world_relative,0.8980383976042963,0.8761701447209425,0.9656739394276623,1.0000000000000002,0.0058669395891629145,243507023808.0,17314636337298.219,17071129313490.219,4601,5728,0.0,0,0,True,,0.9734982287212232,4601.0,243507023808.0,-0.07545983111692689
Australia,AUS,36,2014,Exports,world_relative,0.8978469812019026,0.8855208981525293,0.9645023988678282,1.0,0.005750498136798645,232496818873.0,17180906869482.68,16948410050609.68,4582,5695,0.0,0,0,True,,0.9727823749696112,4582.0,232496818873.0,-0.07493539376770852
Australia,AUS,36,2015,Exports,world_relative,0.9056909978138592,0.8990572974380048,0.9713934090975866,1.0000000000000002,0.0031942533554818377,180696783121.0,14886939159151.531,14706242376030.531,4612,5604,0.0,0,0,True,,0.9686859924931426,4612.0,180696783121.0,-0.06299499467928338
Australia,AUS,36,2016,Exports,world_relative,0.9067621744957896,0.903202698202315,0.9711781558831072,1.0,0.0029847298602238555,182301972384.0,14463507424510.889,14281205452126.889,4577,5573,0.0,0,0,True,,0.9689153121273724,4577.0,182301972384.0,-0.06215313763158281
Australia,AUS,36,2017,Exports,world_relative,0.9175456019671007,0.9216736085218246,0.9674478125853728,1.0000000000000002,0.003186260594361398,222153450799.90497,15912918159251.652,15690764708451.746,4707,5687,0.0,0,0,True,,0.973678765775251,4704.0,221535923338.498,-0.056133163808150366
Australia,AUS,36,2018,Exports,world_relative,0.9184272098966784,0.9137591999536941,0.9695506671949897,0.9999999999999998,0.003763744897355902,248436073180.01303,17639705152038.016,17391269078857.998,4717,5667,0.0,0,0,True,,0.9746331696513748,4717.0,248436073180.013,-0.056205959754696444
Australia,AUS,36,2019,Exports,world_relative,0.9207055659337549,0.9195544063531244,0.9734898024388419,1.0000000000000002,0.004018629441192484,262504748500.113,17270046559346.42,17007541810846.309,4726,5523,0.0,0,0,True,,0.977021029135734,4722.0,261327212634.02896,-0.05631546320197911
Australia,AUS,36,2020,Exports,world_relative,0.9246278971365048,0.9246306900360333,0.9735878153632748,1.0,0.0030287092764013,228413140071.548,16099571053208.256,15871157913136.709,4687,5495,0.0,0,0,True,,0.976318707342304,4685.0,228207106354.82605,-0.05169081020579913
Australia,AUS,36,2021,Exports,world_relative,0.9302951288806611,0.9340595049773537,0.9686673586895488,0.9999999999999998,0.004005878713479886,330670776190.78406,20230697024887.18,19900026248696.4,4682,5489,0.0,0,0,True,,0.9805530499146662,4681.0,328955189004.928,-0.05025792103400506
Australia,AUS,36,2022,Exports,world_relative,0.9365310868549852,0.9280811410325904,0.9579994170104958,0.9999999999999998,0.0043642615590728925,397919744831.48804,22120815369208.133,21722895624376.65,4839,5839,0.0,0,0,True,,0.9828155410581444,4841.0,398085590812.68896,-0.04628445420315919
Australia,AUS,36,2023,Exports,world_relative,0.9305340764882329,0.9240909862363498,0.9671924267233271,0.9999999999999999,0.0037470570783509002,358678150837.61,21325007050203.67,20966328899366.062,4886,5806,0.0,0,0,True,,0.9811318405358664,4886.0,358678150837.61,-0.0505977640476335
Australia,AUS,36,2024,Exports,world_relative,0.9222614041351116,0.9201639780855044,0.977149532536361,1.0000000000000002,0.0036356063851870806,332797921577.225,20562489519169.527,20229691597592.305,4879,5800,0.0,0,0,True,,0.9785524890304804,4879.0,332797921577.225,-0.056291084895368826
Austria,AUT,40,1994,Exports,world_relative,0.7122230428460611,0.757260007085741,0.9720504479309957,1.0,0.0014019552574281878,45072184623.0,3636838351757.0,3591766167134.0,4750,5036,0.0,0,0,True,,0.8549305544335015,4750.0,45072184623.0,-0.14270751158744044
Austria,AUT,40,1995,Exports,world_relative,0.7130179146989613,0.7585041752457713,0.9485301748766719,1.0,0.0013960126952273523,53012129819.0,4343603232603.0,4290591102784.0,4611,5036,0.0,0,0,True,,0.8512634055103583,4611.0,53012129819.0,-0.13824549081139703
Austria,AUT,40,1996,Exports,world_relative,0.7129948009512784,0.7910997886421455,0.9159963215459503,1.0,0.0014872048492327397,53532805256.0,4650994076708.0,4597461271452.0,4708,5384,0.0,0,0,True,,0.8538100436391978,4708.0,53532805256.0,-0.14081524268791934
Austria,AUT,40,1997,Exports,world_relative,0.6930975415110041,0.7673360912725368,0.9317484916422757,1.0,0.0016334192922221123,52854901432.0,4735993736441.0,4683138835009.0,4641,5377,0.0,0,0,True,,0.8522317901231793,4641.0,52854901432.0,-0.15913424861217518
Austria,AUT,40,1998,Exports,world_relative,0.6923419556834993,0.7561722621264649,0.9364794265621437,1.0,0.0016893609625290434,56930487860.0,4800267515662.0,4743337027802.0,4652,5377,0.0,0,0,True,,0.8577207825819229,4652.0,56930487860.0,-0.16537882689842354
Austria,AUT,40,1999,Exports,world_relative,0.7054304366089975,0.7773252232313751,0.9250046477758617,1.0,0.0018578503272891093,56228378488.0,5131446891996.0,5075218513508.0,4616,5363,0.0,0,0,True,,0.8650225959976097,4616.0,56228378488.0,-0.15959215938861215
Austria,AUT,40,2000,Exports,world_relative,0.7091842797902653,0.7389111100060518,0.9310145119933866,1.0,0.001964600206630364,57166925270.0,5817244525651.065,5760077600381.065,4545,5338,0.0,0,0,True,,0.8693647084191058,4624.0,57944898064.0,-0.16018042862884052
Austria,AUT,40,2001,Exports,world_relative,0.6963915888241529,0.7319504030662461,0.9384223300869686,1.0,0.0019761853513089495,60584259800.0,5632048942793.863,5571464682993.863,4616,5274,0.0,0,0,True,,0.8692959786100241,4616.0,60584259800.0,-0.1729043897858712
Austria,AUT,40,2002,Exports,world_relative,0.6952267348953053,0.7419819466116283,0.8856210059739665,1.0,0.0020798233063575922,67129422132.0,5923913766916.5625,5856784344784.5625,4694,5570,0.0,0,0,True,,0.8727044175654421,4694.0,67129422132.0,-0.17747768267013686
Austria,AUT,40,2003,Exports,world_relative,0.6856357910715764,0.7387596394898839,0.9080188588628235,1.0,0.002078817895970791,85336892245.0,6921292294244.205,6835955401999.205,4806,5579,0.0,0,0,True,,0.8713257020333296,4806.0,85336892245.0,-0.18568991096175325
Austria,AUT,40,2004,Exports,world_relative,0.6818042610421136,0.7838268066572495,0.9118274437529934,1.0,0.002463894442407817,106313173943.0,8351471957607.767,8245158783664.767,4772,5577,0.0,0,0,True,,0.8767326108949487,4772.0,106313173943.0,-0.19492834985283514
Austria,AUT,40,2005,Exports,world_relative,0.6851401935997341,0.7751313211580071,0.894003005400428,1.0,0.0023999306770203,113109770604.0,9463776638949.371,9350666868345.371,4765,5541,0.0,0,0,True,,0.8759481980762056,4765.0,113109770604.0,-0.1908080044764715
Austria,AUT,40,2006,Exports,world_relative,0.6979474974829755,0.7708777089219716,0.8886114725836155,1.0,0.0022787972904522477,129778268594.0,11029272427409.55,10899494158815.55,4799,5520,0.0,0,0,True,,0.8784506582480296,4799.0,129778268594.0,-0.18050316076505413
Austria,AUT,40,2007,Exports,world_relative,0.685128153842557,0.7606726148177604,0.8965115970756017,1.0,0.0020341027139330354,151415400593.0,12696329386535.996,12544913985942.996,4670,5784,0.0,0,0,True,,0.8680002288481115,4670.0,151415400593.0,-0.18287207500555447
Austria,AUT,40,2008,Exports,world_relative,0.6889786635941589,0.7527322661920897,0.8824086538631467,0.9999999999999999,0.0020320594158385417,165952142522.0,14679230251059.18,14513278108537.18,4667,5668,0.0,0,0,True,,0.8652417662947209,4667.0,165952142522.0,-0.176263102700562
Austria,AUT,40,2009,Exports,world_relative,0.688278329001666,0.7658367824733033,0.9085545558696548,1.0,0.0020349346526926555,126482565184.0,11155952807789.14,11029470242605.14,4690,5601,0.0,0,0,True,,0.8639301679134017,4690.0,126482565184.0,-0.17565183891173575
Austria,AUT,40,2010,Exports,world_relative,0.6993470370829878,0.760387359305878,0.8995359130939196,1.0,0.001991494565683594,139436329619.0,13603195025663.61,13463758696044.61,4730,5533,0.0,0,0,True,,0.8699092151806769,4730.0,139436329619.0,-0.17056217809768903
Austria,AUT,40,2011,Exports,world_relative,0.6999701557797265,0.7618311128695145,0.8729226199985165,1.0,0.002026842185688466,162871703882.0,16465456215640.959,16302584511758.959,4711,5430,0.0,0,0,True,,0.8683080873268225,4711.0,162871703882.0,-0.16833793154709598
Austria,AUT,40,2012,Exports,world_relative,0.706577906684203,0.743977129508991,0.8860598001491138,0.9999999999999999,0.0018720127496306663,152592064201.108,16687135437611.117,16534543373410.012,4832,5738,0.0,0,0,True,,0.8706063363622958,4832.0,152592064201.108,-0.16402842967809284
Austria,AUT,40,2013,Exports,world_relative,0.7044108447251006,0.7431815416886874,0.894987520524255,1.0,0.0019217747518199691,159885624242.47,17314636337298.219,17154750713055.748,4827,5728,0.0,0,0,True,,0.8706481924242804,4827.0,159885624242.47,-0.16623734769917975
Austria,AUT,40,2014,Exports,world_relative,0.6981017298745282,0.7453419957801077,0.893189174675393,0.9999999999999998,0.0018722344895611897,164061891407.058,17180906869482.68,17016844978075.621,4826,5695,0.0,0,0,True,,0.8689036005193138,4826.0,164061891407.058,-0.17080187064478558
Austria,AUT,40,2015,Exports,world_relative,0.6863741088754931,0.7438804249315423,0.9752248079635939,1.0,0.0019313306093377163,140637580975.602,14886939159151.531,14746301578175.932,4828,5604,0.0,0,0,True,,0.86906755071983,4828.0,140637580975.602,-0.1826934418443369
Austria,AUT,40,2016,Exports,world_relative,0.6819566811864489,0.7367142799330567,0.9307069431572326,0.9999999999999999,0.0018951061829098597,140079284173.269,14463507424510.889,14323428140337.621,4803,5573,0.0,0,0,True,,0.8681670908917225,4803.0,140079284173.26898,-0.18621040970527358
Austria,AUT,40,2017,Exports,world_relative,0.6895156425202372,0.7344466453346017,0.9305728111450358,1.0000000000000002,0.0017837771095015012,154711605020.46298,15912918159251.652,15758206554231.188,4927,5687,0.0,0,0,True,,0.8707368134742315,4927.0,154711605020.463,-0.18122117095399426
Austria,AUT,40,2018,Exports,world_relative,0.6912282629345498,0.7457534133940193,0.9123255596173757,1.0,0.0018771484653175602,167613103419.698,17639705152038.016,17472092048618.314,4875,5667,0.0,0,0,True,,0.8727023289911009,4875.0,167613103419.698,-0.18147406605655114
Austria,AUT,40,2019,Exports,world_relative,0.6931493993890007,0.753587852465885,0.9120283812934559,1.0000000000000002,0.001906268341139527,162968414586.44498,17270046559346.42,17107078144759.975,4860,5523,0.0,0,0,True,,0.8734776688550714,4860.0,162968414586.445,-0.18032826946607072
Austria,AUT,40,2020,Exports,world_relative,0.6868328108524573,0.7494936353723819,0.9282652729974975,1.0,0.0019309478548499587,154699017685.926,16099571053208.256,15944872035522.33,4834,5495,0.0,0,0,True,,0.8733930957165648,4834.0,154699017685.926,-0.18656028486410747
Austria,AUT,40,2021,Exports,world_relative,0.6949139883797351,0.7412355283179789,0.9206078122098302,1.0,0.0017758242362636636,185368289406.414,20230697024887.18,20045328735480.766,4876,5489,0.0,0,0,True,,0.8751659374833192,4876.0,185368289406.414,-0.1802519491035841
Austria,AUT,40,2022,Exports,world_relative,0.7066727131719086,0.749274509115306,0.9050036291874312,1.0000000000000002,0.0017938996341593015,192712470812.498,22120815369208.133,21928102898395.64,5032,5839,0.0,0,0,True,,0.8778472980357475,5032.0,192712470812.498,-0.17117458486383885
Austria,AUT,40,2023,Exports,world_relative,0.7007042454987245,0.7571752995148661,0.9161333866766984,1.0,0.0019213205200618664,206546071694.664,21325007050203.67,21118460978509.008,5034,5806,0.0,0,0,True,,0.8835344621409909,5034.0,206546071694.664,-0.1828302166422664
Austria,AUT,40,2024,Exports,world_relative,0.6899687777694637,0.7672245212787513,0.9332518461723807,0.9999999999999999,0.0020742627928480133,196833236914.601,20562489519169.527,20365656282254.93,5022,5800,0.0,0,0,True,,0.8815677137703399,5022.0,196833236914.60095,-0.19159893600087619
Azerbaijan,AZE,31,1996,Exports,world_relative,0.9867881814742737,0.9936210186069603,0.2616657603406584,0.9999999999999998,0.0024966066988417104,630664503.0,4650994076708.0,4650363412205.0,771,5384,0.0,0,0,True,,0.9568558426725629,771.0,630664503.0,0.029932338801710867
Azerbaijan,AZE,31,1997,Exports,world_relative,0.9791674472014394,0.9830839007330424,0.2907784948958006,1.0,0.005061603596780143,781308980.0,4735993736441.0,4735212427461.0,800,5377,0.0,0,0,True,,0.9628912962321255,800.0,781308980.0,0.016276150969313896
Azerbaijan,AZE,31,1998,Exports,world_relative,0.970062003220117,0.9697057375654057,0.37689286368375496,1.0000000000000002,0.00720881977445316,606149410.0,4800267515662.0,4799661366252.0,924,5377,0.0,0,0,True,,0.9667119154293812,924.0,606149410.0,0.0033500877907358673
Azerbaijan,AZE,31,1999,Exports,world_relative,0.9582759965589365,0.9642655151306464,0.4921095048571502,1.0,0.014869501719625701,929225537.0,5131446891996.0,5130517666459.0,1077,5363,0.0,0,0,True,,0.9805014533666336,1077.0,929225537.0,-0.022225456807697164
Azerbaijan,AZE,31,2000,Exports,world_relative,0.9157256956990514,0.9325985252389106,0.5567227496339158,0.9999999999999999,0.03658819898645198,1745251969.0,5817244525651.065,5815499273682.065,1139,5338,0.0,0,0,True,,0.989967272941044,1139.0,1745251969.0,-0.07424157724199265
Azerbaijan,AZE,31,2001,Exports,world_relative,0.9312503289362826,0.943936049126596,0.5179845849931113,1.0,0.040511487862250034,2303852379.0,5632048942793.863,5629745090414.863,1063,5274,0.0,0,0,True,,0.9924213060634196,1063.0,2303852379.0,-0.06117097712713704
Azerbaijan,AZE,31,2002,Exports,world_relative,0.9499393527579417,0.9503801194110278,0.49196460679944487,1.0,0.03396086735000561,2149841197.0,5923913766916.5625,5921763925719.5625,967,5570,0.0,0,0,True,,0.9907288927570692,967.0,2149841197.0,-0.04078953999912749
Azerbaijan,AZE,31,2003,Exports,world_relative,0.9450961446710985,0.9480124868246016,0.46562130488814935,1.0000000000000002,0.036390373783089465,2588603121.0,6921292294244.205,6918703691123.205,975,5579,0.0,0,0,True,,0.990347870368178,975.0,2588603121.0,-0.04525172569707947
Azerbaijan,AZE,31,2004,Exports,world_relative,0.9228800301629789,0.9415054482870011,0.5194502554829143,0.9999999999999999,0.03599867267126104,3598710128.0,8351471957607.767,8347873247479.767,1045,5577,0.0,0,0,True,,0.9907080680765707,1045.0,3598710128.0,-0.06782803791359182
Azerbaijan,AZE,31,2005,Exports,world_relative,0.9110400061509586,0.922062560649247,0.5378698036096337,1.0,0.038756950235550626,4345233135.0,9463776638949.371,9459431405814.371,1147,5541,0.0,0,0,True,,0.989983213096328,1147.0,4345233135.0,-0.07894320694536938
Azerbaijan,AZE,31,2006,Exports,world_relative,0.8882906481167122,0.9156728197590835,0.5581469840549086,1.0,0.04969953594171356,6359725471.0,11029272427409.55,11022912701938.55,1204,5520,0.0,0,0,True,,0.9910587960272336,1204.0,6359725471.0,-0.10276814791052136
Azerbaijan,AZE,31,2007,Exports,world_relative,0.897044424719517,0.9189416018922528,0.5612711243701001,1.0,0.04171091028108284,6036969402.0,12696329386535.996,12690292417133.996,1163,5784,0.0,0,0,True,,0.989242731233275,1163.0,6036969402.0,-0.09219830651375804
Azerbaijan,AZE,31,2008,Exports,world_relative,0.9067734115376382,0.9149007943633651,0.5616906648166405,1.0,0.07809273587039013,47752588281.0,14679230251059.18,14631477662778.18,1034,5668,0.0,0,0,True,,0.9972822836719656,1034.0,47752588281.0,-0.09050887213432735
Azerbaijan,AZE,31,2009,Exports,world_relative,0.9206640547009096,0.9344567404876232,0.5505280209353365,1.0,0.05230985118655352,14672649400.0,11155952807789.14,11141280158389.14,1054,5601,0.0,0,0,True,,0.9950772855102396,1054.0,14672649400.0,-0.07441323080932993
Azerbaijan,AZE,31,2010,Exports,world_relative,0.9150302462062269,0.9273887553616239,0.5404700786540662,1.0,0.062121029328254654,21265764452.0,13603195025663.61,13581929261211.61,998,5533,0.0,0,0,True,,0.9959007131077884,998.0,21265764452.0,-0.08087046690156152
Azerbaijan,AZE,31,2011,Exports,world_relative,0.9012419151357265,0.9151198361380268,0.545792868232705,0.9999999999999998,0.07237694508342876,26465414148.0,16465456215640.959,16438990801492.959,1085,5430,0.0,0,0,True,,0.996169412341412,1085.0,26465414148.0,-0.0949274972056855
Azerbaijan,AZE,31,2012,Exports,world_relative,0.900888810026125,0.9158370817130772,0.5369159606986131,1.0,0.0703477117804765,23805381701.0,16687135437611.117,16663330055910.117,1034,5738,0.0,0,0,True,,0.9953332535569688,1034.0,23805381701.0,-0.0944444435308438
Azerbaijan,AZE,31,2013,Exports,world_relative,0.9003048279615473,0.9146227797153444,0.5930582751008289,1.0,0.0716293556107747,23772566717.0,17314636337298.219,17290863770581.219,1056,5728,0.0,0,0,True,,0.9953099823239836,1056.0,23772566717.0,-0.09500515436243628
Azerbaijan,AZE,31,2014,Exports,world_relative,0.9140575384594773,0.926357820107287,0.5661613132769798,1.0,0.06172982803951395,21576413935.0,17180906869482.68,17159330455547.68,1058,5695,0.0,0,0,True,,0.9952539196560888,1058.0,21576413935.0,-0.08119638119661143
Azerbaijan,AZE,31,2015,Exports,world_relative,0.9383345727527589,0.9521659140038019,0.5775856855041365,0.9999999999999996,0.03280002578895295,12432791395.520002,14886939159151.531,14874506367756.014,1179,5604,0.0,0,0,True,,0.9939049934359638,1179.0,12432791395.52,-0.055570420683204946
Azerbaijan,AZE,31,2016,Exports,world_relative,0.9510435718434159,0.9608105071400994,0.6897690597027404,1.0,0.030768413795608657,13376226469.319998,14463507424510.889,14450131198041.57,1637,5573,0.0,0,0,True,,0.995354264030662,1637.0,13376226469.319998,-0.04431069218724604
Azerbaijan,AZE,31,2017,Exports,world_relative,0.9513561113699757,0.9619780954404669,0.6876539122166074,0.9999999999999999,0.029390688568954732,15303819276.69,15912918159251.652,15897614339974.96,1784,5687,0.0,0,0,True,,0.9951320514245734,1784.0,15303819276.69,-0.04377594005459773
Azerbaijan,AZE,31,2018,Exports,world_relative,0.9314356396731936,0.9432876461878977,0.7015358080747169,1.0000000000000002,0.04512727744114885,19477011678.519997,17639705152038.016,17620228140359.492,1725,5667,0.0,0,0,True,,0.9954952372212816,1725.0,19477011678.52,-0.06405959754808799
Azerbaijan,AZE,31,2019,Exports,world_relative,0.9354702619093462,0.9444281002072935,0.6812656259928067,1.0000000000000002,0.042062310081180214,19307141429.209995,17270046559346.42,17250739417917.21,1753,5523,0.0,0,0,True,,0.9954523052849756,1753.0,19307141429.210007,-0.0599820433756294
Azerbaijan,AZE,31,2020,Exports,world_relative,0.9505164188124925,0.9585822158272008,0.6919556232616827,0.9999999999999999,0.027404497872936973,13730039785.679998,16099571053208.256,16085841013422.574,1770,5495,0.0,0,0,True,,0.9939327502294404,1765.0,13627190906.870005,-0.043416331416947895
Azerbaijan,AZE,31,2021,Exports,world_relative,0.9426893939095038,0.9501359222540331,0.7212933435350031,1.0,0.029177919654175058,21937342123.199997,20230697024887.18,20208759682763.98,1878,5489,0.0,0,0,True,,0.99490680016735,1878.0,21937342123.2,-0.05221740625784621
Azerbaijan,AZE,31,2022,Exports,world_relative,0.9353037312466517,0.9329670955091234,0.716763913803562,0.9999999999999996,0.033556236102806156,38140718174.50001,22120815369208.133,22082674651033.637,1960,5839,0.0,0,0,True,,0.995624866200991,1959.0,38134211377.52001,-0.06032113495433933
Azerbaijan,AZE,31,2023,Exports,world_relative,0.9497626709050097,0.9447412785327014,0.7404402495406358,1.0,0.025868848832362366,33896036711.35,21325007050203.67,21291111013492.32,2073,5806,0.0,0,0,True,,0.9947556804845484,2073.0,33896036711.35,-0.04499300957953878
Azerbaijan,AZE,31,2024,Exports,world_relative,0.9503300879252802,0.9538003800834499,0.739136474656628,0.9999999999999999,0.024441826392188178,26404676883.300003,20562489519169.527,20536084842286.227,1964,5800,0.0,0,0,True,,0.993710369902614,1964.0,26404676883.300003,-0.04338028197733379
Belgium,BEL,56,1999,Exports,world_relative,0.6492537909670747,0.8459919859466353,0.9707573731408206,1.0,0.0030277474904735575,171280053138.0,5131446891996.0,4960166838858.0,4951,5363,0.0,0,0,True,,0.8494608010134812,4951.0,171280053138.0,-0.2002070100464065
Belgium,BEL,56,2000,Exports,world_relative,0.6495357221396566,0.8310319386588169,0.9689253662364615,1.0,0.0037955736542394404,180110550187.0,5817244525651.065,5637133975464.065,4955,5338,0.0,0,0,True,,0.8565949429795434,4955.0,180110550187.0,-0.20705922083988682
Belgium,BEL,56,2001,Exports,world_relative,0.6418040139703558,0.8512782080632081,0.9791960092850733,1.0,0.004101476235077001,182747903102.0,5632048942793.863,5449301039691.863,4952,5274,0.0,0,0,True,,0.8579802396267093,4952.0,182747903102.0,-0.21617622565635353
Belgium,BEL,56,2002,Exports,world_relative,0.6571841308936589,0.8490228313004835,0.9754654684594573,1.0,0.0041656382160585766,208848371939.0,5923913766916.5625,5715065394977.5625,5029,5570,0.0,0,0,True,,0.8684470041270558,5029.0,208848371939.0,-0.21126287323339688
Belgium,BEL,56,2003,Exports,world_relative,0.6447283767450755,0.8430583639446293,0.9787540212939814,1.0,0.004194491085793783,248173845230.0,6921292294244.205,6673118449014.206,5042,5579,0.0,0,0,True,,0.8681808353349221,5042.0,248173845230.0,-0.22345245858984653
Belgium,BEL,56,2004,Exports,world_relative,0.6431122975057209,0.8400173955109506,0.9796107453765533,1.0,0.004172310644886702,299674676470.0,8351471957607.767,8051797281137.767,5045,5577,0.0,0,0,True,,0.86790266511852,5045.0,299674676470.0,-0.22479036761279914
Belgium,BEL,56,2005,Exports,world_relative,0.6466391057766925,0.8331299379520574,0.9836384209700384,1.0,0.004438167876071521,327749971228.0,9463776638949.371,9136026667721.371,5052,5541,0.0,0,0,True,,0.8725428078725745,5052.0,327749971228.0,-0.22590370209588206
Belgium,BEL,56,2006,Exports,world_relative,0.6542613829514097,0.8313305120310223,0.9773595694244809,1.0,0.004522489980940649,357966580599.0,11029272427409.55,10671305846810.55,5037,5520,0.0,0,0,True,,0.8739676954857036,5037.0,357966580599.0,-0.21970631253429396
Belgium,BEL,56,2007,Exports,world_relative,0.650354984331001,0.8404795066659297,0.9708685612788812,1.0,0.004263483403216736,421734489636.0,12696329386535.996,12274594896899.996,4883,5784,0.0,0,0,True,,0.8683263118533089,4883.0,421734489636.0,-0.21797132752230786
Belgium,BEL,56,2008,Exports,world_relative,0.6405338102351026,0.8319082708930372,0.9908301453695398,1.0,0.004812783167590351,460698013221.0,14679230251059.18,14218532237838.18,4892,5668,0.0,0,0,True,,0.8646039599271615,4892.0,460698013221.0,-0.22407014969205896
Belgium,BEL,56,2009,Exports,world_relative,0.6458765878456606,0.8552784242642728,0.9905953277283972,0.9999999999999999,0.004617874439383831,362427551988.0,11155952807789.14,10793525255801.14,4899,5601,0.0,0,0,True,,0.8662638049852793,4899.0,362427551988.0,-0.22038721713961873
Belgium,BEL,56,2010,Exports,world_relative,0.6886045817646139,0.8472096896811512,0.9926337454283671,1.0,0.0037537712371548486,266672514179.61096,13603195025663.61,13336522511483.998,4868,5533,0.0,0,0,True,,0.8723554036268384,4868.0,266672514179.611,-0.18375082186222447
Belgium,BEL,56,2011,Exports,world_relative,0.6843676035074705,0.861228162991718,0.9944397748702848,1.0,0.004554763130405697,319752099224.274,16465456215640.959,16145704116416.688,4866,5430,0.0,0,0,True,,0.8779562917628772,4866.0,319752099224.274,-0.19358868825540665
Belgium,BEL,56,2012,Exports,world_relative,0.6917752757369574,0.8575177274357749,0.9872371026678243,1.0,0.004575432782157241,298273831776.757,16687135437611.117,16388861605834.361,5000,5738,0.0,0,0,True,,0.8825684696619907,5000.0,298273831776.75696,-0.19079319392503324
Belgium,BEL,56,2013,Exports,world_relative,0.6968963875248533,0.8645901651918986,0.9703651222104243,1.0,0.004721908392846336,308790992842.971,17314636337298.219,17005845344455.248,4998,5728,0.0,0,0,True,,0.8850243392366155,4998.0,308790992842.971,-0.18812795171176222
Belgium,BEL,56,2014,Exports,world_relative,0.6980742513393596,0.8551963975646502,0.9728616281312643,1.0,0.00427338704849068,308225273983.135,17180906869482.68,16872681595499.543,4998,5695,0.0,0,0,True,,0.8846180184806194,4998.0,308225273983.135,-0.18654376714125975
Belgium,BEL,56,2015,Exports,world_relative,0.689095516402772,0.8348339720882378,0.9719612429317577,1.0,0.0033697784986155385,244883141553.15997,14886939159151.531,14642056017598.371,4980,5604,0.0,0,0,True,,0.87977772394302,4980.0,244883141553.16003,-0.190682207540248
Belgium,BEL,56,2016,Exports,world_relative,0.6944256604325274,0.8340808616467007,0.9710557534218947,1.0,0.0031832277123792045,262934860745.414,14463507424510.889,14200572563765.477,5004,5573,0.0,0,0,True,,0.8855497519306912,5004.0,262934860745.414,-0.19112409149816378
Belgium,BEL,56,2017,Exports,world_relative,0.697387815567393,0.8412940955793967,0.974552985543168,1.0,0.0031552451109613687,286769151099.026,15912918159251.652,15626149008152.625,5151,5687,0.0,0,0,True,,0.8878627191932977,5151.0,286769151099.026,-0.1904749036259047
Belgium,BEL,56,2018,Exports,world_relative,0.7035901142075405,0.844677807664246,0.9860116632968626,0.9999999999999998,0.0032960176332770784,320131983515.35706,17639705152038.016,17319573168522.654,5188,5667,0.0,0,0,True,,0.8903230207684991,5188.0,320131983515.357,-0.18673290656095864
Belgium,BEL,56,2019,Exports,world_relative,0.694120176629365,0.8414273291349672,0.9965150653907768,1.0,0.0034840898922038756,309774394127.249,17270046559346.42,16960272165219.172,5173,5523,0.0,0,0,True,,0.8913214365950983,5173.0,309774394127.249,-0.19720125996573334
Belgium,BEL,56,2020,Exports,world_relative,0.6956546624234843,0.8459257131550763,0.995796879849235,1.0000000000000002,0.003292776847294819,293077915893.54895,16099571053208.256,15806493137314.707,5154,5495,0.0,0,0,True,,0.8905630840447962,5156.0,293400438730.50104,-0.19490842162131194
Belgium,BEL,56,2021,Exports,world_relative,0.7105985295498997,0.850550895818254,0.9972878443745581,1.0,0.0033349955673356796,383443183527.35205,20230697024887.18,19847253841359.83,5173,5489,0.0,0,0,True,,0.8990997870054844,5175.0,384150736475.134,-0.18850125745558477
Belgium,BEL,56,2022,Exports,world_relative,0.722487139362476,0.8809145928405453,0.9961077395491902,1.0000000000000002,0.005028961530482922,452339438604.86096,22120815369208.133,21668475930603.273,5354,5839,0.0,0,0,True,,0.9134689699156316,5355.0,452910977232.094,-0.19098183055315565
Belgium,BEL,56,2023,Exports,world_relative,0.691663685216508,0.8565595738706077,0.9966131843637459,0.9999999999999999,0.0042304812361067656,394621317700.8721,21325007050203.67,20930385732502.805,5381,5806,0.0,0,0,True,,0.90394521082197,5381.0,394621317700.872,-0.21228152560546198
Belgium,BEL,56,2024,Exports,world_relative,0.6794289330855289,0.8536801609464083,0.9976080866396322,1.0,0.004129856211911214,361569942857.322,20562489519169.527,20200919576312.207,5365,5800,0.0,0,0,True,,0.8995614438273105,5365.0,361569942857.3219,-0.22013251074178164
Botswana,BWA,72,2000,Exports,world_relative,0.9934811998259017,0.9648900526273566,0.7776688181015734,1.0,0.0004959763606379707,2771859890.0,5817244525651.065,5814472665761.065,2744,5338,0.0,0,0,True,,0.9946173163919436,2744.0,2771859890.0,-0.0011361165660419559
Botswana,BWA,72,2001,Exports,world_relative,0.994763531438516,0.9678328456751862,0.7768412166709548,1.0,0.00041642996583032377,2527616455.0,5632048942793.863,5629521326338.863,2724,5274,0.0,0,0,True,,0.9953029082112216,2724.0,2527616455.0,-0.0005393767727055465
Botswana,BWA,72,2002,Exports,world_relative,0.9924262735932682,0.9616854298367471,0.7299349541774043,1.0,0.00041507708799529554,2737565699.0,5923913766916.5625,5921176201217.5625,2592,5570,0.0,0,0,True,,0.9919078436736756,2592.0,2737565699.0,0.0005184299195926112
Botswana,BWA,72,2003,Exports,world_relative,0.9927478383803756,0.9931907837996801,0.7050112495773304,1.0,0.0023393775457373244,3787687464.0,6921292294244.205,6917504606780.205,2307,5579,0.0,0,0,True,,0.994624968350504,2307.0,3787687464.0,-0.001877129970128344
Botswana,BWA,72,2004,Exports,world_relative,0.9900836905145646,0.9912694432829139,0.7394504866321792,0.9999999999999998,0.0023693348923778906,3498826073.0,8351471957607.767,8347973131534.767,2586,5577,0.0,0,0,True,,0.9928795418307944,2586.0,3498826073.0,-0.002795851316229836
Botswana,BWA,72,2005,Exports,world_relative,0.9901094616629377,0.9908291379496336,0.7738490773730546,1.0,0.0023492092139590147,4417838916.0,9463776638949.371,9459358800033.371,2794,5541,0.0,0,0,True,,0.9936804470694536,2794.0,4417838916.0,-0.003570985406515903
Botswana,BWA,72,2006,Exports,world_relative,0.9906683456102143,0.9896143043995868,0.7628241716491755,0.9999752312061342,0.0019763951633365623,4492871175.0,11029272427409.55,11024779556234.549,2793,5518,2.4768793865984818e-05,0,0,True,,0.993930232985958,2793.0,4492871175.0,-0.0032618873757436218
Botswana,BWA,72,2007,Exports,world_relative,0.9904816316275612,0.9913203876558553,0.6756585894381434,0.999997426936498,0.0017850107937280098,5063613855.0,12696329386535.996,12691265772680.996,2627,5781,2.5730635022918824e-06,0,0,True,,0.993216855320588,2627.0,5063613855.0,-0.0027352236930268115
Botswana,BWA,72,2008,Exports,world_relative,0.9865667636875975,0.9870152565673634,0.6803708954362621,0.9999746844817748,0.0017957661047225417,4908925778.0,14679230251059.18,14674321325281.18,2817,5650,2.5315518225380676e-05,0,0,True,,0.9910337101389312,2817.0,4908925778.0,-0.004466946451333609
Botswana,BWA,72,2009,Exports,world_relative,0.983147004614535,0.9799433970921267,0.7159480119191899,0.9999926950845233,0.0016189326187833115,3443982354.0,11155952807789.14,11152508825435.14,2727,5598,7.304915476927557e-06,0,0,True,,0.988789016323012,2727.0,3443982354.0,-0.005642011708477002
Botswana,BWA,72,2010,Exports,world_relative,0.9870197721886397,0.9870660130472539,0.6785207572837315,0.9998234967149601,0.0019535356032712513,4664729032.178,13603195025663.61,13598530296631.432,2730,5484,0.00017650328503981204,0,0,True,,0.9913794113697364,2730.0,4664729032.178,-0.0043596391810967194
Botswana,BWA,72,2011,Exports,world_relative,0.9833889434496913,0.9810927352745193,0.7195731193130207,0.9999448300753356,0.0024784590947275684,5896696469.677,16465456215640.959,16459559519171.281,2786,5398,5.516992466424509e-05,0,0,True,,0.9912968050384388,2786.0,5896696469.677001,-0.007907861588747456
Botswana,BWA,72,2012,Exports,world_relative,0.9847109349909825,0.9832294999152481,0.6812809850628555,0.9999835768567308,0.002692122938042456,6694759291.674999,16687135437611.117,16680440678319.443,2749,5716,1.6423143269202032e-05,0,0,True,,0.9921896566862388,2749.0,6694759291.675,-0.0074787216952563185
Botswana,BWA,72,2013,Exports,world_relative,0.9893939470402054,0.9886698919457135,0.6746837515838269,0.999960438151949,0.002544148963069319,7917524140.813999,17314636337298.219,17306718813157.402,2662,5695,3.956184805112532e-05,0,0,True,,0.9948988849104006,2662.0,7917524140.813997,-0.005504937870195126
Botswana,BWA,72,2014,Exports,world_relative,0.9898423408546653,0.9896137215642841,0.7524144969980169,0.9999999999999997,0.0025021538853402304,8495519973.435001,17180906869482.68,17172411349509.242,2574,5695,0.0,0,0,True,,0.9951679817904764,2574.0,8495519973.434999,-0.005325640935811116
Botswana,BWA,72,2015,Exports,world_relative,0.9881433920375421,0.9869281479725497,0.7735384017638253,0.9999999999999999,0.002215659003864865,6318005807.563,14886939159151.531,14880621153343.97,2607,5604,0.0,0,0,True,,0.9941686521687224,2607.0,6318005807.563002,-0.006025260131180321
Botswana,BWA,72,2016,Exports,world_relative,0.9905691226292137,0.989651864630997,0.7985873177502054,1.0,0.002563600844045506,7309693871.0,14463507424510.889,14456197730639.889,2644,5573,0.0,0,0,True,,0.9959992606223128,2644.0,7309693871.0,-0.0054301379930991045
Botswana,BWA,72,2017,Exports,world_relative,0.9904476481189884,0.9904310198407662,0.8152216001499204,1.0000000000000002,0.0025408111265313306,5958789709.910999,15912918159251.652,15906959369541.74,2707,5687,0.0,0,0,True,,0.9952116073937436,2707.0,5958789709.911001,-0.004763959274755147
Botswana,BWA,72,2018,Exports,world_relative,0.9901208290066849,0.9902707192842087,0.8054108109396153,1.0,0.002423282425599286,6712788125.103999,17639705152038.016,17632992363912.906,2713,5667,0.0,0,0,True,,0.9949701726228856,2713.0,6712788125.104001,-0.0048493436162007075
Botswana,BWA,72,2019,Exports,world_relative,0.9912360873938059,0.9896058653946141,0.7853480419948387,1.0000000000000002,0.0020849488753102116,5310313461.186,17270046559346.42,17264736245885.234,2432,5523,0.0,0,0,True,,0.9952982027758784,2432.0,5310313461.186,-0.004062115382072573
Botswana,BWA,72,2020,Exports,world_relative,0.9910572491748494,0.9858660647105508,0.7557991138366666,1.0000000000000002,0.0016905818510744588,4373795866.367,16099571053208.256,16095197257341.89,2145,5495,0.0,0,0,True,,0.9945889624714204,2145.0,4373795866.367,-0.003531713296570982
Botswana,BWA,72,2021,Exports,world_relative,0.992334175362048,0.9910659103551482,0.8062930298211664,1.0000000000000002,0.0019554988872556123,7472201587.029999,20230697024887.18,20223224823300.152,2404,5489,0.0,0,0,True,,0.9959827699715808,2404.0,7472201587.03,-0.003648594609532707
Botswana,BWA,72,2022,Exports,world_relative,0.9916237959889372,0.9892765527365394,0.8250488956874279,0.9999696142826756,0.0019412636726475903,8412000785.419998,22120815369208.133,22112403368422.72,2689,5838,3.038571732458987e-05,0,0,True,,0.9960167666563552,2689.0,8412000785.419999,-0.00439297066741795
Botswana,BWA,72,2023,Exports,world_relative,0.9888924885073606,0.9856414776659899,0.8381293186077725,0.9999999999999997,0.0019232958642107553,5500293424.782001,21325007050203.67,21319506756778.89,2783,5806,0.0,0,0,True,,0.994808517455584,2783.0,5500293424.782001,-0.005916028948223406
Brazil,BRA,76,1989,Exports,world_relative,0.8659964296903243,0.8456388054666149,0.87071454233371,1.0,0.0017367313917442603,34076770082.0,849811111830.0,815734341748.0,3977,5033,0.0,0,0,True,,0.9271687215385268,3977.0,34076770082.0,-0.0611722918482025
Brazil,BRA,76,1990,Exports,world_relative,0.8747916655430534,0.8438955724075965,0.855748504296332,1.0,0.001463535464375131,31032139581.0,964479726160.0,933447586579.0,3828,5035,0.0,0,0,True,,0.928933140298901,3828.0,31032139581.0,-0.05414147475584752
Brazil,BRA,76,1991,Exports,world_relative,0.8676463872057084,0.8388879211269776,0.8772958408019479,1.0,0.0013235559377626645,31279113947.0,1869438734616.0,1838159620669.0,3986,5035,0.0,0,0,True,,0.9249491826218128,3986.0,31279113947.0,-0.05730279541610439
Brazil,BRA,76,1992,Exports,world_relative,0.8491600670139289,0.8494244253041726,0.923959490840472,1.0,0.0015708838084883914,35678934295.0,2374826502111.0,2339147567816.0,4184,5036,0.0,0,0,True,,0.9217843558298976,4184.0,35678934295.0,-0.07262428881596872
Brazil,BRA,76,1993,Exports,world_relative,0.8437094628304647,0.8488668175106919,0.9357843024792476,1.0,0.0013586395460963706,38490394483.0,2718912702757.0,2680422308274.0,4244,5036,0.0,0,0,True,,0.9150634612062876,4244.0,38490394483.0,-0.0713539983758229
Brazil,BRA,76,1994,Exports,world_relative,0.8483948282527934,0.8472209315458353,0.9241498007759078,1.0,0.001212847838346891,43115037245.0,3636838351757.0,3593723314512.0,4225,5036,0.0,0,0,True,,0.919049802868855,4225.0,43115037245.0,-0.07065497461606152
Brazil,BRA,76,1995,Exports,world_relative,0.8519955476457182,0.8393070108674767,0.9410028701296272,1.0,0.001182981841450355,45884822282.0,4343603232603.0,4297718410321.0,4171,5036,0.0,0,0,True,,0.9195986501968936,4171.0,45884822282.0,-0.06760310255117541
Brazil,BRA,76,1996,Exports,world_relative,0.8618079718532285,0.8602615373024753,0.8498172704540203,1.0,0.0012243293433806522,47108480979.0,4650994076708.0,4603885595729.0,4131,5384,0.0,0,0,True,,0.9187741836513,4131.0,47108480979.0,-0.05696621179807149
Brazil,BRA,76,1997,Exports,world_relative,0.8475772531264136,0.8656260567438648,0.9371276809879774,1.0,0.0014753351757884146,52178860284.0,4735993736441.0,4683814876157.0,4262,5377,0.0,0,0,True,,0.924572666714388,4262.0,52178860284.0,-0.07699541358797435
Brazil,BRA,76,1998,Exports,world_relative,0.8445216901822239,0.8536853707138438,0.9542158465126888,1.0,0.0015182784384177033,50491372192.0,4800267515662.0,4749776143470.0,4303,5377,0.0,0,0,True,,0.9263624336606356,4303.0,50491372192.0,-0.08184074347841175
Brazil,BRA,76,1999,Exports,world_relative,0.8504195697399219,0.8429226760188337,0.9530716720441427,1.0,0.0013849185525195299,47187654432.0,5131446891996.0,5084259237564.0,4364,5363,0.0,0,0,True,,0.9263614005732714,4364.0,47187654432.0,-0.07594183083334949
Brazil,BRA,76,2000,Exports,world_relative,0.827768147141984,0.825079237142816,0.9650480491161526,1.0,0.0022783119114732444,53919704538.0,5817244525651.065,5763324821113.065,4352,5338,0.0,0,0,True,,0.9261647272919752,4352.0,53919704538.0,-0.0983965801499912
Brazil,BRA,76,2001,Exports,world_relative,0.8122924685070843,0.8241839163518379,0.9539176476513569,1.0,0.0031146424558976798,56846599835.0,5632048942793.863,5575202342958.863,4385,5274,0.0,0,0,True,,0.9303130847725652,4385.0,56846599835.0,-0.118020616265481
Brazil,BRA,76,2002,Exports,world_relative,0.8187137545959252,0.840452040196917,0.9655113117918264,1.0,0.003536782381043574,58786774220.0,5923913766916.5625,5865126992696.5625,4452,5570,0.0,0,0,True,,0.9337676615298462,4452.0,58786774220.0,-0.11505390693392104
Brazil,BRA,76,2003,Exports,world_relative,0.8197073752413652,0.848775299353632,0.96420754009568,1.0,0.0036165179134457323,70941347943.0,6921292294244.205,6850350946301.205,4490,5579,0.0,0,0,True,,0.9324392464008716,4496.0,71540362025.0,-0.11273187115950645
Brazil,BRA,76,2004,Exports,world_relative,0.8101157242633275,0.8356506223398972,0.9550454198396553,1.0,0.003295208562831051,93642905203.0,8351471957607.767,8257829052404.767,4482,5577,0.0,0,0,True,,0.9298947035186688,4482.0,93639613010.0,-0.11977897925534131
Brazil,BRA,76,2005,Exports,world_relative,0.7957498608221985,0.8339673834732996,0.9758729260694198,1.0,0.004514646971445768,116410078155.0,9463776638949.371,9347366560794.371,4645,5541,0.0,0,0,True,,0.932364849808319,4645.0,116410078155.0,-0.13661498898612057
Brazil,BRA,76,2006,Exports,world_relative,0.7834499299186417,0.8423439168408059,0.9685561518478134,1.0,0.006031162941390407,134958533864.0,11029272427409.55,10894313893545.55,4551,5520,0.0,0,0,True,,0.9337164554549524,4551.0,134958533864.0,-0.1502665255363107
Brazil,BRA,76,2007,Exports,world_relative,0.790186039775108,0.8598532827811525,0.9553147746634167,1.0,0.005808118918381422,156407606865.0,12696329386535.996,12539921779670.996,4421,5784,0.0,0,0,True,,0.9303915255523972,4409.0,150608950355.0,-0.1402054857772892
Brazil,BRA,76,2008,Exports,world_relative,0.7933456231573074,0.8580743928577339,0.9591865160436355,1.0,0.008476198234136655,184892285700.0,14679230251059.18,14494337965359.18,4414,5668,0.0,0,0,True,,0.93997567934656,4420.0,189055988836.0,-0.14663005618925262
Brazil,BRA,76,2009,Exports,world_relative,0.8177833764313144,0.87678572250661,0.9744461890135454,1.0,0.005943489610170946,144213568245.0,11155952807789.14,11011739239544.14,4337,5601,0.0,0,0,True,,0.9418693109829944,4349.0,141833585248.0,-0.12408593455168004
Brazil,BRA,76,2010,Exports,world_relative,0.8189336891432312,0.8870397236553781,0.9565627386905718,1.0,0.008475402024156881,180598581944.0,13603195025663.61,13422596443719.61,4275,5533,0.0,0,0,True,,0.9475485653370193,4346.0,192784121784.0,-0.12861487619378809
Brazil,BRA,76,2011,Exports,world_relative,0.8255772957213603,0.8801037110603362,0.9662326397325113,1.0,0.009861789272305825,235053675142.0,16465456215640.959,16230402540498.959,4351,5430,0.0,0,0,True,,0.9526735993096336,4378.0,245178571440.0,-0.12709630358827329
Brazil,BRA,76,2012,Exports,world_relative,0.8330148254463203,0.8755610874023653,0.9632161213959267,1.0,0.009295467640859556,234316569011.0,16687135437611.117,16452818868600.121,4400,5738,0.0,0,0,True,,0.9525973889793098,4400.0,234316569011.0,-0.11958256353298946
Brazil,BRA,76,2013,Exports,world_relative,0.840809362802375,0.8617920116572668,0.9575314795827428,1.0,0.007176391771362458,227706585897.0,17314636337298.219,17086929751401.219,4355,5728,0.0,0,0,True,,0.9526045010851314,4355.0,227706585897.0,-0.11179513828275645
Brazil,BRA,76,2014,Exports,world_relative,0.8439883622316939,0.8825771693803777,0.9664201625461778,1.0,0.007428479623496557,216122920649.0,17180906869482.68,16964783948833.68,4340,5695,0.0,0,0,True,,0.9515309161455424,4340.0,216122920649.0,-0.10754255391384848
Brazil,BRA,76,2015,Exports,world_relative,0.8534518154199414,0.8968691238617404,0.9672767772371662,1.0,0.004387290165175554,183772096641.0,14886939159151.531,14703167062510.531,4333,5604,0.0,0,0,True,,0.9477062322094888,4333.0,183772096641.0,-0.09425441678954738
Brazil,BRA,76,2016,Exports,world_relative,0.8533506849387985,0.8940557121069148,0.9802222670061572,0.9999999999999999,0.003940929463068454,177398153872.0,14463507424510.889,14286109270638.889,4386,5573,0.0,0,0,True,,0.9484024948082432,4386.0,177398153872.0,-0.09505180986944473
Brazil,BRA,76,2017,Exports,world_relative,0.8610112453172907,0.909891894324593,0.9661150851285103,1.0,0.004628338467222402,212294193586.0,15912918159251.652,15700623965665.652,4393,5687,0.0,0,0,True,,0.9525444635902696,4393.0,212294193586.0,-0.09153321827297889
Brazil,BRA,76,2018,Exports,world_relative,0.8543224470962961,0.9083622899951344,0.9727505903777525,1.0,0.00777990173241468,229624721478.0,17639705152038.016,17410080430560.014,4585,5667,0.0,0,0,True,,0.9573333663573552,4578.0,224325604189.0,-0.1030109192610591
Brazil,BRA,76,2019,Exports,world_relative,0.8500764502777723,0.9061331533507039,0.977834347647969,1.0,0.008016708987938933,218670441352.0,17270046559346.42,17051376117994.42,4674,5523,0.0,0,0,True,,0.9581722671414588,4666.0,213150511198.0,-0.10809581686368641
Brazil,BRA,76,2020,Exports,world_relative,0.8762051119165505,0.9198447737966703,0.9846439301158202,1.0,0.005883864340907002,208704510056.0,16099571053208.256,15890866543152.256,4663,5495,0.0,0,0,True,,0.962326919374442,4653.0,207459288548.0,-0.08612180745789155
Brazil,BRA,76,2021,Exports,world_relative,0.8702132266041445,0.921581752151845,0.9823453244199336,1.0,0.0075560425436391005,271992790539.0,20230697024887.18,19958704234348.18,4674,5489,0.0,0,0,True,,0.963137520780884,4626.0,273625244332.0,-0.09292429417673953
Brazil,BRA,76,2022,Exports,world_relative,0.8604033561341086,0.9136003468857209,0.9515153435281386,1.0,0.010039548851431015,306864492976.0,22120815369208.133,21813950876232.133,4579,5839,0.0,0,0,True,,0.9629549627019892,4688.0,308356837218.0,-0.10255160656788065
Brazil,BRA,76,2023,Exports,world_relative,0.8705490847293227,0.918593519720961,0.9750618699243265,1.0,0.008098770849113514,339687314653.0,21325007050203.67,20985319735550.67,4888,5806,0.0,0,0,True,,0.9654074139600952,4888.0,339687314653.0,-0.09485832923077253
Brazil,BRA,76,2024,Exports,world_relative,0.8704694162868348,0.9254669901652358,0.9561702227523281,0.9999999999999999,0.007989156416635435,309859621309.0,20562489519169.527,20252629897860.527,4589,5800,0.0,0,0,True,,0.9638298558625056,4589.0,309859621309.0,-0.09336043957567075
Burkina Faso,BFA,854,1995,Exports,world_relative,0.9932242415626038,0.9916093813732108,0.2949217005259256,1.0,0.0012611601533791341,170945475.0,4343603232603.0,4343432287128.0,531,5036,0.0,0,0,True,,0.973900081055487,531.0,170945475.0,0.019324160507116828
Burkina Faso,BFA,854,1996,Exports,world_relative,0.9932943157926025,0.9911241537108081,0.28153282537346913,1.0,0.0011955963435368333,198571395.0,4650994076708.0,4650795505313.0,579,5384,0.0,0,0,True,,0.9729002419772012,579.0,198571395.0,0.02039407381540137
Burkina Faso,BFA,854,1997,Exports,world_relative,0.9926909817948151,0.9887028597556131,0.3063705485162387,1.0,0.0011262386003812771,224579390.0,4735993736441.0,4735769157051.0,757,5377,0.0,0,0,True,,0.9739944084286734,757.0,224579390.0,0.018696573366141722
Burkina Faso,BFA,854,1998,Exports,world_relative,0.9933744233192899,0.9893696876834556,0.3249641547313889,1.0,0.0010273586467410654,246702827.0,4800267515662.0,4800020812835.0,786,5377,0.0,0,0,True,,0.974604315616362,786.0,246702827.0,0.018770107702927974
Burkina Faso,BFA,854,1999,Exports,world_relative,0.9935999619291843,0.9859158661286864,0.34146269432146603,0.9997810850347841,0.0007514903267579898,236443406.0,5131446891996.0,5131210448590.0,771,5361,0.00021891496521582,0,0,True,,0.9711617591659016,771.0,236443406.0,0.022438202763282677
Burkina Faso,BFA,854,2000,Exports,world_relative,0.9895582320608005,0.9734287740853139,0.35779516868052375,1.0,0.0014849813355009426,183912889.0,5817244525651.065,5817060612762.065,723,5338,0.0,0,0,True,,0.9658246339649512,723.0,183912889.0,0.023733598095849295
Burkina Faso,BFA,854,2001,Exports,world_relative,0.9877847702917903,0.9713752968958879,0.35062196514277805,1.0,0.0015023287354577653,188240922.0,5632048942793.863,5631860701871.863,632,5274,0.0,0,0,True,,0.9558580595308346,632.0,188240922.0,0.03192671076095577
Burkina Faso,BFA,854,2002,Exports,world_relative,0.994453279049796,0.988880750710978,0.2801234959573123,0.9999999999999998,0.0007200230188795299,170550655.0,5923913766916.5625,5923743216261.5625,539,5570,0.0,0,0,True,,0.9597296243056792,539.0,170550655.0,0.03472365474411676
Burkina Faso,BFA,854,2003,Exports,world_relative,0.9958817089807946,0.9932518862624448,0.2606303890679564,1.0,0.0009455799616141136,313984877.0,6921292294244.205,6920978309367.205,474,5579,0.0,0,0,True,,0.9725328037157804,474.0,313984877.0,0.023348905265014208
Burkina Faso,BFA,854,2004,Exports,world_relative,0.9952919551145069,0.990864092545349,0.3088308004079546,1.0,0.0010613080528982556,392069639.0,8351471957607.767,8351079887968.767,537,5577,0.0,0,0,True,,0.9766670271832748,537.0,392069639.0,0.01862492793123205
Burkina Faso,BFA,854,2005,Exports,world_relative,0.9890233069952327,0.9733520954373673,0.3883937445487272,1.0,0.0016576209607603656,349268918.12299997,9463776638949.371,9463427370031.246,627,5541,0.0,0,0,True,,0.96683756048256,627.0,349268918.123,0.02218574651267269
Burkina Faso,BFA,854,2006,Exports,world_relative,0.9857049270640484,0.9682579549571838,0.38904280243540823,0.9999999999999999,0.0030494268017342433,507092746.9110001,11029272427409.55,11028765334662.639,642,5520,0.0,0,0,True,,0.9725653954019808,642.0,507092746.911,0.013139531662067605
Burkina Faso,BFA,854,2007,Exports,world_relative,0.9815024819798416,0.9599362186049039,0.3633022733080561,0.9999999999999999,0.0028802049761330437,559518767.932,12696329386535.996,12695769867768.062,733,5784,0.0,0,0,True,,0.9694189948164972,733.0,559518767.9319999,0.012083487163344397
Burkina Faso,BFA,854,2008,Exports,world_relative,0.975316497458226,0.9480869177037752,0.3012010086133203,1.0,0.004935149047537616,591958322.013,14679230251059.18,14678638292737.164,590,5668,0.0,0,0,True,,0.964874040096788,590.0,591958322.013,0.010442457361438007
Burkina Faso,BFA,854,2009,Exports,world_relative,0.9801659080983428,0.9636017944566193,0.3837102783434021,1.0,0.0035425078428436025,983301741.202,11155952807789.14,11154969506047.938,703,5601,0.0,0,0,True,,0.9732227729997944,703.0,983301741.2019998,0.006943135098548381
Burkina Faso,BFA,854,2010,Exports,world_relative,0.9899006703636045,0.9783191463201528,0.3817527379304023,1.0000000000000004,0.0024480452164284995,1357916723.6539998,13603195025663.61,13601837108939.953,668,5533,0.0,0,0,True,,0.9832452173865148,668.0,1357916723.654,0.006655452977089693
Burkina Faso,BFA,854,2011,Exports,world_relative,0.9906041468102262,0.983529702203939,0.37680082803289683,0.9999999999999999,0.0033495561306008965,2426984396.335,16465456215640.959,16463029231244.623,662,5430,0.0,0,0,True,,0.9883046381163998,662.0,2426984396.3349996,0.0022995086938264464
Burkina Faso,BFA,854,2012,Exports,world_relative,0.9882947554198143,0.980688372742944,0.4008972323504109,1.0000000000000002,0.003529028185195604,2269841056.0649996,16687135437611.117,16684865596555.055,775,5738,0.0,0,0,True,,0.9874538551830055,775.0,2269841056.065,0.0008409002368087171
Burkina Faso,BFA,854,2013,Exports,world_relative,0.9867485654239491,0.9839359443115847,0.39717421724902635,0.9999999999999999,0.005476498229444435,2501358681.8360004,17314636337298.219,17312134978616.383,736,5728,0.0,0,0,True,,0.9869192349711612,736.0,2501358681.836,-0.00017066954721212113
Burkina Faso,BFA,854,2014,Exports,world_relative,0.9821195215567076,0.9760385683726966,0.39486759415708295,1.0000000000000004,0.0062124071994996664,2603577417.258,17180906869482.68,17178303292065.42,757,5695,0.0,0,0,True,,0.9833125677423536,757.0,2603577417.258,-0.001193046185646085
Burkina Faso,BFA,854,2015,Exports,world_relative,0.9872455527326311,0.9850443099202675,0.4415779658681149,1.0,0.004075341328480443,2214697057.0509996,14886939159151.531,14884724462094.48,762,5604,0.0,0,0,True,,0.984255180926226,762.0,2214697057.051,0.0029903718064051565
Burkina Faso,BFA,854,2016,Exports,world_relative,0.9919361146374275,0.9917544952836499,0.4417535575683897,1.0000000000000002,0.0029378345265504754,2520012315.0,14463507424510.889,14460987412195.889,729,5573,0.0,0,0,True,,0.987497212930552,729.0,2520012315.0,0.004438901706875442
Burkina Faso,BFA,854,2017,Exports,world_relative,0.9921586439064507,0.9926408338985434,0.4447047715391751,0.9999999999999999,0.0030176655109625107,2909328070.912,15912918159251.652,15910008831180.738,793,5687,0.0,0,0,True,,0.9885960073661356,793.0,2909328070.912,0.0035626365403150784
Burkina Faso,BFA,854,2018,Exports,world_relative,0.9914286240359953,0.9912899584260046,0.4353344253016502,1.0000000000000002,0.003567149560719121,3267574544.535,17639705152038.016,17636437577493.477,863,5667,0.0,0,0,True,,0.9904809038618236,863.0,3267574544.535,0.0009477201741716623
Burkina Faso,BFA,854,2019,Exports,world_relative,0.9910141684295761,0.9914857515917908,0.42634066842044877,0.9999999999999997,0.0036343202712838985,3261104826.826,17270046559346.42,17266785454519.594,802,5523,0.0,0,0,True,,0.989921083036868,802.0,3261104826.8259993,0.0010930853927081374
Burkina Faso,BFA,854,2020,Exports,world_relative,0.992169699485913,0.9934647649622452,0.44155518584100883,1.0,0.004231010692919255,4374627837.002001,16099571053208.256,16095196425371.254,810,5495,0.0,0,0,True,,0.9930197401966492,810.0,4374627837.002,-0.000850040710736133
Burkina Faso,BFA,854,2021,Exports,world_relative,0.9913462377147971,0.9931796669464064,0.40710450862713815,0.9999999999999999,0.004422457470312274,5060027958.961,20230697024887.18,20225636996928.22,824,5489,0.0,0,0,True,,0.992407646259079,824.0,5060027958.9609995,-0.0010614085442818277
Burkina Faso,BFA,854,2022,Exports,world_relative,0.989387788867383,0.9912305525705912,0.43203842446471935,0.9999999999999998,0.005022515972152963,4553373661.375001,22120815369208.133,22116261995546.758,898,5839,0.0,0,0,True,,0.9913846219749424,898.0,4553373661.375001,-0.0019968331075593815
Burkina Faso,BFA,854,2023,Exports,world_relative,0.9890352300301287,0.9913657310760443,0.4786227642109748,1.0,0.005427585676265374,4458540223.993,21325007050203.67,21320548509979.68,1051,5806,0.0,0,0,True,,0.9915041779186812,1051.0,4458540223.993001,-0.002468947888552453
Burkina Faso,BFA,854,2024,Exports,world_relative,0.9890088936301374,0.9910587001799224,0.5214100656748215,1.0000000000000002,0.006017238178332752,5642107004.335999,20562489519169.527,20556847412165.195,986,5800,0.0,0,0,True,,0.9928313556346332,986.0,5642107004.336,-0.0038224620044957636
Cambodia,KHM,116,2000,Exports,world_relative,0.9935486386887319,0.9885588184546533,0.3085682872230132,1.0,0.0003733095728833026,1388252075.0,5817244525651.065,5815856273576.065,699,5338,0.0,0,0,True,,0.9506407030278994,699.0,1388252075.0,0.04290793566083251
Cambodia,KHM,116,2001,Exports,world_relative,0.9955891585064107,0.9906743027218026,0.34664925771595057,1.0,0.0003127968206360593,1498325962.0,5632048942793.863,5630550616831.863,685,5274,0.0,0,0,True,,0.9618379376889636,685.0,1498325962.0,0.03375122081744708
Cambodia,KHM,116,2002,Exports,world_relative,0.995108501059629,0.9821145295483947,0.2861115087019451,1.0,0.000318793685875559,1922140217.0,5923913766916.5625,5921991626699.5625,710,5570,0.0,0,0,True,,0.963070545910552,710.0,1922140217.0,0.032037955149077035
Cambodia,KHM,116,2003,Exports,world_relative,0.9958832451331692,0.9849868320879038,0.3797235017135127,0.9999999999999998,0.00027865310488673213,2117334190.0,6921292294244.205,6919174960054.205,846,5579,0.0,0,0,True,,0.9710315881492436,846.0,2117334190.0,0.024851656983925552
Cambodia,KHM,116,2004,Exports,world_relative,0.9966670272048442,0.9858602183398971,0.31271720908271583,1.0,0.00024652677693990196,2795647372.0,8351471957607.767,8348676310235.767,751,5577,0.0,0,0,True,,0.9704891848669448,751.0,2795647372.0,0.026177842337899437
Cambodia,KHM,116,2005,Exports,world_relative,0.9968934529815803,0.9836847761139521,0.3421815585582709,1.0,0.0002416636802589754,3017539135.0,9463776638949.371,9460759099814.371,723,5541,0.0,0,0,True,,0.9711992402819056,723.0,3017539135.0,0.025694212699674646
Cambodia,KHM,116,2006,Exports,world_relative,0.9968969288928449,0.987908740328445,0.3157711909396978,1.0,0.0002403194663438915,3565299733.0,11029272427409.55,11025707127676.55,753,5520,0.0,0,0,True,,0.9727702269475288,753.0,3565299733.0,0.024126701945316076
Cambodia,KHM,116,2007,Exports,world_relative,0.9955013901548011,0.9824907016636695,0.28558945127415386,0.9999999999999999,0.0002471718927826309,3528740091.0,12696329386535.996,12692800646444.996,834,5784,0.0,0,0,True,,0.9610781781447322,834.0,3528740091.0,0.034423212010068927
Cambodia,KHM,116,2008,Exports,world_relative,0.9962349030699995,0.9804131816250004,0.3085519675401849,0.9999999999999999,0.00028073261005120514,4354293708.0,14679230251059.18,14674875957351.18,664,5668,0.0,0,0,True,,0.9666712882800436,664.0,4354293708.0,0.02956361478995595
Cambodia,KHM,116,2009,Exports,world_relative,0.9952424130580085,0.9804023716230443,0.3260468483787193,1.0,0.00044836224628500617,4980270478.0,11155952807789.14,11150972537311.14,735,5601,0.0,0,0,True,,0.973134038566474,735.0,4980270478.0,0.022108374491534577
Cambodia,KHM,116,2010,Exports,world_relative,0.9948796318557032,0.9753680803647353,0.3519632826883894,1.0,0.0003524220673941129,5586404359.0,13603195025663.61,13597608621304.61,807,5533,0.0,0,0,True,,0.9691061954378446,807.0,5586404359.0,0.025773436417858564
Cambodia,KHM,116,2011,Exports,world_relative,0.9939788497384042,0.9811204513842392,0.31706114524774726,1.0,0.00040173646277462226,6700875260.0,16465456215640.959,16458755340380.959,837,5430,0.0,0,0,True,,0.9672122712487936,837.0,6700875260.0,0.026766578489610615
Cambodia,KHM,116,2012,Exports,world_relative,0.9924755235610174,0.9683503412159131,0.3385924494782566,0.9999999999999999,0.00042409397897215877,5778775107.0,16687135437611.117,16681356662504.117,930,5738,0.0,0,0,True,,0.9614497649231356,930.0,5778775107.0,0.031025758637881817
Cambodia,KHM,116,2013,Exports,world_relative,0.9878612666597917,0.9718546143313224,0.3793647262788718,0.9999999999999998,0.0005535431759803517,6662797897.0,17314636337298.219,17307973539401.219,1017,5728,0.0,0,0,True,,0.95401341252427,1017.0,6662797897.0,0.033847854135521716
Cambodia,KHM,116,2014,Exports,world_relative,0.9923351650538883,0.9795715240613087,0.3579023399546616,1.0,0.0004837353398248802,6846019341.0,17180906869482.68,17174060850141.68,814,5695,0.0,0,0,True,,0.9548133679269816,814.0,6846019341.0,0.03752179712690673
Cambodia,KHM,116,2015,Exports,world_relative,0.9834492113906824,0.9503182572920172,0.5091108927374524,1.0,0.0006873717580817235,8538522412.0,14886939159151.531,14878400636739.531,1197,5604,0.0,0,0,True,,0.954186842821864,1197.0,8538522412.0,0.029262368568818475
Cambodia,KHM,116,2016,Exports,world_relative,0.9811712014011447,0.9586677134122595,0.4988209113845833,1.0,0.0009112848410775656,10065660503.0,14463507424510.889,14453441764007.889,1245,5573,0.0,0,0,True,,0.9515530946046128,1245.0,10065660503.0,0.029618106796531873
Cambodia,KHM,116,2017,Exports,world_relative,0.979445923381725,0.9585064595508608,0.5049805963361933,1.0000000000000002,0.0008237991137191466,11274803996.869999,15912918159251.652,15901643355254.781,1309,5687,0.0,0,0,True,,0.9455625073920446,1309.0,11274803996.87,0.033883415989680365
Cambodia,KHM,116,2018,Exports,world_relative,0.9787931177109048,0.9584971778951695,0.4540610562548458,1.0,0.0005621030714408766,12696562418.95,17639705152038.016,17627008589619.062,1259,5667,0.0,0,0,True,,0.9292394005389606,1259.0,12696562418.95,0.049553717171944234
Cambodia,KHM,116,2019,Exports,world_relative,0.9682828198209517,0.9535312054320509,0.4492919753899677,0.9999999999999999,0.0008733739808227204,14821919714.84,17270046559346.42,17255224639631.58,1331,5523,0.0,0,0,True,,0.918844783883163,1331.0,14821919714.84,0.049438035937788616
Cambodia,KHM,116,2020,Exports,world_relative,0.9542763014181657,0.9710925197914608,0.45854950988010484,1.0000000000000002,0.003620214986780033,17714781091.67,16099571053208.256,16081856272116.586,1334,5495,0.0,0,0,True,,0.9298838930555996,1334.0,17714781091.67,0.024392408362566065
Cambodia,KHM,116,2021,Exports,world_relative,0.9621528959103817,0.9367250247817209,0.4763867123550883,1.0,0.0007738054852571964,16946270875.49,20230697024887.18,20213750754011.69,1414,5489,0.0,0,0,True,,0.9181814137313908,1414.0,16946270875.49,0.04397148217899083
Cambodia,KHM,116,2022,Exports,world_relative,0.96089386805744,0.9414827987755988,0.4376201000540654,1.0,0.0008182141752605027,20574384990.579998,22120815369208.133,22100240984217.56,1350,5839,0.0,0,0,True,,0.915141973945722,1350.0,20574384990.58,0.04575189411171798
Cambodia,KHM,116,2023,Exports,world_relative,0.9532025982561365,0.9525053921853505,0.5446272941958249,1.0,0.001423385947023634,21673942382.612,21325007050203.67,21303333107821.062,1730,5806,0.0,0,0,True,,0.9342649569606538,1730.0,21673942382.612,0.0189376412954827
Cambodia,KHM,116,2024,Exports,world_relative,0.9569505554027045,0.9360856307347363,0.5878234345369158,0.9999999999999998,0.0009452177740221996,26662107525.473003,20562489519169.527,20535827411644.055,2013,5800,0.0,0,0,True,,0.9408193729763707,2013.0,26662107525.473003,0.016131182426333712
Canada,CAN,124,1989,Exports,world_relative,0.8121973926472514,0.8824993255812397,0.9541735210331007,0.9995046537555525,0.00457947476697835,113705321543.0,849811111830.0,736105790287.0,4577,5031,0.0004953462444473199,0,0,True,,0.9294760413904108,4577.0,113705321543.0,-0.11727864874315941
Canada,CAN,124,1990,Exports,world_relative,0.7971166127486994,0.8590782230196549,0.9624616522236609,1.0,0.004483068324582922,120996246795.0,964479726160.0,843483479365.0,4686,5035,0.0,0,0,True,,0.9301413391274792,4686.0,120996246795.0,-0.13302472637877982
Canada,CAN,124,1991,Exports,world_relative,0.7492190676202231,0.8507824786920477,0.9647819714415795,1.0,0.0053143665481988865,121052754695.0,1869438734616.0,1748385979921.0,4655,5035,0.0,0,0,True,,0.9298923148478008,4655.0,121052754695.0,-0.18067324722757772
Canada,CAN,124,1992,Exports,world_relative,0.7433480748163712,0.8575023920024955,0.9768931188447367,1.0,0.00497465923242962,128794860399.0,2374826502111.0,2246031641712.0,4657,5036,0.0,0,0,True,,0.9273067168469836,4657.0,128794860399.0,-0.1839586420306124
Canada,CAN,124,1993,Exports,world_relative,0.7494660983925275,0.8616430481401905,0.9766557255986943,1.0,0.0047050185361664715,138628584411.0,2718912702757.0,2580284118346.0,4676,5036,0.0,0,0,True,,0.92579150742215,4676.0,138628584411.0,-0.17632540902962246
Canada,CAN,124,1994,Exports,world_relative,0.7634622947469115,0.8701652730349162,0.9758827453150972,1.0,0.004026581054990464,158969527512.0,3636838351757.0,3477868824245.0,4708,5036,0.0,0,0,True,,0.9260995074528692,4708.0,158969527512.0,-0.16263721270595766
Canada,CAN,124,1995,Exports,world_relative,0.7513803596229782,0.8647411680398399,0.9753600864142995,1.0,0.0038979297630671026,183085442618.0,4343603232603.0,4160517789985.0,4719,5036,0.0,0,0,True,,0.9222113146074756,4719.0,183085442618.0,-0.1708309549844974
Canada,CAN,124,1996,Exports,world_relative,0.7303466094415382,0.8669278678947218,0.9529103945981923,0.9999999999999999,0.004508797489099972,193597506340.0,4650994076708.0,4457396570368.0,4798,5384,0.0,0,0,True,,0.9173577510766724,4798.0,193597506340.0,-0.18701114163513421
Canada,CAN,124,1997,Exports,world_relative,0.7292217658580117,0.8645151035824127,0.9690815343573737,1.0,0.004295190711777646,206480615456.0,4735993736441.0,4529513120985.0,4804,5377,0.0,0,0,True,,0.9161585522580796,4804.0,206480615456.0,-0.18693678640006794
Canada,CAN,124,1998,Exports,world_relative,0.7202906841565649,0.8604398518280506,0.960971963797116,1.0,0.0040397609547277915,202806867828.0,4800267515662.0,4597460647834.0,4792,5377,0.0,0,0,True,,0.9116905524262736,4792.0,202806867828.0,-0.19139986826970867
Canada,CAN,124,1999,Exports,world_relative,0.7270417460585158,0.8583058318931205,0.9726151891728961,1.0,0.004489846293517088,224346764651.0,5131446891996.0,4907100127345.0,4777,5363,0.0,0,0,True,,0.9158208692853504,4777.0,224346764651.0,-0.18877912322683466
Canada,CAN,124,2000,Exports,world_relative,0.7071005077353278,0.8387406983933946,0.9914208996560806,1.0,0.006288726005382481,261607675173.0,5817244525651.065,5555636850478.065,4798,5338,0.0,0,0,True,,0.9220728445476548,4798.0,261607675173.0,-0.21497233681232697
Canada,CAN,124,2001,Exports,world_relative,0.7075197214346293,0.8407106827868726,0.9886996989399756,1.0,0.005740263853369934,245217574496.0,5632048942793.863,5386831368297.863,4802,5274,0.0,0,0,True,,0.919186829317122,4802.0,245217574496.0,-0.21166710788249277
Canada,CAN,124,2002,Exports,world_relative,0.7066677767612806,0.853923947211176,0.9831840502821207,1.0,0.005811543076782969,236489045636.0,5923913766916.5625,5687424721280.5625,4914,5570,0.0,0,0,True,,0.9155118804325562,4914.0,236489045636.0,-0.2088441036712756
Canada,CAN,124,2003,Exports,world_relative,0.708366167710273,0.8595147212422996,0.9848154834154761,1.0,0.006303850261195861,257370724671.0,6921292294244.205,6663921569573.205,4949,5579,0.0,0,0,True,,0.9180489428986514,4949.0,257370724671.0,-0.2096827751883783
Canada,CAN,124,2004,Exports,world_relative,0.7079248145566287,0.8620251306827706,0.9877150899499587,1.0,0.006624060179464625,301760659227.0,8351471957607.767,8049711298380.767,4976,5577,0.0,0,0,True,,0.920201117342934,4976.0,301760659227.0,-0.21227630278630527
Canada,CAN,124,2005,Exports,world_relative,0.6947091631249022,0.8533417602300087,0.9902866872471413,1.0,0.008247043650609173,344329136031.0,9463776638949.371,9119447502918.371,4991,5541,0.0,0,0,True,,0.9228755621743708,4991.0,344329136031.0,-0.22816639904946867
Canada,CAN,124,2006,Exports,world_relative,0.672115947053241,0.8500527559216835,0.989809788285831,1.0,0.009987519683592594,371886140258.0,11029272427409.55,10657386287151.55,4991,5520,0.0,0,0,True,,0.9227459975928404,4991.0,371886140258.0,-0.2506300505395994
Canada,CAN,124,2007,Exports,world_relative,0.676721967001782,0.8632778226076586,0.9811731020867094,1.0,0.009531960314635407,403530317235.0,12696329386535.996,12292799069300.996,4828,5784,0.0,0,0,True,,0.9218284156233054,4828.0,403530317235.0,-0.24510644862152342
Canada,CAN,124,2008,Exports,world_relative,0.6559777343728218,0.8651177301726523,0.9901991932237373,1.0,0.015684784888995662,438909830073.0,14679230251059.18,14240320420986.18,4841,5668,0.0,0,0,True,,0.9266130606344732,4841.0,438909830073.0,-0.27063532626165143
Canada,CAN,124,2009,Exports,world_relative,0.6683369405475564,0.873858696069584,0.9942775297013752,1.0,0.01059865383667226,302163149678.0,11155952807789.14,10853789658111.14,4818,5601,0.0,0,0,True,,0.920110263227066,4818.0,302163149678.0,-0.2517733226795096
Canada,CAN,124,2010,Exports,world_relative,0.6788905824438942,0.8735733910092944,0.9844000609359709,1.0,0.012646514856093811,374645484918.0,13603195025663.61,13228549540745.61,4822,5533,0.0,0,0,True,,0.9270125199190618,4822.0,374645484918.0,-0.24812193747516753
Canada,CAN,124,2011,Exports,world_relative,0.667996380642693,0.8705905858996789,0.9927153420688277,1.0,0.01619851131999552,437377633360.0,16465456215640.959,16028078582280.959,4834,5430,0.0,0,0,True,,0.9302798778086538,4834.0,437377633360.0,-0.2622834971659609
Canada,CAN,124,2012,Exports,world_relative,0.6600386777759621,0.8699557042547568,0.9818971415580035,1.0,0.017277370920511098,440516112924.0,16687135437611.117,16246619324687.121,4952,5738,0.0,0,0,True,,0.9309467828659734,4952.0,440516112924.0,-0.2709081050900113
Canada,CAN,124,2013,Exports,world_relative,0.6591953544623514,0.8704246149664406,0.986969348992033,1.0,0.018282817377736477,441978572736.0,17314636337298.219,16872657764562.219,4903,5728,0.0,0,0,True,,0.9319644424941748,4903.0,441978572736.0,-0.2727690880318233
Canada,CAN,124,2014,Exports,world_relative,0.6818354771607616,0.8878880451285961,0.9933434984970566,1.0,0.016348079202223694,458183072309.0,17180906869482.68,16722723797173.68,4910,5695,0.0,0,0,True,,0.9326774019343153,4910.0,458183072309.0,-0.2508419247735536
Canada,CAN,124,2015,Exports,world_relative,0.6912637418036973,0.8846994288401897,0.9899466659171592,1.0,0.008836523904257333,385590087327.872,14886939159151.531,14501349071823.66,4873,5604,0.0,0,0,True,,0.924367775384664,4880.0,388551575319.734,-0.23310403358096665
Canada,CAN,124,2016,Exports,world_relative,0.6930297422898946,0.878262952498507,0.965987847441228,0.9999999999999998,0.007779361068376905,351522675382.23303,14463507424510.889,14111984749128.66,4472,5573,0.0,0,0,True,,0.9232743589831588,4472.0,351522675382.23303,-0.23024461669326424
Canada,CAN,124,2017,Exports,world_relative,0.6991956421008081,0.8894036514150335,0.979223120663614,1.0,0.007871466295353206,387680267990.206,15912918159251.652,15525237891261.445,4775,5687,0.0,0,0,True,,0.923942847294789,4775.0,387680267990.206,-0.22474720519398095
Canada,CAN,124,2018,Exports,world_relative,0.6859510625021175,0.8917449598717193,0.9934915250329713,1.0000000000000002,0.011009989778255963,429752267211.41797,17639705152038.016,17209952884826.592,4987,5667,0.0,0,0,True,,0.9261024033723038,4987.0,429752267211.418,-0.2401513408701863
Canada,CAN,124,2019,Exports,world_relative,0.6825480235406977,0.8922539295211788,0.9924570528565806,1.0,0.011156109056000788,423682078349.128,17270046559346.42,16846364480997.293,4958,5523,0.0,0,0,True,,0.9260809186544878,4958.0,423682078349.128,-0.24353289511379017
Canada,CAN,124,2020,Exports,world_relative,0.7044439933350607,0.8906929081066703,0.9948569552820201,1.0,0.007549015296052614,368149065783.256,16099571053208.256,15731421987425.0,4989,5495,0.0,0,0,True,,0.9234931085265315,4989.0,368149065783.256,-0.21904911519147086
Canada,CAN,124,2021,Exports,world_relative,0.709046301163196,0.9021383708239924,0.9959468816238668,1.0,0.009552988711363796,480170113135.737,20230697024887.18,19750526911751.445,5001,5489,0.0,0,0,True,,0.9277126422423831,5001.0,480170113135.737,-0.21866634107918714
Canada,CAN,124,2022,Exports,world_relative,0.6998738498250595,0.9029900259407097,0.993817047473176,0.9999999999999999,0.013474860904511134,578346048362.6641,22120815369208.133,21542469320845.473,5177,5839,0.0,0,0,True,,0.9323655195880196,5177.0,578346048362.664,-0.2324916697629601
Canada,CAN,124,2023,Exports,world_relative,0.6908269769890514,0.8999437511028205,0.9929381317597891,1.0,0.010973409826645249,545304170415.75806,21325007050203.67,20779702879787.914,5188,5806,0.0,0,0,True,,0.9288723519981116,5188.0,545304170415.758,-0.2380453750090602
Canada,CAN,124,2024,Exports,world_relative,0.702635652411745,0.9072200400197495,0.9871503266702836,0.9999999999999999,0.01015517097213078,529357830205.096,20562489519169.527,20033131688964.434,5162,5800,0.0,0,0,True,,0.9296626138016996,5162.0,529357830205.09607,-0.2270269613899546
China,CHN,156,1992,Exports,world_relative,0.8285641745722996,0.880392406351031,0.9632656947792512,1.0,0.0018627391958889769,84534863480.0,2374826502111.0,2290291638631.0,4776,5036,0.0,0,0,True,,0.8498427415408711,4776.0,84534863480.0,-0.021278566968571555
China,CHN,156,1993,Exports,world_relative,0.8078805248437244,0.8608717123998324,0.9573934021867943,1.0,0.0017669434276398337,91385344581.0,2718912702757.0,2627527358176.0,4806,5036,0.0,0,0,True,,0.8497867868474416,4806.0,91385344581.0,-0.041906262003717165
China,CHN,156,1994,Exports,world_relative,0.8042328635226372,0.8342413603813427,0.9694076443378353,1.0,0.0013171045282823713,120682229591.0,3636838351757.0,3516156122166.0,4871,5036,0.0,0,0,True,,0.8462744590808451,4871.0,120682229591.0,-0.042041595558207856
China,CHN,156,1995,Exports,world_relative,0.7908877292940921,0.816293139081934,0.9542968570272167,1.0,0.001336374475582029,148272166834.0,4343603232603.0,4195331065769.0,4737,5036,0.0,0,0,True,,0.8333802886974682,4737.0,148272166834.0,-0.04249255940337604
China,CHN,156,1996,Exports,world_relative,0.7844612597408336,0.8395139346935994,0.945866623945228,1.0,0.001612758975773657,150862613754.0,4650994076708.0,4500131462954.0,4927,5384,0.0,0,0,True,,0.8398104526871901,4927.0,150862613754.0,-0.05534919294635654
China,CHN,156,1997,Exports,world_relative,0.7726124393646755,0.8174319045695667,0.9706562187030552,1.0,0.0015495148876310356,182433721498.0,4735993736441.0,4553560014943.0,4961,5377,0.0,0,0,True,,0.8398094518483104,4961.0,182433721498.0,-0.06719701248363485
China,CHN,156,1998,Exports,world_relative,0.7719725538383406,0.8209622405066747,0.980503295150814,0.9999999999999998,0.001524931954077426,183808986940.0,4800267515662.0,4616458528722.0,4947,5377,0.0,0,0,True,,0.8408495073259037,4947.0,183808986940.0,-0.06887695348756306
China,CHN,156,1999,Exports,world_relative,0.7736206734811247,0.8125454210622072,0.9759257184051031,1.0,0.0015802043561961678,194756838566.0,5131446891996.0,4936690053430.0,4940,5363,0.0,0,0,True,,0.8457764755303219,4940.0,194756838566.0,-0.07215580204919714
China,CHN,156,2000,Exports,world_relative,0.7546765557866963,0.7858581447116073,0.9866140891842463,1.0,0.002352459749585023,248689015456.0,5817244525651.065,5568555510195.065,4946,5338,0.0,0,0,True,,0.8494464240035691,4946.0,248689015456.0,-0.09476986821687272
China,CHN,156,2001,Exports,world_relative,0.7486982888645157,0.8092414393793513,0.9867337165181715,1.0,0.002297448306850964,265524291049.0,5632048942793.863,5366524651744.863,4945,5274,0.0,0,0,True,,0.8492090978537237,4945.0,265524291049.0,-0.10051080898920794
China,CHN,156,2002,Exports,world_relative,0.7475023354213943,0.8305096382715437,0.9807295777048817,1.0,0.002405369872897526,324950329912.0,5923913766916.5625,5598963437004.5625,5037,5570,0.0,0,0,True,,0.8551421131274466,5037.0,324950329912.0,-0.10763977770605226
China,CHN,156,2003,Exports,world_relative,0.752527788307694,0.8364206708291076,0.9809599749309277,1.0,0.00248471857972285,437271032807.0,6921292294244.205,6484021261437.205,5033,5579,0.0,0,0,True,,0.8614053845319214,5033.0,437271032807.0,-0.10887759622422744
China,CHN,156,2004,Exports,world_relative,0.7478606216967395,0.8464740069870104,0.976820307628683,1.0,0.002632253972066238,592217353262.0,8351471957607.767,7759254604345.767,5010,5577,0.0,0,0,True,,0.8611582254619938,5010.0,592217353262.0,-0.11329760376525433
China,CHN,156,2005,Exports,world_relative,0.7422945722262587,0.8243974460509704,0.9822271543671283,1.0,0.002717629224892771,760348733521.0,9463776638949.371,8703427905428.371,5029,5541,0.0,0,0,True,,0.8600389262660462,5029.0,760348733521.0,-0.11774435403978745
China,CHN,156,2006,Exports,world_relative,0.7376839815821591,0.8202399854104481,0.9839601843041753,1.0,0.0027297267291835087,966623615691.0,11029272427409.55,10062648811718.55,5028,5520,0.0,0,0,True,,0.8569559884300808,5028.0,966623615691.0,-0.11927200684792172
China,CHN,156,2007,Exports,world_relative,0.7475632143005014,0.7833584679090729,0.9649879599125568,1.0,0.0018290343534962717,1204318303898.0,12696329386535.996,11492011082637.996,4647,5784,0.0,0,0,True,,0.8497725801979883,4708.0,1204838231733.0,-0.10220936589748686
China,CHN,156,2008,Exports,world_relative,0.7512662205507349,0.7625362596199841,0.9694337556744139,1.0,0.001898078627801349,1413558013922.0,14679230251059.18,13265672237137.18,4586,5668,0.0,0,0,True,,0.8446607512984028,4647.0,1414007235651.0,-0.0933945307476679
China,CHN,156,2009,Exports,world_relative,0.7419786171980051,0.7963834453620309,0.9584777626873924,1.0,0.002057868550251088,1182456882921.0,11155952807789.14,9973495924868.14,4585,5601,0.0,0,0,True,,0.8510113271058848,4786.0,1200018532746.0,-0.10903270990787972
China,CHN,156,2010,Exports,world_relative,0.7510926730493978,0.7989778059809309,0.960922291605536,1.0,0.002004594239465039,1553223886798.0,13603195025663.61,12049971138865.61,4625,5533,0.0,0,0,True,,0.8501089625797607,4785.0,1576296649897.0,-0.0990162895303629
China,CHN,156,2011,Exports,world_relative,0.7639613784900348,0.7916084296184642,0.9522723397321308,1.0,0.0018915541345279605,1867944405833.0,16465456215640.959,14597511809807.959,4663,5430,0.0,0,0,True,,0.8450757924270857,4780.0,1896046743673.0,-0.08111441393705099
China,CHN,156,2012,Exports,world_relative,0.7654045693949716,0.8022718572532521,0.9400410731597852,1.0,0.0020171131290669126,2024326817421.0,16687135437611.117,14662808620190.121,4793,5738,0.0,0,0,True,,0.8513455415192337,4679.0,2020609965598.0,-0.0859409721242621
China,CHN,156,2013,Exports,world_relative,0.7647728904636625,0.8126514310203228,0.9481990988363264,0.9999999999999998,0.0020366138294980814,2189015848513.0,17314636337298.219,15125620488785.219,4841,5728,0.0,0,0,True,,0.851243379238261,4642.0,2177482137106.0,-0.08647048877459851
China,CHN,156,2014,Exports,world_relative,0.7506270217375594,0.824937875540671,0.9544229054667115,1.0,0.002045189768184067,2329325993735.0,17180906869482.68,14851580875747.68,4873,5695,0.0,0,0,True,,0.8478495929091379,4882.0,2340026036444.0,-0.09722257117157851
China,CHN,156,2015,Exports,world_relative,0.7319812823812847,0.8128427159522021,0.9714442801177195,1.0,0.0021461005250975893,2239867990043.0,14886939159151.531,12647071169108.531,4646,5604,0.0,0,0,True,,0.8494484200254588,4861.0,2254370864805.0,-0.11746713764417416
China,CHN,156,2016,Exports,world_relative,0.7242821984263578,0.8153207668477366,0.9744082336987616,1.0,0.0021311709408826708,2063674856430.0,14463507424510.889,12399832568080.89,4750,5573,0.0,0,0,True,,0.8459979958354655,4871.0,2093080237905.0,-0.12171579740910776
China,CHN,156,2017,Exports,world_relative,0.7218560095437354,0.8162164275103642,0.9804059939956671,1.0000000000000002,0.002245974560095377,2258085450175.0,15912918159251.652,13654832709076.652,5001,5687,0.0,0,0,True,,0.8497006839876005,5001.0,2258085450175.0,-0.12784467444386505
China,CHN,156,2018,Exports,world_relative,0.7210018461376098,0.8167896473393089,0.990616679796098,1.0,0.0023856010983561646,2480902989218.0,17639705152038.016,15158802162820.012,4989,5667,0.0,0,0,True,,0.8492369441818468,4985.0,2478961501031.0,-0.12823509804423705
China,CHN,156,2019,Exports,world_relative,0.7236947578145313,0.8242461205028146,0.9642071866214144,1.0,0.0023830321636360828,2445444634751.0,17270046559346.42,14824601924595.42,4606,5523,0.0,0,0,True,,0.8500285948694337,5019.0,2480739941822.0,-0.12633383705490242
China,CHN,156,2020,Exports,world_relative,0.7166384566296174,0.822133788691703,0.9842247386654388,1.0,0.0024063848009383596,2563140987871.0,16099571053208.256,13536430065337.254,4971,5495,0.0,0,0,True,,0.8585923619739024,4968.0,2561788512786.0,-0.14195390534428498
China,CHN,156,2021,Exports,world_relative,0.7120161524178575,0.8072005018927294,0.9869752123316409,1.0,0.002329193413026224,3278791330991.0,20230697024887.18,16951905693896.182,4991,5489,0.0,0,0,True,,0.855000966819395,4991.0,3278791330991.0,-0.14298481440153743
China,CHN,156,2022,Exports,world_relative,0.7213526757664074,0.7930543435364026,0.9831460355815342,1.0,0.002163911767580727,3547664990805.0,22120815369208.133,18573150378403.133,5185,5839,0.0,0,0,True,,0.8477523141939736,5185.0,3547664990805.0,-0.12639963842756619
China,CHN,156,2023,Exports,world_relative,0.7029515354014435,0.7911844232002668,0.9897348775673447,1.0,0.0022577861272680385,3307679213785.0,21325007050203.67,18017327836418.67,5200,5806,0.0,0,0,True,,0.8488198218258396,5206.0,3310299093448.0,-0.1458682864243961
China,CHN,156,2024,Exports,world_relative,0.6973753262719858,0.7769987048659555,0.9889469481198571,1.0,0.002283905890011976,3479639306679.0,20562489519169.527,17082850212490.527,5227,5800,0.0,0,0,True,,0.8498748708596133,5227.0,3479639306679.0,-0.1524995445876275
"China, Hong Kong SAR",HKG,344,1993,Exports,world_relative,0.7718533777630492,0.8259012299596614,0.8936103207238858,1.0,0.001846400780658859,134537708361.0,2718912702757.0,2584374994396.0,4388,5036,0.0,0,0,True,,0.8760871309695648,4388.0,134537708361.0,-0.10423375320651562
"China, Hong Kong SAR",HKG,344,1994,Exports,world_relative,0.7687276389578002,0.83199372113478,0.905045914263496,0.9999999999999999,0.0017507806451324945,150580286363.0,3636838351757.0,3486258065394.0,4433,5036,0.0,0,0,True,,0.8767069996170318,4433.0,150580286363.0,-0.10797936065923164
"China, Hong Kong SAR",HKG,344,1995,Exports,world_relative,0.7693068149481184,0.8563321471387273,0.9133464612468047,1.0,0.001946253146064389,172913714771.0,4343603232603.0,4170689517832.0,4452,5036,0.0,0,0,True,,0.8775493745274696,4452.0,172913714771.0,-0.10824255957935125
"China, Hong Kong SAR",HKG,344,1996,Exports,world_relative,0.7824426068644316,0.8555743942301993,0.8775954136176636,1.0,0.0015743459091473438,179817760957.0,4650994076708.0,4471176315751.0,4519,5384,0.0,0,0,True,,0.875908698986861,4519.0,179817760957.0,-0.0934660921224294
"China, Hong Kong SAR",HKG,344,1997,Exports,world_relative,0.7738060770416749,0.8507344455131842,0.899048886854765,1.0,0.001823363376220973,187178702630.0,4735993736441.0,4548815033811.0,4553,5377,0.0,0,0,True,,0.8798751083421055,4553.0,187178702630.0,-0.10606903130043055
"China, Hong Kong SAR",HKG,344,1998,Exports,world_relative,0.7759686251372119,0.8533796241602573,0.9280238708485054,1.0,0.001961023341238018,174062579590.0,4800267515662.0,4626204936072.0,4540,5377,0.0,0,0,True,,0.8846923438954968,4540.0,174062579590.0,-0.1087237187582849
"China, Hong Kong SAR",HKG,344,1999,Exports,world_relative,0.7765506656614997,0.8579046631553284,0.905511003659716,1.0,0.002179920270149489,173884353867.0,5131446891996.0,4957562538129.0,4604,5363,0.0,0,0,True,,0.8883187576013216,4604.0,173884353867.0,-0.11176809193982196
"China, Hong Kong SAR",HKG,344,2000,Exports,world_relative,0.7718771336154407,0.8588484650036323,0.8921653193039126,1.0,0.0027046180208673155,202181244508.0,5817244525651.065,5615063281143.065,4609,5338,0.0,0,0,True,,0.8922507787741547,4634.0,202539967262.0,-0.12037364515871396
"China, Hong Kong SAR",HKG,344,2001,Exports,world_relative,0.7742979155479636,0.8666295214433575,0.8887724812916318,1.0,0.00271701296377842,190658981240.0,5632048942793.863,5441389961553.863,4563,5274,0.0,0,0,True,,0.8946694181536545,4588.0,190948781363.0,-0.12037150260569096
"China, Hong Kong SAR",HKG,344,2002,Exports,world_relative,0.7710128507450152,0.8744557832436672,0.8827915082334415,1.0,0.0030637091136231885,200452790083.0,5923913766916.5625,5723460976833.5625,4530,5570,0.0,0,0,True,,0.8980184279701162,4556.0,201713118578.0,-0.12700557722510097
"China, Hong Kong SAR",HKG,344,2003,Exports,world_relative,0.7746737001242568,0.8853770573615927,0.8789385394936072,1.0,0.0034159788740433707,227314698217.0,6921292294244.205,6693977596027.205,4479,5579,0.0,0,0,True,,0.9041510869856784,4494.0,228497088838.0,-0.12947738686142152
"China, Hong Kong SAR",HKG,344,2004,Exports,world_relative,0.7821536878436179,0.8916248067887125,0.8826467644497511,1.0,0.0034887141740679753,264492102073.0,8351471957607.767,8086979855534.767,4517,5577,0.0,0,0,True,,0.9080112744680228,4536.0,265327212723.0,-0.12585758662440483
"China, Hong Kong SAR",HKG,344,2005,Exports,world_relative,0.7964178775392653,0.9009409724417032,0.8654313392923966,0.9999999999999998,0.003456616789970911,290972671287.0,9463776638949.371,9172803967662.371,4490,5541,0.0,0,0,True,,0.9137433807421018,4557.0,291835027983.0,-0.11732550320283652
"China, Hong Kong SAR",HKG,344,2006,Exports,world_relative,0.8035293505073473,0.9028144325404218,0.8632508549580064,1.0,0.003428726649102326,321236329384.0,11029272427409.55,10708036098025.55,4503,5520,0.0,0,0,True,,0.918985170157438,4571.0,322353091405.0,-0.11545581965009066
"China, Hong Kong SAR",HKG,344,2007,Exports,world_relative,0.8062306509319445,0.8888293875264351,0.8484976434543775,0.9999999999999998,0.0025804181049005987,347495763491.0,12696329386535.996,12348833623044.996,4287,5784,0.0,0,0,True,,0.9197204866300536,4377.0,349041599624.0,-0.11348983569810911
"China, Hong Kong SAR",HKG,344,2008,Exports,world_relative,0.8173135233276422,0.8891996156501927,0.839666793335669,1.0,0.0025487168531574734,367452964437.0,14679230251059.18,14311777286622.18,4319,5668,0.0,0,0,True,,0.9253228824595232,4403.0,369850977134.0,-0.10800935913188103
"China, Hong Kong SAR",HKG,344,2009,Exports,world_relative,0.8046372372500777,0.8906217477915527,0.8688248717519765,1.0,0.003048957885205901,327437451942.0,11155952807789.14,10828515355847.14,4312,5601,0.0,0,0,True,,0.9313762204980708,4377.0,329026744828.0,-0.12673898324799304
"China, Hong Kong SAR",HKG,344,2010,Exports,world_relative,0.8033063571682267,0.892587010084861,0.8493868651260106,1.0,0.0030626511984952966,400252594532.0,13603195025663.61,13202942431131.61,4312,5533,0.0,0,0,True,,0.9309598075556303,4314.0,400252731786.0,-0.1276534503874036
"China, Hong Kong SAR",HKG,344,2011,Exports,world_relative,0.8166487336117552,0.9003778835675692,0.8377546067510784,1.0,0.0030698043801395086,455167784412.0,16465456215640.959,16010288431228.959,4337,5430,0.0,0,0,True,,0.9347520987389352,4337.0,455167784412.0,-0.11810336512718
"China, Hong Kong SAR",HKG,344,2012,Exports,world_relative,0.8145063567602097,0.9114075694213492,0.8372244572790166,1.0,0.00429752307274968,492373048378.0,16687135437611.117,16194762389233.117,4430,5738,0.0,0,0,True,,0.9417796548923584,4430.0,492373048378.0,-0.12727329813214872
"China, Hong Kong SAR",HKG,344,2013,Exports,world_relative,0.8216637400480009,0.9224074702404602,0.8392777558664671,0.9999999999999998,0.00497232378733357,534667398945.0,17314636337298.219,16779968938353.219,4386,5728,0.0,0,0,True,,0.9470682357838076,4386.0,534667398945.0,-0.1254044957358067
"China, Hong Kong SAR",HKG,344,2014,Exports,world_relative,0.8211197087777491,0.9093170732733742,0.8501223740814154,1.0000000000000002,0.004142007446850049,523448845637.0,17180906869482.68,16657458023845.68,4398,5695,0.0,0,0,True,,0.9467619879867863,4398.0,523448845637.0,-0.12564227920903726
"China, Hong Kong SAR",HKG,344,2015,Exports,world_relative,0.807845230215308,0.9035586902997544,0.8920150204237669,1.0,0.004774950170106761,509940800445.506,14886939159151.531,14376998358706.027,4373,5604,0.0,0,0,True,,0.9488969178009998,4239.0,507500843793.2301,-0.14105168758569187
"China, Hong Kong SAR",HKG,344,2016,Exports,world_relative,0.816040955600934,0.9102792540044556,0.8938140322817196,1.0000000000000002,0.005278834585411241,514023164754.2589,14463507424510.889,13949484259756.633,4284,5573,0.0,0,0,True,,0.9542498646488642,4170.0,512598880840.402,-0.13820890904793015
"China, Hong Kong SAR",HKG,344,2017,Exports,world_relative,0.8188513196273125,0.9075724942765628,0.8943657909240978,1.0000000000000002,0.0050967743849204775,549214176778.45795,15912918159251.652,15363703982473.193,4369,5687,0.0,0,0,True,,0.956916994350726,4369.0,549214176778.458,-0.13806567472341347
"China, Hong Kong SAR",HKG,344,2018,Exports,world_relative,0.8204386329562895,0.9051705669249076,0.8745568680152255,1.0000000000000002,0.005003317290578013,568518718864.6489,17639705152038.016,17071186433173.363,4350,5667,0.0,0,0,True,,0.958014124557343,4350.0,568518718864.649,-0.13757549160105353
"China, Hong Kong SAR",HKG,344,2019,Exports,world_relative,0.8194304991952706,0.9064277031943827,0.8772557889396333,1.0,0.00504751852341642,535054789415.07794,17270046559346.42,16734991769931.34,4301,5523,0.0,0,0,True,,0.9579648836954288,4301.0,535054789415.078,-0.1385343845001582
"China, Hong Kong SAR",HKG,344,2020,Exports,world_relative,0.8186900928063194,0.9052129477585934,0.8906513314648784,1.0,0.006273562750037407,550736682239.507,16099571053208.256,15548834370968.748,4203,5495,0.0,0,0,True,,0.9647137265353364,4203.0,550736682239.507,-0.14602363372901694
"China, Hong Kong SAR",HKG,344,2021,Exports,world_relative,0.8348499142630126,0.913452878739724,0.8901049893600479,1.0000000000000002,0.005810222122395935,669814024164.4819,20230697024887.18,19560883000722.7,4175,5489,0.0,0,0,True,,0.9669933264931844,4175.0,669814024164.482,-0.1321434122301718
"China, Hong Kong SAR",HKG,344,2022,Exports,world_relative,0.8572110639279742,0.9258444272714431,0.8663966832639959,1.0000000000000002,0.005782615810604021,609072715352.5659,22120815369208.133,21511742653855.57,4256,5839,0.0,0,0,True,,0.971146680343236,4256.0,609072715352.5659,-0.11393561641526184
"China, Hong Kong SAR",HKG,344,2023,Exports,world_relative,0.8553627411593991,0.9239232884875728,0.8748735202488558,0.9999999999999999,0.00585267293373257,574284768979.229,21325007050203.67,20750722281224.445,4249,5806,0.0,0,0,True,,0.9718637630710872,4249.0,574284768979.229,-0.1165010219116881
"China, Hong Kong SAR",HKG,344,2024,Exports,world_relative,0.8534969116339779,0.9238093149666577,0.8747004969509323,1.0,0.006504774752366002,638725748320.2859,20562489519169.527,19923763770849.242,4267,5800,0.0,0,0,True,,0.9737687167615704,4267.0,638725748320.286,-0.1202718051275925
Costa Rica,CRI,188,1994,Exports,world_relative,0.9684684317499025,0.9721517584442934,0.5205789564851517,0.9999999999999998,0.0009039876145789107,2103244077.0,3636838351757.0,3634735107680.0,1846,5036,0.0,0,0,True,,0.9531898712060564,1846.0,2103244077.0,0.015278560543846131
Costa Rica,CRI,188,1995,Exports,world_relative,0.9690734024787305,0.9733803621033813,0.5846676936916811,1.0,0.0008888492275092364,2574259611.0,4343603232603.0,4341028972992.0,2018,5036,0.0,0,0,True,,0.9570148968501684,2018.0,2574259611.0,0.012058505628562144
Costa Rica,CRI,188,1996,Exports,world_relative,0.9707088832936239,0.970529648270486,0.6267853196613515,1.0,0.0007839906244621451,2772331173.0,4650994076708.0,4648221745535.0,2228,5384,0.0,0,0,True,,0.9573361206446548,2228.0,2772331173.0,0.013372762648969139
Costa Rica,CRI,188,1997,Exports,world_relative,0.9533429167965874,0.9534567558950586,0.7183797293131888,0.9999999999999999,0.0009146550655539145,3878456142.0,4735993736441.0,4732115280299.0,2569,5377,0.0,0,0,True,,0.9481984440235548,2569.0,3878456142.0,0.005144472773032649
Costa Rica,CRI,188,1998,Exports,world_relative,0.9403370279687275,0.9608025551160235,0.7388224071675192,1.0,0.002998842447724275,5149929387.0,4800267515662.0,4795117586275.0,2701,5377,0.0,0,0,True,,0.9569759110648672,2701.0,5149929387.0,-0.0166388830961397
Costa Rica,CRI,188,1999,Exports,world_relative,0.9438691516648466,0.9736839900663516,0.7458550816976246,0.9999999999999999,0.0090933726546125,6282774147.0,5131446891996.0,5125164117849.0,2604,5363,0.0,0,0,True,,0.967740461971628,2604.0,6282774147.0,-0.023871310306781357
Costa Rica,CRI,188,2000,Exports,world_relative,0.9393123628576984,0.9676772099211478,0.7512359143974252,0.9999999999999999,0.007861756271229974,5486807674.0,5817244525651.065,5811757717977.065,2599,5338,0.0,0,0,True,,0.9644054674442416,2599.0,5486807674.0,-0.025093104586543236
Costa Rica,CRI,188,2001,Exports,world_relative,0.9289840660075979,0.9561744321178978,0.7647304339429313,1.0,0.004795973576482647,4715686965.0,5632048942793.863,5627333255828.863,2629,5274,0.0,0,0,True,,0.9559882471335812,2629.0,4715686965.0,-0.02700418112598335
Costa Rica,CRI,188,2002,Exports,world_relative,0.9395983663241343,0.9651107041890317,0.6632897012125163,1.0,0.004816847975628736,4949700640.0,5923913766916.5625,5918964066276.5625,2565,5570,0.0,0,0,True,,0.9563499446436554,2565.0,4949700640.0,-0.01675157831952112
Costa Rica,CRI,188,2003,Exports,world_relative,0.9347216795571525,0.9635895123478984,0.767749035124696,1.0,0.00581312412978253,5797653958.0,6921292294244.205,6915494640286.205,2697,5579,0.0,0,0,True,,0.9619436349168418,2697.0,5797653958.0,-0.027221955359689298
Costa Rica,CRI,188,2004,Exports,world_relative,0.9281794699001268,0.9505692864951171,0.7772390488800693,1.0,0.004638924781371845,5860189482.0,8351471957607.767,8345611768125.767,2759,5577,0.0,0,0,True,,0.9605477158880678,2759.0,5860189482.0,-0.03236824598794097
Costa Rica,CRI,188,2005,Exports,world_relative,0.9172087173248511,0.9415430469582791,0.7783784844797529,1.0,0.0042566299366096775,7150688311.0,9463776638949.371,9456625950638.371,2805,5541,0.0,0,0,True,,0.9553078564796962,2805.0,7150688311.0,-0.038099139154845085
Costa Rica,CRI,188,2006,Exports,world_relative,0.9239483633938745,0.9478417772677503,0.7910884415437744,1.0,0.004529436192927087,7254765615.0,11029272427409.55,11022017661794.55,2822,5520,0.0,0,0,True,,0.9599573706226532,2822.0,7254765615.0,-0.036009007228778644
Costa Rica,CRI,188,2007,Exports,world_relative,0.9359657928216906,0.9551040466920062,0.7046511143349632,0.9999999999999999,0.0033982491230997117,8674854345.0,12696329386535.996,12687654532190.996,2742,5784,0.0,0,0,True,,0.961182180659609,2742.0,8674854345.0,-0.025216387837918464
Costa Rica,CRI,188,2008,Exports,world_relative,0.9314286788154416,0.9464366621565969,0.8052810976649887,1.0,0.0030131273409858966,9744527664.0,14679230251059.18,14669485723395.18,2892,5668,0.0,0,0,True,,0.957441869516596,2892.0,9744527664.0,-0.026013190701154487
Costa Rica,CRI,188,2009,Exports,world_relative,0.92716645385898,0.9461528211328664,0.7648023722320176,1.0,0.003785878327080517,6543245412.0,11155952807789.14,11149409562377.14,2930,5601,0.0,0,0,True,,0.9609825608094842,2930.0,6543245412.0,-0.03381610695050419
Costa Rica,CRI,188,2010,Exports,world_relative,0.9274178038885725,0.9443069945483764,0.7540201737321721,1.0,0.0030031637344763665,9044781019.0,13603195025663.61,13594150244644.61,3073,5533,0.0,0,0,True,,0.9601927362573984,3073.0,9044781019.0,-0.03277493236882589
Costa Rica,CRI,188,2011,Exports,world_relative,0.9347523220635575,0.9546464641434247,0.8380718477133318,1.0,0.0027052843891344253,10222241143.0,16465456215640.959,16455233974497.959,3158,5430,0.0,0,0,True,,0.9600788314712392,3158.0,10222241143.0,-0.025326509407681663
Costa Rica,CRI,188,2012,Exports,world_relative,0.938270970543147,0.9615412931726459,0.7494060496471586,1.0,0.0026259107467437974,11250804023.0,16687135437611.117,16675884633588.117,3222,5738,0.0,0,0,True,,0.9580650399317876,3222.0,11250804023.0,-0.01979406938864059
Costa Rica,CRI,188,2013,Exports,world_relative,0.9401270354378191,0.9644597608464333,0.84271953028297,1.0,0.0029557964542460654,11472063626.0,17314636337298.219,17303164273672.219,3210,5728,0.0,0,0,True,,0.961740320708262,3210.0,11472063626.0,-0.021613285270442928
Costa Rica,CRI,188,2014,Exports,world_relative,0.9363157761132963,0.9550982029885742,0.7757316072154308,1.0,0.0024261027085032273,11242661393.0,17180906869482.68,17169664208089.68,3162,5695,0.0,0,0,True,,0.9604876761186772,3162.0,11242661393.0,-0.024171900005380942
Costa Rica,CRI,188,2015,Exports,world_relative,0.9411880747778278,0.924253414705028,0.8141061937560902,1.0,0.0012784568081604508,9578312856.0,14886939159151.531,14877360846295.531,3159,5604,0.0,0,0,True,,0.9578892174024344,3159.0,9578312856.0,-0.016701142624606535
Costa Rica,CRI,188,2016,Exports,world_relative,0.9490161999026565,0.9378214554117832,0.815451228124799,0.9999999999999999,0.0012412465741520038,9907873817.54,14463507424510.889,14453599550693.352,3106,5573,0.0,0,0,True,,0.9607954526730372,3106.0,9907873817.54,-0.011779252770380721
Costa Rica,CRI,188,2017,Exports,world_relative,0.9526689833116664,0.9386228125596864,0.7903584316472689,1.0,0.0011677534431171156,11121399397.346,15912918159251.652,15901796759854.305,3074,5687,0.0,0,0,True,,0.9626368812462812,3074.0,11121399397.346,-0.009967897934614833
Costa Rica,CRI,188,2018,Exports,world_relative,0.9515916041600341,0.9397972169427953,0.7891746802506957,1.0,0.0012485610140327125,11251781448.19,17639705152038.016,17628453370589.82,3088,5667,0.0,0,0,True,,0.9631914981966604,3088.0,11251781448.19,-0.011599894036626313
Costa Rica,CRI,188,2019,Exports,world_relative,0.9489983776497224,0.941634687481466,0.7912059210149385,1.0000000000000002,0.0013651857148182073,11451993076.869999,17270046559346.42,17258594566269.55,3237,5523,0.0,0,0,True,,0.9639795334377588,3237.0,11451993076.87,-0.014981155788036382
Costa Rica,CRI,188,2020,Exports,world_relative,0.948969001825417,0.9428428079057002,0.8024089314203301,1.0,0.0015678010897037702,11622755153.42,16099571053208.256,16087948298054.834,3135,5495,0.0,0,0,True,,0.9670338837934024,3135.0,11622755153.42,-0.01806488196798539
Costa Rica,CRI,188,2021,Exports,world_relative,0.953751353748965,0.9472407032777399,0.782996086001224,0.9999999999999999,0.0013407509903410246,14345395565.220001,20230697024887.18,20216351629321.96,3189,5489,0.0,0,0,True,,0.9676094497598896,3189.0,14345395565.22,-0.013858096010924581
Costa Rica,CRI,188,2022,Exports,world_relative,0.9554891240098656,0.9482095072623192,0.7693586943106621,1.0,0.0012647364614928429,15317492570.396,22120815369208.133,22105497876637.742,3204,5839,0.0,0,0,True,,0.967397836843058,3204.0,15317492570.396,-0.011908712833192392
Costa Rica,CRI,188,2023,Exports,world_relative,0.9542962474772266,0.9480663018955509,0.8469934779372135,1.0,0.00143571254728532,18105856668.663,21325007050203.67,21306901193535.008,3258,5806,0.0,0,0,True,,0.9696555181562224,3258.0,18105856668.663,-0.015359270678995784
Costa Rica,CRI,188,2024,Exports,world_relative,0.9534160262626598,0.9495307373855549,0.8051827874325788,0.9999999999999998,0.0016039983495263173,19880341333.983,20562489519169.527,20542609177835.547,3178,5800,0.0,0,0,True,,0.9701108938594324,3178.0,19880341333.983,-0.016694867596772633
Croatia,HRV,191,1992,Exports,world_relative,0.879656887555844,0.8890775126406896,0.8488294735662928,1.0,0.0012374892879829667,4579925566.0,2374826502111.0,2370246576545.0,3607,5036,0.0,0,0,True,,0.9072077232840878,3607.0,4579925566.0,-0.027550835728243794
Croatia,HRV,191,1993,Exports,world_relative,0.8862285758936909,0.8786334538947728,0.8351688318949239,0.9999999999999998,0.0009299771918052081,3902431643.0,2718912702757.0,2715010271114.0,3442,5036,0.0,0,0,True,,0.9082338489799155,3442.0,3902431643.0,-0.022005273086224686
Croatia,HRV,191,1994,Exports,world_relative,0.8789212312444199,0.897276880830446,0.8690711294282303,1.0,0.0010652326405241946,4259032131.0,3636838351757.0,3632579319626.0,3574,5036,0.0,0,0,True,,0.912955343342843,3574.0,4259032131.0,-0.03403411209842311
Croatia,HRV,191,1995,Exports,world_relative,0.8750204690873792,0.8742551929857191,0.8797859290344,1.0,0.00096994847609009,4630545876.0,4343603232603.0,4338972686727.0,3626,5036,0.0,0,0,True,,0.9098637546300844,3626.0,4630545876.0,-0.034843285542705216
Croatia,HRV,191,1996,Exports,world_relative,0.8760271947649649,0.8770771037604234,0.7947447995718944,1.0,0.0011280722580161446,4510190269.0,4650994076708.0,4646483886439.0,3670,5384,0.0,0,0,True,,0.9124195848226172,3670.0,4510190269.0,-0.03639239005765227
Croatia,HRV,191,1997,Exports,world_relative,0.8687575792499062,0.8727743268233042,0.8812713411119442,1.0,0.0012057178616015495,4338758651.0,4735993736441.0,4731654977790.0,3737,5377,0.0,0,0,True,,0.9084705785494304,3737.0,4338758651.0,-0.03971299929952421
Croatia,HRV,191,1998,Exports,world_relative,0.8768966138652702,0.896862021462245,0.8690602613105565,1.0,0.0011821279277181307,4538431443.0,4800267515662.0,4795729084219.0,3682,5377,0.0,0,0,True,,0.9153440222173754,3682.0,4538431443.0,-0.03844740835210525
Croatia,HRV,191,1999,Exports,world_relative,0.8857037738095076,0.8905684484392578,0.8903510015865248,1.0,0.0010921759758004417,4274991811.0,5131446891996.0,5127171900185.0,3540,5363,0.0,0,0,True,,0.9182449566305972,3540.0,4274991811.0,-0.03254118282108964
Croatia,HRV,191,2000,Exports,world_relative,0.8762431993926636,0.9260077689509161,0.9014926672783358,1.0,0.003006022650990253,4431597348.0,5817244525651.065,5812812928303.065,3591,5338,0.0,0,0,True,,0.9243427416791428,3591.0,4431597348.0,-0.04809954228647917
Croatia,HRV,191,2001,Exports,world_relative,0.8662290333212501,0.9154616496156998,0.9084043600169868,1.0,0.0028549695016606086,4665904226.0,5632048942793.863,5627383038567.863,3649,5274,0.0,0,0,True,,0.9248222023081518,3649.0,4665904226.0,-0.0585931689869017
Croatia,HRV,191,2002,Exports,world_relative,0.8586557033015626,0.888988889684522,0.9035154592508496,1.0,0.001727257776435194,4903584487.0,5923913766916.5625,5919010182429.5625,3848,5570,0.0,0,0,True,,0.91776006025846,3848.0,4903584487.0,-0.05910435695689742
Croatia,HRV,191,2003,Exports,world_relative,0.8523121582057838,0.8828936450937088,0.8537681499852033,1.0,0.001883148199035485,6186630195.0,6921292294244.205,6915105664049.205,3836,5579,0.0,0,0,True,,0.9172334456718572,3836.0,6186630195.0,-0.0649212874660734
Croatia,HRV,191,2004,Exports,world_relative,0.851911948648052,0.8834997829860451,0.9132659035256742,0.9999999999999999,0.002166614786982322,8024156751.0,8351471957607.767,8343447800856.767,3906,5577,0.0,0,0,True,,0.920399994694455,3906.0,8024156751.0,-0.06848804604640302
Croatia,HRV,191,2005,Exports,world_relative,0.8383773041632591,0.8926959454285032,0.8490650459656872,1.0,0.002760046400367088,8772552653.0,9463776638949.371,9455004086296.371,3908,5541,0.0,0,0,True,,0.9198490853860596,3908.0,8772552653.0,-0.08147178122280052
Croatia,HRV,191,2006,Exports,world_relative,0.838281739644802,0.8927925089798286,0.9223690695139654,1.0,0.003107330157304253,10376964369.0,11029272427409.55,11018895463040.55,3891,5520,0.0,0,0,True,,0.9231902245281628,3891.0,10376964369.0,-0.08490848488336078
Croatia,HRV,191,2007,Exports,world_relative,0.8212754638541143,0.891474980416399,0.8513577686932492,1.0,0.003037934059588724,12360221564.0,12696329386535.996,12683969164971.996,3889,5784,0.0,0,0,True,,0.915624649280413,3889.0,12360221564.0,-0.09434918542629867
Croatia,HRV,191,2008,Exports,world_relative,0.8153455549849249,0.8850805247330594,0.8443749141537825,1.0,0.003648430088337205,14123674785.0,14679230251059.18,14665106576274.18,3930,5668,0.0,0,0,True,,0.9160386068102436,3930.0,14123674785.0,-0.10069305182531874
Croatia,HRV,191,2009,Exports,world_relative,0.8118577077545287,0.8792589377834862,0.8654284846374424,1.0,0.003341969987228922,10491835496.0,11155952807789.14,11145460972293.14,3837,5601,0.0,0,0,True,,0.9161073601195604,3837.0,10491835496.0,-0.1042496523650317
Croatia,HRV,191,2010,Exports,world_relative,0.8304783771084776,0.8930303914475294,0.8522983928498122,1.0,0.003624338143994267,11810676241.0,13603195025663.61,13591384349422.61,3829,5533,0.0,0,0,True,,0.9224692243023348,3829.0,11810676241.0,-0.0919908471938572
Croatia,HRV,191,2011,Exports,world_relative,0.8369469170674784,0.8986921734601,0.840966318860108,1.0,0.0038109934012932516,13364022440.0,16465456215640.959,16452092193200.959,3798,5430,0.0,0,0,True,,0.9210433775313922,3798.0,13364022440.0,-0.08409646046391384
Croatia,HRV,191,2012,Exports,world_relative,0.841668150636109,0.9023624924119371,0.9235388157576383,1.0,0.003881949622665924,12368983411.0,16687135437611.117,16674766454200.117,4002,5738,0.0,0,0,True,,0.9258605825265072,4002.0,12368983411.0,-0.08419243189039816
Croatia,HRV,191,2013,Exports,world_relative,0.8200270074127151,0.8932141535660714,0.9286465689504366,1.0,0.0038790285678749386,12669295872.0,17314636337298.219,17301967041426.219,4112,5728,0.0,0,0,True,,0.9156559229350074,4112.0,12669295872.0,-0.09562891552229236
Croatia,HRV,191,2014,Exports,world_relative,0.805170936333332,0.8818396358738535,0.9304603994139697,1.0,0.0034644863267229813,13757715235.0,17180906869482.68,17167149154247.68,4192,5695,0.0,0,0,True,,0.9081944496502758,4192.0,13757715235.0,-0.10302351331694382
Croatia,HRV,191,2015,Exports,world_relative,0.791401068155845,0.8550277591121856,0.8966254534846116,1.0,0.0026277601445297816,12797762709.0,14886939159151.531,14874141396442.531,4258,5604,0.0,0,0,True,,0.9060654748296608,4258.0,12797762709.0,-0.11466440667381583
Croatia,HRV,191,2016,Exports,world_relative,0.7831001413935923,0.852571401055021,0.9342487232816646,1.0,0.0025711774998460665,13617352110.0,14463507424510.889,14449890072400.889,4297,5573,0.0,0,0,True,,0.9044117692183158,4297.0,13617352110.0,-0.12131162782472349
Croatia,HRV,191,2017,Exports,world_relative,0.7824444760503054,0.866331299965908,0.9386696224532131,1.0,0.0028576800199979994,15741606020.0,15912918159251.652,15897176553231.652,4369,5687,0.0,0,0,True,,0.9062770452319298,4369.0,15741606020.0,-0.12383256918162433
Croatia,HRV,191,2018,Exports,world_relative,0.7729034716593974,0.8730555211769595,0.9491192888377815,1.0,0.0031618819892724934,17142380091.0,17639705152038.016,17622562771947.016,4417,5667,0.0,0,0,True,,0.9019263606302363,4417.0,17142380091.0,-0.1290228889708389
Croatia,HRV,191,2019,Exports,world_relative,0.765777073497152,0.839079466492149,0.9439296094181479,1.0,0.0032844713676886735,17001581239.0,17270046559346.42,17253044978107.42,4395,5523,0.0,0,0,True,,0.90200944133523,4395.0,17001581239.0,-0.13623236783807802
Croatia,HRV,191,2020,Exports,world_relative,0.7472796629316429,0.8402489552269896,0.9406001517453515,1.0,0.0036616826914838262,16927961364.0,16099571053208.256,16082643091844.256,4350,5495,0.0,0,0,True,,0.9014095238462544,4350.0,16927961364.0,-0.15412986091461145
Croatia,HRV,191,2021,Exports,world_relative,0.7533244913992443,0.8469979034191882,0.9432778939787217,1.0,0.004158182144129325,21807213646.0,20230697024887.18,20208889811241.18,4393,5489,0.0,0,0,True,,0.9034820565807212,4393.0,21807213646.0,-0.15015756518147694
Croatia,HRV,191,2022,Exports,world_relative,0.7637744793698565,0.8448193981018355,0.9472855993864738,1.0,0.0045079911967956495,25327276976.0,22120815369208.133,22095488092232.133,4522,5839,0.0,0,0,True,,0.9092868156909522,4522.0,25327276976.0,-0.14551233632109561
Croatia,HRV,191,2023,Exports,world_relative,0.7611822319785958,0.8273773775266713,0.9495514917304566,1.0,0.0032100461844973664,24620051032.0,21325007050203.67,21300386999171.67,4541,5806,0.0,0,0,True,,0.901298481359688,4541.0,24620051032.0,-0.14011624938109224
Croatia,HRV,191,2024,Exports,world_relative,0.7457803234930933,0.8441046687730311,0.9574567279246562,1.0,0.003976485995867898,25955346807.0,20562489519169.527,20536534172362.527,4524,5800,0.0,0,0,True,,0.9038379389081974,4524.0,25955346807.0,-0.1580576154151041
Czech Republic,CZE,203,1993,Exports,world_relative,0.8015030583247331,0.8208254582930287,0.9313657212323622,1.0,0.0011313277726496813,12670584080.0,2718912702757.0,2706242118677.0,4599,5036,0.0,0,0,True,,0.8489857054069754,4599.0,12670584080.0,-0.04748264708224226
Czech Republic,CZE,203,1994,Exports,world_relative,0.7683327105516962,0.7984269747426199,0.9419264607051445,1.0,0.001139783951195729,13830533502.0,3636838351757.0,3623007818255.0,4621,5036,0.0,0,0,True,,0.8413952971425036,4621.0,13830533502.0,-0.07306258659080744
Czech Republic,CZE,203,1995,Exports,world_relative,0.7349361981242662,0.7712875353337201,0.953202745044724,1.0,0.001154112179313192,21350309129.0,4343603232603.0,4322252923474.0,4680,5036,0.0,0,0,True,,0.8257996673113586,4680.0,21350309129.0,-0.09086346918709232
Czech Republic,CZE,203,1996,Exports,world_relative,0.7321580963180797,0.7930496181697383,0.9512174653706252,0.9999999999999999,0.0013487716845275335,21907320092.0,4650994076708.0,4629086756616.0,4745,5384,0.0,0,0,True,,0.8369231425805876,4745.0,21907320092.0,-0.10476504626250793
Czech Republic,CZE,203,1998,Exports,world_relative,0.7051031046103418,0.8267625829920062,0.9772893921832515,1.0,0.0021668724297491614,28305768250.0,4800267515662.0,4771961747412.0,4781,5377,0.0,0,0,True,,0.8539270016067164,4781.0,28305768250.0,-0.14882389699637466
Czech Republic,CZE,203,1999,Exports,world_relative,0.715259166519063,0.8344494646276198,0.9758197795410597,1.0,0.002289084534210056,26842601535.0,5131446891996.0,5104604290461.0,4792,5363,0.0,0,0,True,,0.8578658125356309,4792.0,26842601535.0,-0.14260664601656792
Czech Republic,CZE,203,2000,Exports,world_relative,0.7307724980159555,0.8066661440515476,0.9860855254509562,1.0,0.00221258514307726,29052867457.0,5817244525651.065,5788191658194.065,4793,5338,0.0,0,0,True,,0.8623690246990838,4793.0,29052867457.0,-0.13159652668312838
Czech Republic,CZE,203,2001,Exports,world_relative,0.7213715599610074,0.8070106172821385,0.9825994365140255,1.0,0.0023918101670212686,33384211016.0,5632048942793.863,5598664731777.863,4801,5274,0.0,0,0,True,,0.8685514131531764,4801.0,33384211016.0,-0.14717985319216897
Czech Republic,CZE,203,2002,Exports,world_relative,0.7212128982052368,0.8282786673101856,0.9788549868707785,1.0,0.002898426030488032,44228645049.0,5923913766916.5625,5879685121867.5625,4805,5570,0.0,0,0,True,,0.8843309480104671,4805.0,44228645049.0,-0.16311804980523026
Czech Republic,CZE,203,2003,Exports,world_relative,0.7260889037247956,0.8043352816306872,0.975557969576579,1.0,0.002284351360351145,48720350334.0,6921292294244.205,6872571943910.205,4821,5579,0.0,0,0,True,,0.8776826929449375,4821.0,48720350334.0,-0.15159378922014188
Czech Republic,CZE,203,2004,Exports,world_relative,0.7169053543867133,0.7996018725487344,0.9785856520300059,1.0,0.002255788232184853,65748527548.0,8351471957607.767,8285723430059.767,4858,5577,0.0,0,0,True,,0.8805035468774156,4858.0,65748527548.0,-0.1635981924907023
Czech Republic,CZE,203,2005,Exports,world_relative,0.7136521002160885,0.7963061030551204,0.9699034231762111,0.9999999999999999,0.002329390903745079,76773849308.0,9463776638949.371,9387002789641.371,4840,5541,0.0,0,0,True,,0.8822141407143644,4840.0,76773849308.0,-0.16856204049827594
Czech Republic,CZE,203,2006,Exports,world_relative,0.7152509488848539,0.7877051551147318,0.9679941868051356,1.0,0.0022993993134446493,93452159315.0,11029272427409.55,10935820268094.55,4858,5520,0.0,0,0,True,,0.8870638656336611,4858.0,93452159315.0,-0.17181291674880728
Czech Republic,CZE,203,2007,Exports,world_relative,0.7029310579547229,0.7869314494310022,0.9760802008822176,0.9999999999999999,0.0020530486686415536,120829518140.0,12696329386535.996,12575499868395.996,4717,5784,0.0,0,0,True,,0.8848096867380315,4717.0,120829518140.0,-0.18187862878330863
Czech Republic,CZE,203,2008,Exports,world_relative,0.7053724418017829,0.7716224053318455,0.9773611220760634,1.0,0.002054326530342501,142485187697.0,14679230251059.18,14536745063362.18,4732,5668,0.0,0,0,True,,0.8864167509920347,4732.0,142485187697.0,-0.18104430919025172
Czech Republic,CZE,203,2009,Exports,world_relative,0.6978343573523678,0.7710794731294125,0.9788775287854223,1.0,0.0022157449055775933,110566391425.0,11155952807789.14,11045386416364.14,4731,5601,0.0,0,0,True,,0.891574297538626,4731.0,110566391425.0,-0.19373994018625829
Czech Republic,CZE,203,2010,Exports,world_relative,0.7029612270530048,0.7784649342111022,0.9716590785613575,1.0,0.0024047182055402447,128907044367.0,13603195025663.61,13474287981296.61,4723,5533,0.0,0,0,True,,0.8962368761951216,4723.0,128907044367.0,-0.1932756491421168
Czech Republic,CZE,203,2011,Exports,world_relative,0.7059247469613354,0.790735046567566,0.9700531024252659,1.0,0.0024339652679998946,162272772874.0,16465456215640.959,16303183442766.959,4735,5430,0.0,0,0,True,,0.8942188914527429,4735.0,162272772874.0,-0.18829414449140747
Czech Republic,CZE,203,2012,Exports,world_relative,0.7099606548709613,0.7990011311591354,0.9698619808125353,1.0,0.0023749664570488827,156303113821.0,16687135437611.117,16530832323790.121,4867,5738,0.0,0,0,True,,0.8957620550465974,4867.0,156303113821.0,-0.18580140017563618
Czech Republic,CZE,203,2013,Exports,world_relative,0.7078889153313204,0.7895414117041004,0.98844134661804,1.0,0.002329283642972846,161375056403.0,17314636337298.219,17153261280895.219,4889,5728,0.0,0,0,True,,0.8932844504440369,4889.0,161375056403.0,-0.18539553511271656
Czech Republic,CZE,203,2014,Exports,world_relative,0.6980490030550022,0.7978086142192247,0.9746162393837345,1.0,0.002519600699835513,174116045879.0,17180906869482.68,17006790823603.68,4837,5695,0.0,0,0,True,,0.8955281204500469,4837.0,174116045879.0,-0.19747911739504476
Czech Republic,CZE,203,2015,Exports,world_relative,0.6817062854754943,0.7964938091437841,0.9811197585842997,1.0,0.002764130559474882,157020602597.0,14886939159151.531,14729918556554.531,4862,5604,0.0,0,0,True,,0.898623120024939,4862.0,157020602597.0,-0.21691683454944477
Czech Republic,CZE,203,2016,Exports,world_relative,0.6777090802841347,0.806049477990615,0.9743035493418689,1.0,0.002804330880594487,161889377880.0,14463507424510.889,14301618046630.89,4876,5573,0.0,0,0,True,,0.8979229717504533,4876.0,161889377880.0,-0.22021389146631865
Czech Republic,CZE,203,2017,Exports,world_relative,0.6873806226651714,0.811526744141786,0.9873043198997469,1.0,0.0027830688295741287,180249072787.0,15912918159251.652,15732669086464.652,4881,5687,0.0,0,0,True,,0.8985636347790731,4952.0,181050854885.0,-0.21118301211390167
Czech Republic,CZE,203,2018,Exports,world_relative,0.6956057729082908,0.821986479490353,0.9848985293062793,1.0,0.002805651613259655,202207872441.0,17639705152038.016,17437497279597.012,4984,5667,0.0,0,0,True,,0.9006811360414753,4984.0,202207872441.0,-0.20507536313318442
Czech Republic,CZE,203,2019,Exports,world_relative,0.6952468596247734,0.8216434998138966,0.9606824366332549,1.0,0.002919705679558,196948179636.0,17270046559346.42,17073098379710.42,4526,5523,0.0,0,0,True,,0.8969700725314154,4531.0,196961872223.0,-0.20172321290664197
Czech Republic,CZE,203,2020,Exports,world_relative,0.6820766875414482,0.8133704263195788,0.9736625348229724,1.0,0.002879184719353567,190286519031.0,16099571053208.256,15909284534177.256,4715,5495,0.0,0,0,True,,0.901814551190442,4992.0,192006755776.0,-0.21973786364899373
Czech Republic,CZE,203,2021,Exports,world_relative,0.6856479207348131,0.7970320419355219,0.9616542693635177,1.0,0.0024742771724742263,224249261144.0,20230697024887.18,20006447763743.18,4635,5489,0.0,0,0,True,,0.8949179850138091,4635.0,224249261144.0,-0.20927006427899608
Czech Republic,CZE,203,2022,Exports,world_relative,0.693033638771383,0.8094041904344432,0.9900854597133524,1.0,0.002587927613588458,240515385007.0,22120815369208.133,21880299984201.133,5146,5839,0.0,0,0,True,,0.9016177106044004,5156.0,240701974768.0,-0.20858407183301741
Czech Republic,CZE,203,2023,Exports,world_relative,0.6838746428782302,0.8156707614596757,0.9841540059328641,1.0,0.0027956373125295033,252803463236.0,21325007050203.67,21072203586967.67,5175,5806,0.0,0,0,True,,0.9057143685927372,5175.0,252803463236.0,-0.22183972571450705
Czech Republic,CZE,203,2024,Exports,world_relative,0.6812436622505562,0.8177766329788222,0.9829074501774928,1.0,0.0028815158493940766,258705155452.0,20562489519169.527,20303784363717.527,5152,5800,0.0,0,0,True,,0.907533293923838,5152.0,258705155452.0,-0.22628963167328175
Denmark,DNK,208,1989,Exports,world_relative,0.8576006392540235,0.8123956575961284,0.9371178773210839,1.0,0.001076549683049427,26619904906.0,849811111830.0,823191206924.0,4407,5033,0.0,0,0,True,,0.884271576550592,4407.0,26619904906.0,-0.026670937296568442
Denmark,DNK,208,1990,Exports,world_relative,0.8514946411604032,0.8214926040149965,0.9337804272407241,1.0,0.0013840295795459335,33220404310.0,964479726160.0,931259321850.0,4442,5035,0.0,0,0,True,,0.8871589182795714,4442.0,33220404310.0,-0.0356642771191682
Denmark,DNK,208,1991,Exports,world_relative,0.8133435470677055,0.811897992941103,0.9470932840910101,1.0,0.001778584122289322,33864415279.0,1869438734616.0,1835574319337.0,4410,5035,0.0,0,0,True,,0.88804972661899,4410.0,33864415279.0,-0.07470617955128445
Denmark,DNK,208,1992,Exports,world_relative,0.7938378251374147,0.8028311270734605,0.9424088864231849,1.0,0.001735094791096483,37558717864.0,2374826502111.0,2337267784247.0,4415,5036,0.0,0,0,True,,0.8882281536651018,4415.0,37558717864.0,-0.09439032852768703
Denmark,DNK,208,1993,Exports,world_relative,0.8028807367222741,0.7883180610458603,0.9386868437592406,1.0,0.0014476919702328902,33571743070.0,2718912702757.0,2685340959687.0,4435,5036,0.0,0,0,True,,0.8899698152513982,4435.0,33571743070.0,-0.08708907852912406
Denmark,DNK,208,1994,Exports,world_relative,0.7888206658697811,0.7799853089899638,0.9478146426249043,1.0,0.0013688950306007587,37226314135.0,3636838351757.0,3599612037622.0,4393,5036,0.0,0,0,True,,0.8884167577506783,4393.0,37226314135.0,-0.09959609188089724
Denmark,DNK,208,1995,Exports,world_relative,0.7872796085973987,0.7994525417560857,0.9486406400665058,0.9999999999999999,0.0014285157709102683,44145801651.0,4343603232603.0,4299457430952.0,4341,5036,0.0,0,0,True,,0.886034281767426,4341.0,44145801651.0,-0.0987546731700274
Denmark,DNK,208,1996,Exports,world_relative,0.7903165159262908,0.8169989315740595,0.9166149091509871,1.0,0.0016397063955821078,44316000689.0,4650994076708.0,4606678076019.0,4419,5384,0.0,0,0,True,,0.888003524809396,4419.0,44316000689.0,-0.09768700888310522
Denmark,DNK,208,1998,Exports,world_relative,0.761157355487087,0.7933004985639666,0.9395904576588165,1.0,0.0017022753790615851,44868049390.0,4800267515662.0,4755399466272.0,4397,5377,0.0,0,0,True,,0.873952444488064,4397.0,44868049390.0,-0.11279508900097701
Denmark,DNK,208,1999,Exports,world_relative,0.7495921442013248,0.8164511157439343,0.9392240316074736,0.9999999999999998,0.0022967726591379264,46208756210.0,5131446891996.0,5085238135786.0,4463,5363,0.0,0,0,True,,0.8780948069511438,4463.0,46208756210.0,-0.12850266274981903
Denmark,DNK,208,2000,Exports,world_relative,0.7314090428217505,0.8460372825515781,0.9535562653358785,1.0,0.004594930147684892,46368294680.0,5817244525651.065,5770876230971.065,4488,5338,0.0,0,0,True,,0.8827433205467146,4488.0,46368294680.0,-0.1513342777249641
Denmark,DNK,208,2001,Exports,world_relative,0.7350556676290041,0.8357822566268187,0.9570973690538298,1.0,0.003915163025697459,48208804622.0,5632048942793.863,5583840138171.863,4518,5274,0.0,0,0,True,,0.8833112665969647,4518.0,48208804622.0,-0.1482555989679606
Denmark,DNK,208,2002,Exports,world_relative,0.7270147112223874,0.8388093118056441,0.961986135208249,1.0,0.004186636551615796,53470980997.0,5923913766916.5625,5870442785919.5625,4772,5570,0.0,0,0,True,,0.8931621660138938,4772.0,53470980997.0,-0.1661474547915064
Denmark,DNK,208,2003,Exports,world_relative,0.7284724594184854,0.8420171924328181,0.9612002547242396,1.0,0.004170280153093571,62198988404.0,6921292294244.205,6859093305840.205,4802,5579,0.0,0,0,True,,0.8926253960195281,4802.0,62198988404.0,-0.1641529366010427
Denmark,DNK,208,2004,Exports,world_relative,0.7255582870729536,0.8528203658419385,0.9612050791863399,1.0,0.004832311949514376,72000107729.0,8351471957607.767,8279471849878.767,4785,5577,0.0,0,0,True,,0.8963246717882378,4785.0,72000107729.0,-0.17076638471528427
Denmark,DNK,208,2005,Exports,world_relative,0.7254538712563068,0.8600852057045265,0.9569897548760798,1.0,0.006368385940594533,77467262261.0,9463776638949.371,9386309376688.371,4750,5541,0.0,0,0,True,,0.8988591275708546,4750.0,77467262261.0,-0.17340525631454784
Denmark,DNK,208,2006,Exports,world_relative,0.7199220640848851,0.85042365039659,0.9590756332943178,1.0,0.006792726818156721,85647455199.0,11029272427409.55,10943624972210.55,4793,5520,0.0,0,0,True,,0.8973791673618794,4793.0,85647455199.0,-0.17745710327699427
Denmark,DNK,208,2007,Exports,world_relative,0.7234841580600548,0.849104156717813,0.9458703321197285,1.0,0.005313781527148979,96511559509.0,12696329386535.996,12599817827026.996,4660,5784,0.0,0,0,True,,0.8888871273422247,4660.0,96511559509.0,-0.1654029692821699
Denmark,DNK,208,2008,Exports,world_relative,0.7238182342326516,0.8381849801245587,0.9536173687364925,1.0,0.006980323268391317,109321773308.0,14679230251059.18,14569908477751.18,4643,5668,0.0,0,0,True,,0.8925650564672576,4643.0,109321773308.0,-0.16874682223460602
Denmark,DNK,208,2009,Exports,world_relative,0.7241538452392492,0.8380152135481581,0.9565192020387276,1.0,0.004840334685041234,87429698555.0,11155952807789.14,11068523109234.14,4595,5601,0.0,0,0,True,,0.8908104278709013,4595.0,87429698555.0,-0.16665658263165206
Denmark,DNK,208,2010,Exports,world_relative,0.7249444625231365,0.839922103210213,0.9506152390610179,1.0,0.00558541058388184,88053416664.0,13603195025663.61,13515141608999.61,4574,5533,0.0,0,0,True,,0.8880510186450661,4574.0,88053416664.0,-0.1631065561219296
Denmark,DNK,208,2011,Exports,world_relative,0.7173555731146403,0.8375520309124744,0.9476448757300207,1.0,0.006798957208460464,103324360721.0,16465456215640.959,16362131854919.959,4588,5430,0.0,0,0,True,,0.8892566386064349,4588.0,103324360721.0,-0.17190106549179462
Denmark,DNK,208,2012,Exports,world_relative,0.7275941430197049,0.832606838420368,0.9453576875483751,1.0,0.006629098846551907,96014629212.0,16687135437611.117,16591120808399.117,4715,5738,0.0,0,0,True,,0.8898096762955272,4715.0,96014629212.0,-0.16221553327582228
Denmark,DNK,208,2013,Exports,world_relative,0.7278747572473414,0.8302417121184317,0.9470190050537294,1.0,0.006474878616766697,99853421529.0,17314636337298.219,17214782915769.219,4704,5728,0.0,0,0,True,,0.8908418703395251,4704.0,99853421529.0,-0.1629671130921837
Denmark,DNK,208,2014,Exports,world_relative,0.7308916591779411,0.8069427926675394,0.9530508069189673,1.0,0.004504547838312751,100104291601.0,17180906869482.68,17080802577881.68,4732,5695,0.0,0,0,True,,0.8888021352033919,4732.0,100104291601.0,-0.15791047602545083
Denmark,DNK,208,2015,Exports,world_relative,0.731389685843662,0.7998438653963634,0.95290334485054,0.9999999999999999,0.002894120935843516,84823736057.0,14886939159151.531,14802115423094.531,4688,5604,0.0,0,0,True,,0.8838497743181457,4688.0,84823736057.0,-0.15246008847448367
Denmark,DNK,208,2016,Exports,world_relative,0.7386950312742743,0.7878012648858684,0.95922452167005,0.9999999999999999,0.002361758184071629,84436576604.919,14463507424510.889,14379070847905.97,4727,5573,0.0,0,0,True,,0.8827523958140531,4727.0,84436576604.919,-0.1440573645397788
Denmark,DNK,208,2017,Exports,world_relative,0.7328792102863595,0.8034053995171485,0.9596085126982701,1.0,0.0025232771614768024,90976207933.997,15912918159251.652,15821941951317.652,4873,5687,0.0,0,0,True,,0.8822084319944314,4873.0,90976207933.997,-0.14932922170807195
Denmark,DNK,208,2018,Exports,world_relative,0.7305028103647776,0.7989952304150953,0.9679322582087341,1.0,0.0029113861854006165,96520053226.23,17639705152038.016,17543185098811.781,4868,5667,0.0,0,0,True,,0.8813334641305801,4868.0,96520053226.23,-0.1508306537658025
Denmark,DNK,208,2019,Exports,world_relative,0.733285257688459,0.7983172537679647,0.9675930633251736,1.0,0.0028515073410974507,95648651395.23001,17270046559346.42,17174397907951.19,4866,5523,0.0,0,0,True,,0.8842914427048139,4866.0,95648651395.23,-0.15100618501635488
Denmark,DNK,208,2020,Exports,world_relative,0.7336926312040365,0.7873421410939817,0.9588351518542726,0.9999999999999999,0.0021310712410455013,91546331490.022,16099571053208.256,16008024721718.234,4819,5495,0.0,0,0,True,,0.879083368382074,4819.0,91546331490.022,-0.14539073717803752
Denmark,DNK,208,2021,Exports,world_relative,0.7359011626319548,0.7700099602776878,0.9506892578432226,0.9999999999999998,0.001994327779439617,109480562631.53601,20230697024887.18,20121216462255.65,4901,5489,0.0,0,0,True,,0.8792752789608684,4901.0,109480562631.536,-0.14337411632891361
Denmark,DNK,208,2022,Exports,world_relative,0.7358248949157296,0.772044337540832,0.9481695925076545,0.9999999999999999,0.002189038371572029,104877510214.47101,22120815369208.133,22015937858993.664,5059,5839,0.0,0,0,True,,0.881815391810431,5059.0,104877510214.471,-0.14599049689470145
Denmark,DNK,208,2023,Exports,world_relative,0.740765301857995,0.7547861209000263,0.9441395792073345,1.0,0.001634833346796922,108720231394.701,21325007050203.67,21216286818808.977,5057,5806,0.0,0,0,True,,0.8816754967472893,5057.0,108720231394.701,-0.14091019488929424
Denmark,DNK,208,2024,Exports,world_relative,0.732715896624647,0.7565396101739945,0.9507915143481035,0.9999999999999998,0.0018033830974170594,113813249913.64801,20562489519169.527,20448676269255.883,5025,5800,0.0,0,0,True,,0.8827783657335817,4895.0,108206190255.00902,-0.15006246910893473
Egypt,EGY,818,1994,Exports,world_relative,0.9536932325922234,0.9675111799255428,0.5059293864232639,1.0,0.006939715051138761,3472541768.0,3636838351757.0,3633365809989.0,2040,5036,0.0,0,0,True,,0.949127564435886,2040.0,3472541768.0,0.00456566815633741
Egypt,EGY,818,1995,Exports,world_relative,0.9581259533527287,0.968939044328309,0.48603660980624763,1.0,0.0060087676343956635,3444135415.0,4343603232603.0,4340159097188.0,1798,5036,0.0,0,0,True,,0.9515266732889,1798.0,3444135415.0,0.006599280063828705
Egypt,EGY,818,1996,Exports,world_relative,0.953630801065688,0.9575822129041942,0.44254139651842794,1.0,0.009543551785217937,3534493303.0,4650994076708.0,4647459583405.0,1786,5384,0.0,0,0,True,,0.958341107657818,1786.0,3534493303.0,-0.004710306592130009
Egypt,EGY,818,1997,Exports,world_relative,0.960248382065209,0.9644399691632644,0.4444196477220741,1.0,0.005833553337240308,3907973799.0,4735993736441.0,4732085762642.0,1700,5377,0.0,0,0,True,,0.954558933711039,1700.0,3907973799.0,0.005689448354170068
Egypt,EGY,818,1998,Exports,world_relative,0.9672801362683754,0.9610446154512718,0.42780818662564907,1.0,0.002334253677291197,3106311833.0,4800267515662.0,4797161203829.0,1757,5377,0.0,0,0,True,,0.951081290733129,1757.0,3106311833.0,0.01619884553524642
Egypt,EGY,818,1999,Exports,world_relative,0.9645291723264058,0.9598127570354086,0.44229944516727043,0.9996353003651727,0.004050647067972424,3336148117.0,5131446891996.0,5128110743879.0,1685,5358,0.00036469963482739455,0,0,True,,0.9545265141123508,1685.0,3336148117.0,0.010002658214054994
Egypt,EGY,818,2000,Exports,world_relative,0.9447803316910578,0.9463335687550303,0.48840372661853515,0.9978037077666209,0.012777698173183454,4578889524.882,5817244525651.065,5812665636126.183,1797,5329,0.0021962922333792633,0,0,True,,0.9633952041684706,1797.0,4578889524.882,-0.01861487247741278
Egypt,EGY,818,2001,Exports,world_relative,0.9387551143883772,0.9466024043589178,0.500678636672077,0.9910758816243039,0.012022949518475932,3866625747.365,5632048942793.863,5628182317046.498,1950,5250,0.008924118375696188,0,0,True,,0.9626069383636456,1950.0,3866625747.365,-0.023851823975268416
Egypt,EGY,818,2002,Exports,world_relative,0.9617465789195146,0.9441658636962439,0.5033586782812545,0.9859471515787948,0.004897768940827818,4249161906.6990004,5923913766916.5625,5919664605009.863,2126,5522,0.014052848421205123,0,0,True,,0.9611596090242044,2126.0,4249161906.699,0.0005869698953102631
Egypt,EGY,818,2003,Exports,world_relative,0.9660256601100543,0.9439630788111327,0.5377785020420658,0.9844889405221094,0.004370083623560676,5952154524.815001,6921292294244.205,6915340139719.391,2241,5522,0.015511059477890408,0,0,True,,0.9689904575789036,2241.0,5952154524.815001,-0.002964797468849256
Egypt,EGY,818,2004,Exports,world_relative,0.9639660949652106,0.9451996710096986,0.5814423686234298,0.9888362089747422,0.004697267155676872,7238895121.394,8351471957607.767,8344233062486.373,2348,5527,0.011163791025257688,0,0,True,,0.9686137840034308,2348.0,7238895121.394,-0.004647689038220215
Egypt,EGY,818,2005,Exports,world_relative,0.9616046796878923,0.9310414225644963,0.5892193020343104,0.9749052766639372,0.005381828367285207,9472858015.469,9463776638949.371,9454303780933.902,2228,5479,0.025094723336062857,0,0,True,,0.9697956630950342,2228.0,9472858015.469002,-0.00819098340714186
Egypt,EGY,818,2006,Exports,world_relative,0.9650429720466706,0.924693132114236,0.5267543629486343,0.9916466318490673,0.006961454981517477,12147858465.65,11029272427409.55,11017124568943.9,2139,5464,0.008353368150932792,0,0,True,,0.9741461361636236,2139.0,12147858465.65,-0.009103164116953
Egypt,EGY,818,2007,Exports,world_relative,0.9640122227913834,0.9280547373128302,0.5416103810512038,0.9863269273538503,0.006489143161939793,13548485426.585,12696329386535.996,12682780901109.41,2269,5710,0.013673072646149906,0,0,True,,0.9743670135188218,2269.0,13548485426.585,-0.01035479072743839
Egypt,EGY,818,2008,Exports,world_relative,0.8921060544193511,0.8605885593889041,0.7736724172512572,1.0,0.013464532732567527,26276701671.229,14679230251059.18,14652953549387.95,2959,5668,0.0,0,0,True,,0.95718942632104,2959.0,26276701671.229,-0.06508337190168889
Egypt,EGY,818,2009,Exports,world_relative,0.8981784447345964,0.882304262889559,0.7892426745786436,1.0,0.007185472124702605,24138574000.268,11155952807789.14,11131814233788.873,3058,5601,0.0,0,0,True,,0.9453771933068196,3058.0,24138574000.268,-0.04719874857222317
Egypt,EGY,818,2010,Exports,world_relative,0.8929741699105936,0.8687823458604269,0.7743910789142104,0.9999999999999999,0.008879686258338257,26262680602.0,13603195025663.61,13576932345061.61,3053,5533,0.0,0,0,True,,0.9469670783935372,3053.0,26262680602.0,-0.05399290848294358
Egypt,EGY,818,2011,Exports,world_relative,0.8742878755706985,0.8588811379854325,0.7556820163765618,1.0,0.012444998551335348,31534610405.0,16465456215640.959,16433921605235.959,2915,5430,0.0,0,0,True,,0.947521244153598,2915.0,31534610405.0,-0.07323336858289942
Egypt,EGY,818,2012,Exports,world_relative,0.8813437689543203,0.8678156832501438,0.717397249156205,0.9999987856830058,0.012429686872746308,29377007955.0,16687135437611.117,16657758429656.12,2892,5736,1.2143169942508871e-06,0,0,True,,0.9461289517449858,2892.0,29377007955.0,-0.06478518279066547
Egypt,EGY,818,2013,Exports,world_relative,0.8777777565174822,0.8746301549664155,0.7182096683163455,0.9999866465677978,0.012102640498551151,28581940150.0,17314636337298.219,17286054397148.219,2858,5725,1.3353432202187296e-05,0,0,True,,0.9372874869748888,2858.0,28581940150.0,-0.059509730457406596
Egypt,EGY,818,2014,Exports,world_relative,0.8743081509863803,0.8841791798673239,0.707885823806619,1.0,0.011442117105967493,26529832697.0,17180906869482.68,17154377036785.68,2783,5695,0.0,0,0,True,,0.93709960945802,2783.0,26529832697.0,-0.0627914584716397
Egypt,EGY,818,2015,Exports,world_relative,0.9045149546150837,0.9203248583687975,0.6624121024932488,1.0,0.005923002012309652,20924749675.069,14886939159151.531,14866014409476.465,2687,5604,0.0,0,0,True,,0.929760977118636,2687.0,20924749675.069,-0.025246022503552346
Egypt,EGY,818,2016,Exports,world_relative,0.9096409660050182,0.9284998749809388,0.664475716101789,1.0,0.006008532508427138,22078991313.251,14463507424510.889,14441428433197.64,2682,5573,0.0,0,0,True,,0.9354019013872386,2682.0,22078991313.251,-0.02576093538222035
Egypt,EGY,818,2017,Exports,world_relative,0.8995591913799229,0.9152025216983801,0.6775028222823775,0.9999998694875503,0.00583701368678971,25412357265.339,15912918159251.652,15887505801986.312,2801,5686,1.3051244972553932e-07,0,0,True,,0.9392073301450804,2801.0,25412357265.339,-0.03964813876515749
Egypt,EGY,818,2018,Exports,world_relative,0.8917769456691602,0.8987386232673119,0.6925446384067997,1.0,0.007873317663034018,29235901485.75,17639705152038.016,17610469250552.26,2714,5667,0.0,0,0,True,,0.9397779639373014,2714.0,29235901485.75,-0.04800101826814118
Egypt,EGY,818,2019,Exports,world_relative,0.8899232598467863,0.8843360480396126,0.6607010452331852,0.9999990209215666,0.00798108483189004,30368749814.447,17270046559346.42,17239677809531.973,2582,5522,9.790784336421796e-07,0,0,True,,0.9404331155953124,2582.0,30368749814.447,-0.05050985574852607
Egypt,EGY,818,2020,Exports,world_relative,0.8915049535357089,0.9129323502349078,0.7988742451419659,0.9999896549341011,0.006045064949124734,29248755199.717003,16099571053208.256,16070322298008.541,3069,5494,1.0345065898836188e-05,0,0,True,,0.9445061844289532,3069.0,29248755199.717,-0.05300123089324427
Egypt,EGY,818,2021,Exports,world_relative,0.8849122595667115,0.89847923974021,0.8021697872305775,0.9999925696071306,0.007361749706531227,43526320705.768,20230697024887.18,20187170704181.414,3270,5483,7.430392869322896e-06,0,0,True,,0.9504358078826312,3270.0,43526320705.768005,-0.06552354831591967
Egypt,EGY,818,2022,Exports,world_relative,0.8937135219552991,0.8979825375360173,0.7723715011674792,1.0,0.007883551887478376,51837021952.297,22120815369208.133,22068978347255.836,3187,5839,0.0,0,0,True,,0.9533676762206136,3187.0,51837021952.297,-0.05965415426531451
Egypt,EGY,818,2023,Exports,world_relative,0.8961188730636421,0.9027313234220574,0.8228010309067111,0.9999999999999999,0.00501343220126713,40879607882.128006,21325007050203.67,21284127442321.547,3337,5806,0.0,0,0,True,,0.9353878740996244,3337.0,40879607882.128006,-0.0392690010359823
Egypt,EGY,818,2024,Exports,world_relative,0.8950073596027914,0.908330653829581,0.8172551847881313,1.0,0.004175128230445903,44768217053.403,20562489519169.527,20517721302116.125,3325,5800,0.0,0,0,True,,0.9331576952917642,3325.0,44768217053.403,-0.03815033568897275
Finland,FIN,246,1988,Exports,world_relative,0.9073916881176695,0.8732178280725609,0.9234228196197862,0.9995179075822218,0.0020188877153267536,21662209599.0,457950101829.0,436287892230.0,3901,5020,0.00048209241777819804,0,0,True,,0.918096777647317,3901.0,21662209599.0,-0.010705089529647549
Finland,FIN,246,1989,Exports,world_relative,0.8730297450130977,0.8813439171633216,0.8736880475370576,1.0,0.0020655199474220475,23270098337.0,849811111830.0,826541013493.0,3925,5033,0.0,0,0,True,,0.9174392139590306,3925.0,23270098337.0,-0.044409468945932895
Finland,FIN,246,1990,Exports,world_relative,0.8705906902308664,0.8783706624203045,0.8779197058754268,1.0,0.0018983937859281858,26649989723.0,964479726160.0,937829736437.0,3977,5035,0.0,0,0,True,,0.9168910837141536,3977.0,26649989723.0,-0.04630039348328718
Finland,FIN,246,1991,Exports,world_relative,0.8605181097837709,0.88149982574188,0.8631955066916288,1.0,0.001873703726852793,23017195335.0,1869438734616.0,1846421539281.0,3977,5035,0.0,0,0,True,,0.9198372274337272,3977.0,23017195335.0,-0.05931911764995634
Finland,FIN,246,1992,Exports,world_relative,0.851118523671421,0.8850008593609583,0.9212213061276028,1.0,0.0020396289516540866,23952158104.0,2374826502111.0,2350874344007.0,4101,5036,0.0,0,0,True,,0.92244880635045,4101.0,23952158104.0,-0.07133028267902897
Finland,FIN,246,1993,Exports,world_relative,0.8547330349826733,0.8495787554653297,0.9395915462024467,1.0,0.0014090323110032329,23473397810.0,2718912702757.0,2695439304947.0,4277,5036,0.0,0,0,True,,0.9223994178418456,4277.0,23473397810.0,-0.06766638285917237
Finland,FIN,246,1994,Exports,world_relative,0.8403316887509529,0.8532513801885098,0.9136487851996604,1.0,0.0015363415473090662,29761129564.0,3636838351757.0,3607077222193.0,4404,5036,0.0,0,0,True,,0.9209406095414114,4404.0,29761129564.0,-0.08060892079045856
Finland,FIN,246,1995,Exports,world_relative,0.8413460692539187,0.8558365977918968,0.9598022978796452,0.9999999999999999,0.0015835916419492389,40051299658.0,4343603232603.0,4303551932945.0,4404,5036,0.0,0,0,True,,0.9277634169605022,4404.0,40051299658.0,-0.08641734770658349
Finland,FIN,246,1996,Exports,world_relative,0.8401214734521388,0.8651668200769277,0.906213258674165,0.9999999999999998,0.001526572952260996,40320709588.0,4650994076708.0,4610673367120.0,4509,5384,0.0,0,0,True,,0.9254847073972036,4509.0,40320709588.0,-0.08536323394506473
Finland,FIN,246,1997,Exports,world_relative,0.8343112799994669,0.862843960266875,0.9204953753182891,1.0,0.0017186780420646738,40769875484.0,4735993736441.0,4695223860957.0,4492,5377,0.0,0,0,True,,0.9245414538621786,4492.0,40769875484.0,-0.0902301738627117
Finland,FIN,246,1998,Exports,world_relative,0.8329035361940816,0.8695735152565655,0.9284868317902296,1.0,0.001985377348143398,42926234766.0,4800267515662.0,4757341280896.0,4517,5377,0.0,0,0,True,,0.9275517898857664,4517.0,42926234766.0,-0.09464825369168473
Finland,FIN,246,1999,Exports,world_relative,0.843332732631586,0.8860312734281758,0.9399781369477326,1.0,0.0022628958545566685,41497211661.0,5131446891996.0,5089949680335.0,4448,5363,0.0,0,0,True,,0.9333286902135544,4448.0,41497211661.0,-0.08999595758196832
Finland,FIN,246,2000,Exports,world_relative,0.8428563795217737,0.8983117702186801,0.9065969816906655,1.0,0.0035148591039657127,45244921468.0,5817244525651.065,5771999604183.065,4457,5338,0.0,0,0,True,,0.9398403441902852,4457.0,45244921468.0,-0.09698396466851145
Finland,FIN,246,2001,Exports,world_relative,0.8361531957975047,0.8950232818176992,0.9540632524410904,1.0,0.003414620289063415,44040298431.0,5632048942793.863,5588008644362.863,4492,5274,0.0,0,0,True,,0.9360763055435256,4492.0,44040298431.0,-0.09992310974602092
Finland,FIN,246,2002,Exports,world_relative,0.8404851552018285,0.9055069608173302,0.9567122427929388,1.0,0.003260673653845327,44264659003.0,5923913766916.5625,5879649107913.5625,4529,5570,0.0,0,0,True,,0.9339453503885472,4529.0,44264659003.0,-0.09346019518671866
Finland,FIN,246,2003,Exports,world_relative,0.8395205071416819,0.8975498871677082,0.9008791015289233,1.0,0.002956384055830934,52167038964.0,6921292294244.205,6869125255280.205,4492,5579,0.0,0,0,True,,0.9323828921445932,4492.0,52167038964.0,-0.09286238500291133
Finland,FIN,246,2004,Exports,world_relative,0.8254954808895867,0.8829455070299305,0.9530719807323424,1.0,0.003016747300371534,60435209775.0,8351471957607.767,8291036747832.767,4487,5577,0.0,0,0,True,,0.931352460983126,4487.0,60435209775.0,-0.10585698009353928
Finland,FIN,246,2005,Exports,world_relative,0.8132632609129005,0.8946779985950988,0.951249884659231,1.0,0.003957796881986905,64781019733.0,9463776638949.371,9398995619216.371,4409,5541,0.0,0,0,True,,0.9298200816459798,4409.0,64781019733.0,-0.11655682073307938
Finland,FIN,246,2006,Exports,world_relative,0.8073830294031437,0.889500208324583,0.8735472319294575,1.0,0.004196272827737978,76412562641.0,11029272427409.55,10952859864768.55,4409,5520,0.0,0,0,True,,0.9315777810148878,4409.0,76412562641.0,-0.12419475161174409
Finland,FIN,246,2007,Exports,world_relative,0.8167603772426687,0.8804079777898993,0.8774937127053855,0.9999999999999999,0.0031303156507923252,88770466784.0,12696329386535.996,12607558919751.996,4184,5784,0.0,0,0,True,,0.9268761026340044,4184.0,88770466784.0,-0.11011572539133574
Finland,FIN,246,2008,Exports,world_relative,0.8062849252131753,0.8820505742090486,0.8509613280806252,1.0,0.0037820077715745295,95924611529.0,14679230251059.18,14583305639530.18,4096,5668,0.0,0,0,True,,0.9244748761284364,4096.0,95924611529.0,-0.11818995091526108
Finland,FIN,246,2009,Exports,world_relative,0.8175631417421013,0.864116073592907,0.9267279701739144,1.0,0.003336715129335913,58967489740.0,11155952807789.14,11096985318049.14,4008,5601,0.0,0,0,True,,0.927242535111224,4008.0,58967489740.0,-0.10967939336912269
Finland,FIN,246,2010,Exports,world_relative,0.8197294507347961,0.8792079406674694,0.8817765808189049,1.0,0.0031447611192604087,69148190413.0,13603195025663.61,13534046835250.61,4099,5533,0.0,0,0,True,,0.9218573924664456,4099.0,69148190413.0,-0.10212794173164952
Finland,FIN,246,2011,Exports,world_relative,0.817076017819687,0.8909698987030454,0.933338948696546,1.0,0.0037297604165659874,77087748673.0,16465456215640.959,16388368466967.959,4097,5430,0.0,0,0,True,,0.9199709409016504,4097.0,77087748673.0,-0.10289492308196346
Finland,FIN,246,2012,Exports,world_relative,0.8174100952830953,0.8958476129924225,0.9356706454320886,1.0,0.004190193593525181,71458873998.0,16687135437611.117,16615676563613.121,4233,5738,0.0,0,0,True,,0.9214221011391772,4233.0,71458873998.0,-0.10401200585608195
Finland,FIN,246,2013,Exports,world_relative,0.8261554388367641,0.9022269300167185,0.9577151353354311,1.0,0.004475179733800121,72936769194.0,17314636337298.219,17241699568104.219,4301,5728,0.0,0,0,True,,0.9236549161515912,4301.0,72936769194.0,-0.09749947731482711
Finland,FIN,246,2014,Exports,world_relative,0.8188975266790124,0.8912191650995953,0.9331061080699472,1.0,0.004094737235258838,70115359760.0,17180906869482.68,17110791509722.68,4192,5695,0.0,0,0,True,,0.925598785698036,4192.0,70115359760.0,-0.10670125901902361
Finland,FIN,246,2015,Exports,world_relative,0.8291293186043525,0.8641727713469541,0.9223544337334405,1.0,0.002643498549479162,54853566858.0,14886939159151.531,14832085592293.531,4121,5604,0.0,0,0,True,,0.9269259099434364,4121.0,54853566858.0,-0.09779659133908392
Finland,FIN,246,2016,Exports,world_relative,0.8288305688934553,0.866795479264448,0.9199363138759697,1.0,0.002595329286627198,52730256150.0,14463507424510.889,14410777168360.889,4124,5573,0.0,0,0,True,,0.925942269612773,4124.0,52730256150.0,-0.09711170071931774
Finland,FIN,246,2017,Exports,world_relative,0.8233451181264366,0.8750779105483342,0.9277442849872017,1.0,0.00308583124882778,60863774332.715,15912918159251.652,15852054384918.938,4164,5687,0.0,0,0,True,,0.9288590254710164,4173.0,61045141676.312,-0.10551390734457977
Finland,FIN,246,2018,Exports,world_relative,0.8280419980480859,0.8846681402206524,0.9227556541263199,1.0,0.0033799788413812464,68071265048.631,17639705152038.016,17571633886989.38,4198,5667,0.0,0,0,True,,0.9313657060018335,4237.0,68277609549.41,-0.10332370795374768
Finland,FIN,246,2019,Exports,world_relative,0.8289787379527749,0.8804259074970372,0.9297746647641709,0.9999999999999999,0.003137303045480726,66573714752.739006,17270046559346.42,17203472844593.68,4197,5523,0.0,0,0,True,,0.93109995051231,4223.0,67003673912.812,-0.1021212125595351
Finland,FIN,246,2020,Exports,world_relative,0.8259583949299548,0.8530739535162997,0.9308243119973324,1.0,0.0022337351968840296,59375833525.093,16099571053208.256,16040195219683.162,4197,5495,0.0,0,0,True,,0.9246025715325306,4201.0,59451410755.49999,-0.09864417660257574
Finland,FIN,246,2021,Exports,world_relative,0.824918039210949,0.8539897598617371,0.925249992739168,1.0,0.0023679527308994794,73340645304.855,20230697024887.18,20157356379582.33,4264,5489,0.0,0,0,True,,0.927368058685867,4275.0,73340649149.942,-0.10245001947491805
Finland,FIN,246,2022,Exports,world_relative,0.8220556076219205,0.8738136803669938,0.9315565722297229,0.9999999999999998,0.0032939309575694053,78446452423.01001,22120815369208.133,22042368916785.125,4362,5839,0.0,0,0,True,,0.9289885242409056,4392.0,78702312447.897,-0.10693291661898507
Finland,FIN,246,2023,Exports,world_relative,0.8184980621389886,0.8722071369701812,0.9392097325122641,1.0000000000000002,0.003086304632005597,75680206009.29999,21325007050203.67,21249326844194.375,4421,5806,0.0,0,0,True,,0.9288810589175328,4421.0,75680206009.3,-0.11038299677854424
Finland,FIN,246,2024,Exports,world_relative,0.8174247249596447,0.8576531125396187,0.9295275872380878,1.0,0.002682229481571036,69501886898.84,20562489519169.527,20492987632270.688,4319,5800,0.0,0,0,True,,0.9259051124469682,4319.0,69501886898.84,-0.10848038748732347
France,FRA,251,1994,Exports,world_relative,0.5750042580555534,0.8033242148863441,0.9839166913523666,0.9999999999999999,0.00241013170111416,227186710764.0,3636838351757.0,3409651640993.0,4842,5036,0.0,0,0,True,,0.81874270382662,4842.0,227186710764.0,-0.24373844577106651
France,FRA,251,1995,Exports,world_relative,0.570542460203139,0.7908790793583369,0.9775439159216064,1.0,0.002318395421105323,276361399826.0,4343603232603.0,4067241832777.0,4842,5036,0.0,0,0,True,,0.8201818283279014,4842.0,276361399826.0,-0.2496393681247624
France,FRA,251,1996,Exports,world_relative,0.588070266247869,0.7981076527859968,0.965860120956562,1.0,0.002080593667405578,282726415090.0,4650994076708.0,4368267661618.0,4946,5384,0.0,0,0,True,,0.8224277954190293,4946.0,282726415090.0,-0.23435752917116037
France,FRA,251,1997,Exports,world_relative,0.5725840039536152,0.8013083414105782,0.9753938864312619,1.0,0.0024642664858977297,276380080491.0,4735993736441.0,4459613655950.0,4929,5377,0.0,0,0,True,,0.825089107967512,4929.0,276380080491.0,-0.2525051040138968
France,FRA,251,1998,Exports,world_relative,0.5539783850979798,0.7988822145135592,0.9804937127724366,1.0,0.0027556523624797657,293493112239.0,4800267515662.0,4506774403423.0,4924,5377,0.0,0,0,True,,0.8285864796110138,4924.0,293493112239.0,-0.27460809451303403
France,FRA,251,1999,Exports,world_relative,0.5542699233053361,0.7966607072525398,0.9811246755898116,1.0,0.0029607513184541088,289817920328.0,5131446891996.0,4841628971668.0,4911,5363,0.0,0,0,True,,0.8318471016031557,4911.0,289855422647.0,-0.2775771782978196
France,FRA,251,2000,Exports,world_relative,0.5713191446784283,0.7852740592622205,0.9908125561489789,0.9999999999999999,0.0032743965988590463,287770494380.0,5817244525651.065,5529474031271.065,4904,5338,0.0,0,0,True,,0.8386817350990878,4905.0,288861031164.0,-0.2673625904206596
France,FRA,251,2001,Exports,world_relative,0.5608416618861368,0.7993265858036328,0.9901484942786156,1.0,0.0034414007804274226,281888183766.0,5632048942793.863,5350160759027.863,4889,5274,0.0,0,0,True,,0.839505659043265,4898.0,283518381105.0,-0.2786639971571282
France,FRA,251,2002,Exports,world_relative,0.56595010253132,0.8059390934655193,0.9848611249750815,1.0,0.0033951091177847367,296138738337.0,5923913766916.5625,5627775028579.5625,4988,5570,0.0,0,0,True,,0.8406810919454164,4995.0,298670792842.0,-0.27473098941409635
France,FRA,251,2003,Exports,world_relative,0.5811594490659437,0.8068585803166735,0.9842079759105755,1.0,0.0032022775559619873,350683562649.0,6921292294244.205,6570608731595.205,4964,5579,0.0,0,0,True,,0.8422130803492744,4981.0,350735291162.0,-0.2610536312833307
France,FRA,251,2004,Exports,world_relative,0.5871178345916669,0.807090437900629,0.9840270788085963,1.0,0.0031346705836051278,401582061416.0,8351471957607.767,7949889896191.767,4974,5577,0.0,0,0,True,,0.8457034860677766,4990.0,405341288131.0,-0.2585856514761097
France,FRA,251,2005,Exports,world_relative,0.594506771102137,0.8037608482980323,0.9872135624698974,1.0,0.00315289516776604,423914781968.0,9463776638949.371,9039861856981.371,4980,5541,0.0,0,0,True,,0.8480328605490155,4994.0,426168585846.0,-0.2535260894468785
France,FRA,251,2006,Exports,world_relative,0.5885038413233485,0.7963240612706297,0.9881093180402358,1.0,0.0032706425081655745,465169156957.0,11029272427409.55,10564103270452.55,4971,5520,0.0,0,0,True,,0.8508733988939252,4979.0,465240146420.0,-0.2623695575705767
France,FRA,251,2007,Exports,world_relative,0.595210414727218,0.8017933506574071,0.9804863667372059,1.0,0.0028614776408794895,520478182515.0,12696329386535.996,12175851204020.996,4810,5784,0.0,0,0,True,,0.8432106052221535,4812.0,523469483041.0,-0.2480001904949355
France,FRA,251,2008,Exports,world_relative,0.6166045822306981,0.8086604141365573,0.9684971397004114,1.0,0.00306782526658019,559210696357.0,14679230251059.18,14120019554702.18,4443,5668,0.0,0,0,True,,0.8464389068496954,4456.0,561220034788.0,-0.22983432461899722
France,FRA,251,2009,Exports,world_relative,0.6169276634179985,0.8182374902333037,0.986618084315227,1.0,0.003007883069501109,435790465054.0,11155952807789.14,10720162342735.14,4716,5601,0.0,0,0,True,,0.8532568808669012,4722.0,437878646969.0,-0.23632921744890267
France,FRA,251,2010,Exports,world_relative,0.6434331034955171,0.8057501626627394,0.9852628912707929,1.0,0.002773691805648201,482549156505.0,13603195025663.61,13120645869158.61,4711,5533,0.0,0,0,True,,0.8564308719358222,4726.0,485267270500.0,-0.21299776844030516
France,FRA,251,2011,Exports,world_relative,0.6409064207223273,0.7877149306323311,0.9869227721882776,0.9999999999999999,0.002803228680870834,570836276719.0,16465456215640.959,15894619938921.959,4802,5430,0.0,0,0,True,,0.8544354707747046,4802.0,570836276719.0,-0.21352905005237732
France,FRA,251,2012,Exports,world_relative,0.6528533013954779,0.7856319655718602,0.9798402038602734,1.0,0.002840350006829918,544414610935.0,16687135437611.117,16142720826676.121,4956,5738,0.0,0,0,True,,0.8600538666499016,4956.0,544414610935.0,-0.20720056525442365
France,FRA,251,2013,Exports,world_relative,0.6587858795671965,0.7941865462103949,0.9880238862979642,1.0,0.002675064649636149,554114974625.0,17314636337298.219,16760521362673.219,4933,5728,0.0,0,0,True,,0.8597174549265021,4933.0,554114974625.0,-0.20093157535930561
France,FRA,251,2014,Exports,world_relative,0.6464439777111378,0.7951648846965849,0.9883466959126392,1.0,0.0026522718446720904,552495543379.0,17180906869482.68,16628411326103.68,4943,5695,0.0,0,0,True,,0.8596416215920173,4943.0,552495543379.0,-0.21319764388087947
France,FRA,251,2015,Exports,world_relative,0.6405504499618692,0.7913379604807375,0.9877529038143673,1.0,0.0026005695613736893,466456470721.0,14886939159151.531,14420482688430.531,4783,5604,0.0,0,0,True,,0.8661919961302891,4842.0,468086600334.0,-0.22564154616841992
France,FRA,251,2016,Exports,world_relative,0.636216684627116,0.794174336768137,0.9884796965934872,1.0,0.0026112025910434806,461882638792.0,14463507424510.889,14001624785718.889,4810,5573,0.0,0,0,True,,0.867341582214401,4864.0,464076703270.0,-0.23112489758728505
France,FRA,251,2017,Exports,world_relative,0.6309094143394395,0.778631224570551,0.9860142291950766,1.0,0.002477784445155055,494433632563.295,15912918159251.652,15418484526688.355,5027,5687,0.0,0,0,True,,0.8710198534655378,4963.0,491927854894.56903,-0.2401104391260983
France,FRA,251,2018,Exports,world_relative,0.6319611733571566,0.7746368435207958,0.987970861500117,1.0,0.0024335900971910267,551938841693.032,17639705152038.016,17087766310344.98,5075,5667,0.0,0,0,True,,0.8652775633338923,5075.0,555067212990.8369,-0.23331638997673565
France,FRA,251,2019,Exports,world_relative,0.6412486268432327,0.7798457477817575,0.9880679354228628,1.0,0.0024480195375333816,544183974993.141,17270046559346.42,16725862584353.28,5068,5523,0.0,0,0,True,,0.8686852819828139,5068.0,544183974993.14105,-0.22743665513958122
France,FRA,251,2020,Exports,world_relative,0.6338951121476742,0.7762968765280231,0.9899127175381903,1.0,0.0023898293056828787,509371338484.566,16099571053208.256,15590199714723.69,5063,5495,0.0,0,0,True,,0.863055516881019,5063.0,509371338484.566,-0.22916040473334476
France,FRA,251,2021,Exports,world_relative,0.6318877484958789,0.7579887820671829,0.9969070329314452,0.9999999999999999,0.002190458948404873,556739301257.603,20230697024887.18,19673957723629.58,5255,5489,0.0,0,0,True,,0.8593194603213983,5255.0,556739301257.603,-0.22743171182551936
France,FRA,251,2022,Exports,world_relative,0.6356137483478581,0.7767135929042706,0.9970593148095688,1.0,0.0025521254934309586,630741026540.763,22120815369208.133,21490074342667.37,5462,5839,0.0,0,0,True,,0.8670815565185908,5462.0,630741026540.7631,-0.23146780817073265
France,FRA,251,2023,Exports,world_relative,0.6308072288300413,0.7664977989661104,0.9985995677056693,1.0,0.002443039465486964,658713717813.387,21325007050203.67,20666293332390.285,5464,5806,0.0,0,0,True,,0.8693499252191421,5464.0,658713717813.387,-0.23854269638910086
France,FRA,251,2024,Exports,world_relative,0.6278904536052157,0.7692382605214391,0.9979634182851823,1.0,0.0024499297773831587,644263935532.759,20562489519169.527,19918225583636.77,5472,5800,0.0,0,0,True,,0.8690349694673405,5472.0,644263935532.759,-0.24114451586212482
Georgia,GEO,268,1996,Exports,world_relative,0.9737033583192989,0.9509997358364137,0.3256257761816623,1.0,0.0020638790268510477,198765525.0,4650994076708.0,4650795311183.0,863,5384,0.0,0,0,True,,0.9206035097757904,863.0,198765525.0,0.053099848543508466
Georgia,GEO,268,1997,Exports,world_relative,0.9637509291218697,0.9456222190185839,0.3829247289364065,1.0,0.0027416273638571588,239786238.0,4735993736441.0,4735753950203.0,932,5377,0.0,0,0,True,,0.9144063391432982,932.0,239786238.0,0.049344589978571496
Georgia,GEO,268,1998,Exports,world_relative,0.9610312470177687,0.935091819937772,0.4312518775534275,1.0,0.0017791695717250373,192322511.0,4800267515662.0,4800075193151.0,1026,5377,0.0,0,0,True,,0.9114991824380644,1026.0,192322511.0,0.04953206457970427
Georgia,GEO,268,1999,Exports,world_relative,0.9632940061492855,0.9229064101126617,0.5128206477002685,1.0,0.001666023746003427,238166198.0,5131446891996.0,5131208725798.0,1233,5363,0.0,0,0,True,,0.9382469950505196,1233.0,238166198.0,0.025047011098765948
Georgia,GEO,268,2000,Exports,world_relative,0.9593210946738409,0.9085731470003422,0.5378664677726062,1.0,0.003320008810808856,321104649.0,5817244525651.065,5816923421002.065,1207,5338,0.0,0,0,True,,0.9440847537878554,1207.0,321104649.0,0.015236340885985467
Georgia,GEO,268,2001,Exports,world_relative,0.963931890128107,0.9134461220363862,0.5585165943787844,0.9999999999999999,0.002857847448555168,317429739.0,5632048942793.863,5631731513054.863,1165,5274,0.0,0,0,True,,0.9519677144623092,1165.0,317429739.0,0.011964175665797772
Georgia,GEO,268,2002,Exports,world_relative,0.9716476137270655,0.9276676031387623,0.5162000972322218,0.9999999999999999,0.0021619285112225127,345435483.0,5923913766916.5625,5923568331433.5625,1180,5570,0.0,0,0,True,,0.9625060086172984,1180.0,345435483.0,0.009141605109767137
Georgia,GEO,268,2003,Exports,world_relative,0.9713831273516148,0.9270820432813475,0.5153209280503254,1.0,0.0023902187681428934,460895136.0,6921292294244.205,6920831399108.205,1224,5579,0.0,0,0,True,,0.9601709377685392,1224.0,460895136.0,0.011212189583075571
Georgia,GEO,268,2004,Exports,world_relative,0.9711240193077008,0.9237104394685574,0.5328448026725461,0.9997208900780529,0.0019695160954774295,646465732.0,8351471957607.767,8350825491875.767,1335,5576,0.00027910992194710794,0,0,True,,0.9625918312519164,1335.0,646465732.0,0.008532188055784373
Georgia,GEO,268,2005,Exports,world_relative,0.9665350187423587,0.9016874439972893,0.5943707507426739,1.0,0.0029402988365548038,864299678.0,9463776638949.371,9462912339271.371,1460,5541,0.0,0,0,True,,0.9658766627454768,1460.0,864299678.0,0.0006583559968819097
Georgia,GEO,268,2006,Exports,world_relative,0.9487125428837551,0.8839232419980668,0.6677832722730259,1.0,0.0039326650044824085,934555653.0,11029272427409.55,11028337871756.55,1653,5520,0.0,0,0,True,,0.9619513420790764,1653.0,934555653.0,-0.013238799195321338
Georgia,GEO,268,2007,Exports,world_relative,0.9511098997239159,0.8822241532314938,0.6092279853363984,1.0,0.0032987432250637643,1228170318.0,12696329386535.996,12695101216217.996,1659,5784,0.0,0,0,True,,0.9623890336202712,1659.0,1228170318.0,-0.011279133896355265
Georgia,GEO,268,2008,Exports,world_relative,0.9577151824333242,0.8770461771698211,0.6100123234650267,1.0,0.003226217105918504,1494867855.0,14679230251059.18,14677735383204.18,1718,5668,0.0,0,0,True,,0.9662690893694168,1718.0,1494867855.0,-0.008553906936092592
Georgia,GEO,268,2009,Exports,world_relative,0.9512991483833322,0.8829039135819428,0.6684611212228428,1.0,0.0030426410856052386,1098587417.0,11155952807789.14,11154854220372.14,1671,5601,0.0,0,0,True,,0.9635276732907436,1671.0,1098587417.0,-0.012228524907411442
Georgia,GEO,268,2010,Exports,world_relative,0.9455901759767495,0.8905000449052091,0.6816210748392526,1.0,0.004012322582186209,1630689337.0,13603195025663.61,13601564336326.61,1803,5533,0.0,0,0,True,,0.9698161370836882,1803.0,1630689337.0,-0.024225961106938643
Georgia,GEO,268,2011,Exports,world_relative,0.9421326300542633,0.8997431329594189,0.7046909716862397,1.0,0.004685465823189185,2134541563.0,16465456215640.959,16463321674077.959,1906,5430,0.0,0,0,True,,0.9715658156619164,1906.0,2134541563.0,-0.029433185607653067
Georgia,GEO,268,2012,Exports,world_relative,0.9329794229470291,0.9073160489608075,0.734548485180208,1.0,0.004421687387785338,2340070186.0,16687135437611.117,16684795367425.117,2058,5738,0.0,0,0,True,,0.964974788549831,2058.0,2340070186.0,-0.03199536560280192
Georgia,GEO,268,2013,Exports,world_relative,0.9286187141686966,0.8961340000571502,0.7456131116927223,1.0,0.004720519357087803,2905939483.0,17314636337298.219,17311730397815.219,2180,5728,0.0,0,0,True,,0.9672066794226164,2180.0,2905939483.0,-0.03858796525391983
Georgia,GEO,268,2014,Exports,world_relative,0.932275653927335,0.8999799825018288,0.751758090945483,0.9999999999999999,0.00401026082717563,2853830415.55,17180906869482.68,17178053039067.129,2227,5695,0.0,0,0,True,,0.9670465058071072,2227.0,2853830415.5499997,-0.034770851879772136
Georgia,GEO,268,2015,Exports,world_relative,0.9169554370602844,0.8955433171114441,0.7785800789631337,1.0000000000000002,0.004622436121260337,2173821770.9799995,14886939159151.531,14884765337380.553,2253,5604,0.0,0,0,True,,0.9625051456610962,2253.0,2173821770.98,-0.04554970860081187
Georgia,GEO,268,2016,Exports,world_relative,0.9341486549494389,0.9133790911895077,0.7618395679917018,0.9999999999999999,0.0034001341364991505,2069417837.23,14463507424510.889,14461438006673.66,2261,5573,0.0,0,0,True,,0.9647655210298692,2261.0,2069417837.23,-0.03061686608043035
Georgia,GEO,268,2017,Exports,world_relative,0.9185714146588472,0.9053774165297245,0.7685636065784451,1.0000000000000002,0.0035927290104378496,2738536311.68,15912918159251.652,15910179622939.969,2406,5687,0.0,0,0,True,,0.959763424363093,2406.0,2738536311.6800003,-0.04119200970424586
Georgia,GEO,268,2018,Exports,world_relative,0.924807765111008,0.9274044616512809,0.8042335281013843,1.0,0.003375430569500011,3368526330.02,17639705152038.016,17636336625707.992,2505,5667,0.0,0,0,True,,0.9603520076782824,2505.0,3368526330.02,-0.0355442425672744
Georgia,GEO,268,2019,Exports,world_relative,0.9223101174821201,0.943833288266232,0.8313789509133331,0.9999999999999999,0.0038241226002813447,3788919508.07,17270046559346.42,17266257639838.35,2693,5523,0.0,0,0,True,,0.9619007818920304,2693.0,3788919508.07,-0.039590664409910326
Georgia,GEO,268,2020,Exports,world_relative,0.9349717362426134,0.9459268626727589,0.8114768288149522,0.9999999999999999,0.00285621786720829,3330570516.3,16099571053208.256,16096240482691.955,2609,5495,0.0,0,0,True,,0.964019694386377,2609.0,3330570516.3,-0.029047958143763597
Georgia,GEO,268,2021,Exports,world_relative,0.9291541273905212,0.9363491790113702,0.7538297334875323,0.9999999999999999,0.0025312844595728424,4230339829.27,20230697024887.18,20226466685057.914,2704,5489,0.0,0,0,True,,0.962293035864298,2704.0,4230339829.27,-0.033138908473776874
Georgia,GEO,268,2022,Exports,world_relative,0.9238422414497723,0.9308476867930326,0.7110500411376384,1.0000000000000002,0.0027023251481192263,5516991918.922999,22120815369208.133,22115298377289.21,2862,5839,0.0,0,0,True,,0.9581157874815384,2871.0,5557284231.531,-0.03427354603176602
Georgia,GEO,268,2023,Exports,world_relative,0.9126808505206112,0.9391799744738157,0.7183761066286506,0.9999975654283442,0.003901015096732347,6054177934.830999,21325007050203.67,21318952872268.844,2804,5805,2.4345716559140813e-06,0,0,True,,0.959810868046439,2804.0,6054177934.831,-0.047130017525827794
Georgia,GEO,268,2024,Exports,world_relative,0.9142044095792066,0.9382807014477389,0.7741255024827951,0.9999999999999999,0.0037925753714333145,6404012465.124001,20562489519169.527,20556085506704.406,2799,5800,0.0,0,0,True,,0.9623885052771036,2859.0,6550108704.082001,-0.048184095697897056
Germany,DEU,276,1991,Exports,world_relative,0.6036976633171782,0.8438584410343067,0.9552531483522215,1.0,0.003372401843724777,383547587472.0,1869438734616.0,1485891147144.0,4863,5035,0.0,0,0,True,,0.7880150203507332,4863.0,383547587472.0,-0.184317357033555
Germany,DEU,276,1992,Exports,world_relative,0.5921266663423527,0.8478564260386936,0.9531882650562999,1.0,0.0031856478868840547,409517129928.0,2374826502111.0,1965309372183.0,4845,5036,0.0,0,0,True,,0.7929752136250146,4858.0,409541115928.0,-0.20084854728266188
Germany,DEU,276,1993,Exports,world_relative,0.5897607208801307,0.8385969473423186,0.9539886464319807,0.9999999999999999,0.0029205544766180928,353321820648.0,2718912702757.0,2365590882109.0,4838,5036,0.0,0,0,True,,0.7942073503342906,4859.0,353354314648.0,-0.20444662945415992
Germany,DEU,276,1994,Exports,world_relative,0.5541052441787441,0.8226831881437385,0.9617663987952383,1.0,0.0028366705397123685,402916412680.0,3636838351757.0,3233921939077.0,4831,5036,0.0,0,0,True,,0.7975589502093952,4844.0,402959995680.0,-0.24345370603065108
Germany,DEU,276,1995,Exports,world_relative,0.5518912416799813,0.8105571788647737,0.9657306107604857,1.0,0.0026754079559981056,489148214896.0,4343603232603.0,3854455017707.0,4828,5036,0.0,0,0,True,,0.8006340238311089,4843.0,489180174896.0,-0.24874278215112766
Germany,DEU,276,1996,Exports,world_relative,0.5682186685221476,0.8210707212871083,0.945658147018829,1.0,0.002448515824069136,491023080424.0,4650994076708.0,4159970996284.0,4929,5384,0.0,0,0,True,,0.8018342089693351,4946.0,491049671512.0,-0.23361554044718746
Germany,DEU,276,1997,Exports,world_relative,0.5621799431063145,0.8241620768155901,0.9591749647822679,0.9999999999999999,0.0027694158998398787,483465725134.0,4735993736441.0,4252528011307.0,4940,5377,0.0,0,0,True,,0.8054559547140281,4940.0,483465725134.0,-0.24327601160771362
Germany,DEU,276,1998,Exports,world_relative,0.5506938589389863,0.8320870584940274,0.9557057647701379,1.0,0.0031639706321426988,513999732490.0,4800267515662.0,4286267783172.0,4928,5377,0.0,0,0,True,,0.8176065995242565,4897.0,510589940506.0,-0.26691274058527026
Germany,DEU,276,1999,Exports,world_relative,0.5414086590333699,0.8318712578403646,0.9636038452864643,1.0,0.003501256922758664,514134933145.0,5131446891996.0,4617311958851.0,4943,5363,0.0,0,0,True,,0.8186995524003633,4947.0,514172515894.0,-0.2772908933669934
Germany,DEU,276,2000,Exports,world_relative,0.5595182722041968,0.8118709274063345,0.9690282362028728,1.0,0.003661265169967889,507702682000.0,5817244525651.065,5309541843651.065,4886,5338,0.0,0,0,True,,0.8253566783413686,4925.0,509320483000.0,-0.2658384061371718
Germany,DEU,276,2001,Exports,world_relative,0.5498883169601358,0.8147634483807352,0.9680692715168919,0.9999999999999999,0.003742618761407331,546135674000.0,5632048942793.863,5085913268793.863,4899,5274,0.0,0,0,True,,0.8274254031047275,4927.0,548651672000.0,-0.2775370861445916
Germany,DEU,276,2002,Exports,world_relative,0.5459831170394379,0.8193587152527652,0.9619061468769806,1.0,0.0038092619728227386,591060836000.0,5923913766916.5625,5332852930916.5625,4971,5570,0.0,0,0,True,,0.8290840710522485,5007.0,593790851000.0,-0.28310095401281055
Germany,DEU,276,2003,Exports,world_relative,0.5513991129752733,0.808267536412198,0.9625874085379906,1.0,0.0035895155213089107,693057612000.0,6921292294244.205,6228234682244.206,4980,5579,0.0,0,0,True,,0.8337100321839825,4997.0,694516585000.0,-0.2823109192087092
Germany,DEU,276,2004,Exports,world_relative,0.5545996090811135,0.7980260895618303,0.9605231876761536,0.9999985617543794,0.003395114862162445,842693336000.0,8351471957607.767,7508778621607.767,4958,5576,1.4382456205871789e-06,0,0,True,,0.834851137416545,4984.0,844432313000.0,-0.28025152833543154
Germany,DEU,276,2005,Exports,world_relative,0.5631859805098968,0.8012663537363803,0.9569018327750476,1.0,0.0034040488571425555,935255851000.0,9463776638949.371,8528520787949.371,4901,5541,0.0,0,0,True,,0.8332580795044722,4944.0,938745521000.0,-0.2700720989945754
Germany,DEU,276,2006,Exports,world_relative,0.5692810843149068,0.7962804308189732,0.9535979503295893,1.0,0.0033481740283617233,1059683804000.0,11029272427409.55,9969588623409.55,4852,5520,0.0,0,0,True,,0.8348374502734737,4917.0,1066810433000.0,-0.2655563659585669
Germany,DEU,276,2007,Exports,world_relative,0.5699132126834678,0.7978836441184133,0.9489700987143136,1.0,0.0029018900689723468,1240364389000.0,12696329386535.996,11455964997535.996,4790,5784,0.0,0,0,True,,0.8299455430433265,4790.0,1240364389000.0,-0.2600323303598586
Germany,DEU,276,2008,Exports,world_relative,0.5786704480904068,0.7879254565688443,0.9755524717320081,0.9999999999999999,0.002830773742569087,1361125391830.6792,14679230251059.18,13318104859228.5,4727,5668,0.0,0,0,True,,0.8319912749380056,4728.0,1362992507450.374,-0.2533208268475988
Germany,DEU,276,2009,Exports,world_relative,0.5716533787959904,0.7891442348873069,0.9830741217645468,1.0,0.0028050529395230147,1050990155213.472,11155952807789.14,10104962652575.67,4829,5601,0.0,0,0,True,,0.8314346840884597,4829.0,1051159377157.168,-0.25978130529246923
Germany,DEU,276,2010,Exports,world_relative,0.5876628480698617,0.7828147531799319,0.9681826574328024,0.9999999999999998,0.002698230486905139,1193222441670.2861,13603195025663.61,12409972583993.324,4578,5533,0.0,0,0,True,,0.8283727069057254,4668.0,1193710278685.1108,-0.2407098588358637
Germany,DEU,276,2011,Exports,world_relative,0.595164577431615,0.7825894346752774,0.9811743359677494,0.9999999999999998,0.0025783271184785968,1421776105032.37,16465456215640.959,15043680110608.59,4851,5430,0.0,0,0,True,,0.8301222405704787,4851.0,1421776105032.37,-0.23495766313886368
Germany,DEU,276,2012,Exports,world_relative,0.6097269296606097,0.7835289343530555,0.9629599149972393,1.0,0.0027078266733572263,1331527671816.0908,16687135437611.117,15355607765795.027,4591,5738,0.0,0,0,True,,0.8296217924606968,4591.0,1331527671816.091,-0.21989486280008708
Germany,DEU,276,2013,Exports,world_relative,0.6160128212544347,0.7835744275465009,0.969026515473367,1.0,0.0026876875938716743,1365525048985.812,17314636337298.219,15949111288312.406,4574,5728,0.0,0,0,True,,0.8299152858832448,4574.0,1365525048985.812,-0.21390246462881013
Germany,DEU,276,2014,Exports,world_relative,0.6018028814238984,0.7898236284476615,0.9654883495972052,1.0,0.0027664952317861024,1397018235020.502,17180906869482.68,15783888634462.176,4514,5695,0.0,0,0,True,,0.8433376467328659,4944.0,1406230335567.129,-0.24153476530896756
Germany,DEU,276,2015,Exports,world_relative,0.5812981572260341,0.7890265800785965,0.9667995466661904,0.9999999999999999,0.0029428481382641424,1238277664711.677,14886939159151.531,13648661494439.855,4468,5604,0.0,0,0,True,,0.8372712926547419,4468.0,1238277664711.677,-0.2559731354287078
Germany,DEU,276,2016,Exports,world_relative,0.572637231538507,0.7957973251234776,0.9662048180529735,1.0,0.0030893411196697166,1246983519994.072,14463507424510.889,13216523904516.818,4486,5573,0.0,0,0,True,,0.838391967809343,4486.0,1246983519994.072,-0.265754736270836
Germany,DEU,276,2017,Exports,world_relative,0.5695570202815291,0.7862278363078364,0.9916226621450126,1.0,0.002787969760711737,1392502006834.649,15912918159251.652,14520416152417.0,5156,5687,0.0,0,0,True,,0.8472877896199509,5156.0,1392502006834.649,-0.2777307693384218
Germany,DEU,276,2018,Exports,world_relative,0.5763542919002178,0.7809008181527888,0.9913007063672248,1.0,0.0026296799715703704,1497405053472.5781,17639705152038.016,16142300098565.434,5143,5667,0.0,0,0,True,,0.8471876762185462,5143.0,1497405053472.578,-0.2708333843183284
Germany,DEU,276,2019,Exports,world_relative,0.5734902697982208,0.779887480489923,0.9928331599376661,0.9999999999999999,0.0026997858522873645,1420265332485.458,17270046559346.42,15849781226860.965,5131,5523,0.0,0,0,True,,0.8510834659640678,5130.0,1420070457622.683,-0.277593196165847
Germany,DEU,276,2020,Exports,world_relative,0.5642931362518386,0.7662185324609808,0.9903480126363512,1.0,0.002685281809503671,1311525666954.51,16099571053208.256,14788045386253.746,4986,5495,0.0,0,0,True,,0.8465810696017773,5131.0,1338950409601.705,-0.2822879333499386
Germany,DEU,276,2021,Exports,world_relative,0.5761734959881336,0.7444638627185847,0.9748112639599925,1.0,0.002368715420408304,1561182991800.753,20230697024887.18,18669514033086.43,4732,5489,0.0,0,0,True,,0.8401422583444909,4732.0,1561182991800.753,-0.26396876235635724
Germany,DEU,276,2022,Exports,world_relative,0.5837257852466804,0.7616422564940336,0.9928079655179631,1.0,0.0025364287158118268,1632852134328.954,22120815369208.133,20487963234879.18,5373,5839,0.0,0,0,True,,0.8516048370145133,5373.0,1632852134328.954,-0.2678790517678329
Germany,DEU,276,2023,Exports,world_relative,0.5716556984727749,0.7630090823311658,0.9934280351309771,1.0,0.002627772098982078,1664829556635.5159,21325007050203.67,19660177493568.156,5363,5806,0.0,0,0,True,,0.8557403109748165,5363.0,1664829556635.516,-0.28408461250204164
Germany,DEU,276,2024,Exports,world_relative,0.5596498186206672,0.7665960240936771,0.9932003943902962,1.0,0.0027933463161084696,1572581059596.584,20562489519169.527,18989908459572.945,5361,5800,0.0,0,0,True,,0.8558191578119312,5361.0,1572581059596.584,-0.296169339191264
Greece,GRC,300,1988,Exports,world_relative,0.9574871426446362,0.914038256425007,0.808917276246462,1.0,0.0004287113970996321,5206969014.0,457950101829.0,452743132815.0,2942,5022,0.0,0,0,True,,0.9239843993741444,2942.0,5206969014.0,0.03350274327049174
Greece,GRC,300,1989,Exports,world_relative,0.9386040174137138,0.9084207474819411,0.8219771433996205,1.0,0.0007565042144451874,7543195067.0,849811111830.0,842267916763.0,3195,5033,0.0,0,0,True,,0.9325460655780732,3195.0,7543195067.0,0.006057951835640618
Greece,GRC,300,1990,Exports,world_relative,0.9319699104362607,0.9025755728081652,0.8046839707200524,1.0,0.0009202847079195257,8059650257.0,964479726160.0,956420075903.0,3212,5035,0.0,0,0,True,,0.930808909045974,3212.0,8059650257.0,0.0011610013902866312
Greece,GRC,300,1992,Exports,world_relative,0.9239419043771513,0.8888773979195898,0.8686629312943728,0.9999999999999999,0.0008641569643585592,9533886092.0,2374826502111.0,2365292616019.0,3433,5036,0.0,0,0,True,,0.9303950112697116,3433.0,9533886092.0,-0.00645310689256029
Greece,GRC,300,1993,Exports,world_relative,0.9044582192088276,0.8674939133206432,0.900791207069405,1.0,0.0009589343083040641,8620520822.0,2718912702757.0,2710292181935.0,3596,5036,0.0,0,0,True,,0.9190937398335672,3596.0,8620520822.0,-0.014635520624739606
Greece,GRC,300,1994,Exports,world_relative,0.9037866565790285,0.8662792391108481,0.8918455020092474,1.0,0.0008185737476357107,9199329619.0,3636838351757.0,3627639022138.0,3672,5036,0.0,0,0,True,,0.9210794331361648,3672.0,9199329619.0,-0.017292776557136347
Greece,GRC,300,1995,Exports,world_relative,0.8950504589055699,0.8522578226940151,0.914003208999085,1.0,0.0008315796010166626,10694594407.0,4343603232603.0,4332908638196.0,3773,5036,0.0,0,0,True,,0.917018695475937,3773.0,10694594407.0,-0.02196823657036706
Greece,GRC,300,1996,Exports,world_relative,0.8912446858770265,0.8586356322387072,0.9138267851230886,0.9999999999999999,0.001013812311322882,11601057554.0,4650994076708.0,4639393019154.0,3947,5384,0.0,0,0,True,,0.918632668096435,3947.0,11601057554.0,-0.027387982219408413
Greece,GRC,300,1997,Exports,world_relative,0.8822584411830641,0.8313197124578496,0.9127320320554724,1.0,0.0009096611949393177,10948952035.0,4735993736441.0,4725044784406.0,4023,5377,0.0,0,0,True,,0.9140415276575058,4023.0,10948952035.0,-0.031783086474441724
Greece,GRC,300,1998,Exports,world_relative,0.8717604375929973,0.8260703785962472,0.919450102991241,1.0,0.0010406915088190633,10704689082.0,4800267515662.0,4789562826580.0,4050,5377,0.0,0,0,True,,0.9100013047969512,4050.0,10704689082.0,-0.03824086720395392
Greece,GRC,300,1999,Exports,world_relative,0.870000082445028,0.8353714566125656,0.9351427457764641,1.0,0.001300828619619694,10853542679.0,5131446891996.0,5120593349317.0,4068,5363,0.0,0,0,True,,0.9141307733342944,4068.0,10853542679.0,-0.044130690889266355
Greece,GRC,300,2000,Exports,world_relative,0.8557009992515974,0.9127980124215535,0.9341682774879102,1.0,0.004848008397081518,10511089058.0,5817244525651.065,5806733436593.065,4006,5338,0.0,0,0,True,,0.9206098313303176,4006.0,10511089058.0,-0.06490883207872022
Greece,GRC,300,2001,Exports,world_relative,0.8612712473652805,0.9045605310209631,0.9253396069795297,1.0,0.003674723273949399,10206965126.0,5632048942793.863,5621841977667.863,4025,5274,0.0,0,0,True,,0.9189769815616516,4025.0,10206965126.0,-0.05770573419637115
Greece,GRC,300,2002,Exports,world_relative,0.8635579588285758,0.8895427707158805,0.9313527858012395,1.0,0.0017964024494009604,10173566749.0,5923913766916.5625,5913740200167.5625,4056,5570,0.0,0,0,True,,0.9132464604695056,4056.0,10173566749.0,-0.04968850164092986
Greece,GRC,300,2003,Exports,world_relative,0.8591345703817165,0.8828234322008072,0.8803611281389024,1.0,0.0017733632345800286,13398871228.0,6921292294244.205,6907893423016.205,4067,5579,0.0,0,0,True,,0.9131372979446112,4067.0,13398871228.0,-0.0540027275628947
Greece,GRC,300,2004,Exports,world_relative,0.8505195590358675,0.8806329832274755,0.8767076493468526,1.0,0.0020311420888053473,14886677762.0,8351471957607.767,8336585279845.767,4155,5577,0.0,0,0,True,,0.912986481767834,4155.0,14886677762.0,-0.06246692273196652
Greece,GRC,300,2005,Exports,world_relative,0.8473231480977281,0.9076409217179356,0.8675025042634475,1.0,0.002975206182880089,16987890264.0,9463776638949.371,9446788748685.371,4172,5541,0.0,0,0,True,,0.916342537646708,4172.0,16987890264.0,-0.0690193895489799
Greece,GRC,300,2006,Exports,world_relative,0.8429318770331328,0.916505229538333,0.8663320184765809,1.0,0.003902869079475451,20377156178.0,11029272427409.55,11008895271231.55,4230,5520,0.0,0,0,True,,0.9218376867183012,4230.0,20377156178.0,-0.07890580968516847
Greece,GRC,300,2007,Exports,world_relative,0.8255557242145749,0.9090767452096116,0.9368889714057517,1.0,0.0036728256820332946,22735280257.0,12696329386535.996,12673594106278.996,4223,5784,0.0,0,0,True,,0.9114236003467135,4223.0,22735280257.0,-0.08586787613213864
Greece,GRC,300,2008,Exports,world_relative,0.8293911620152753,0.9371571873845558,0.8476331496261816,1.0,0.007125551667552529,30300677690.0,14679230251059.18,14648929573369.18,4251,5668,0.0,0,0,True,,0.9194135468280948,4251.0,30300677690.0,-0.09002238481281954
Greece,GRC,300,2009,Exports,world_relative,0.8305426585186201,0.932746878055888,0.8801370942576805,0.9999999999999999,0.005830084060666733,23760697030.0,11155952807789.14,11132192110759.14,4234,5601,0.0,0,0,True,,0.9194600968359524,4234.0,23760697030.0,-0.08891743831733234
Greece,GRC,300,2010,Exports,world_relative,0.8400384091559927,0.9411252272882418,0.8735860779123227,1.0,0.007524463187546699,26881666513.0,13603195025663.61,13576313359150.61,4230,5533,0.0,0,0,True,,0.9282064454422784,4230.0,26881666513.0,-0.08816803628628567
Greece,GRC,300,2011,Exports,world_relative,0.8425303984601611,0.9446980854728975,0.8654286244602098,1.0,0.00997549031882354,32454893685.0,16465456215640.959,16433001321955.959,4232,5430,0.0,0,0,True,,0.93409366601032,4232.0,32454893685.0,-0.09156326755015887
Greece,GRC,300,2012,Exports,world_relative,0.8577335872573031,0.9478450178984966,0.8596981445762744,0.9999999999999999,0.012007090262655968,34437289303.0,16687135437611.117,16652698148308.117,4324,5738,0.0,0,0,True,,0.9447046180200264,4324.0,34437289303.0,-0.08697103076272328
Greece,GRC,300,2013,Exports,world_relative,0.852542826391537,0.93821453419758,0.9611787228865212,1.0,0.013214110855307517,35562261225.0,17314636337298.219,17279074076073.219,4323,5728,0.0,0,0,True,,0.946313205278002,4323.0,35562261225.0,-0.093770378886465
Greece,GRC,300,2014,Exports,world_relative,0.8526909508577564,0.9437271012369665,0.9420154582406548,1.0,0.01196202369043961,35031356973.0,17180906869482.68,17145875512509.68,4323,5695,0.0,0,0,True,,0.944894805636165,4323.0,35031356973.0,-0.09220385477840864
Greece,GRC,300,2015,Exports,world_relative,0.8537571807053166,0.941489581584698,0.9527344834506954,1.0,0.007133354208326244,27657700678.0,14886939159151.531,14859281458473.531,4349,5604,0.0,0,0,True,,0.9393367234994988,4349.0,27657700678.0,-0.08557954279418223
Greece,GRC,300,2016,Exports,world_relative,0.8512945448252704,0.9373646572045249,0.9684857415937423,1.0,0.00584010175288953,27237748039.0,14463507424510.889,14436269676471.889,4407,5573,0.0,0,0,True,,0.9364476625923182,4407.0,27237748039.0,-0.0851531177670477
Greece,GRC,300,2017,Exports,world_relative,0.8489617204667911,0.9450520262459945,0.9579704293945064,1.0000000000000002,0.007646401384804634,29477926882.192997,15912918159251.652,15883440232369.459,4413,5687,0.0,0,0,True,,0.9386160293291588,4458.0,31578206673.006996,-0.0896543088623677
Greece,GRC,300,2018,Exports,world_relative,0.8498582105698772,0.943647859376961,0.9309295989904292,1.0,0.009372527139562548,35457213583.843,17639705152038.016,17604247938454.17,4062,5667,0.0,0,0,True,,0.9417325709601004,4471.0,38423864668.709,-0.09187436039022323
Greece,GRC,300,2019,Exports,world_relative,0.8398178992239148,0.9384864736469195,0.9402621909221176,1.0000000000000002,0.008656420638576032,33885998263.074997,17270046559346.42,17236160561083.344,4117,5523,0.0,0,0,True,,0.9399379456924728,4039.0,33840513168.769997,-0.10012004646855799
Greece,GRC,300,2020,Exports,world_relative,0.8361795003906654,0.9298118593037119,0.9429179167703094,0.9999999999999999,0.00582658817067211,30774219488.989002,16099571053208.256,16068796833719.266,4089,5495,0.0,0,0,True,,0.9332888359178324,4453.0,34128313764.025,-0.09710933552716705
Greece,GRC,300,2021,Exports,world_relative,0.8376364773594687,0.9347807531725796,0.9441353299514206,1.0,0.007013849208221646,42157191543.975,20230697024887.18,20188539833343.207,4066,5489,0.0,0,0,True,,0.9362935632258298,4531.0,45963649476.358,-0.09865708586636113
Greece,GRC,300,2022,Exports,world_relative,0.8307730146019536,0.9362912531233158,0.9563185367430153,1.0,0.009138120692293566,56259679561.306,22120815369208.133,22064555689646.83,4658,5839,0.0,0,0,True,,0.9434152052379244,4658.0,56259679561.306,-0.11264219063597081
Greece,GRC,300,2023,Exports,world_relative,0.8311252078411651,0.9325609656019382,0.9692654188373463,1.0,0.007426357682989994,53868258802.66899,21325007050203.67,21271138791401.008,4665,5806,0.0,0,0,True,,0.9368677897411748,4665.0,53868258802.66899,-0.10574258190000974
Greece,GRC,300,2024,Exports,world_relative,0.8363098526792159,0.9370574508883892,0.9572302434465659,1.0,0.006829311268412061,51352691923.705,20562489519169.527,20511136827245.824,4647,5800,0.0,0,0,True,,0.9369341442335496,4658.0,51739864856.453,-0.10062429155433372
Guyana,GUY,328,1997,Exports,world_relative,0.9963963801071938,0.9906274851505072,0.22201333889696023,1.0,0.0004992798416884248,536203000.0,4735993736441.0,4735457533441.0,480,5377,0.0,0,0,True,,0.9740864739349336,480.0,536203000.0,0.02230990617226014
Guyana,GUY,328,1998,Exports,world_relative,0.996883582102115,0.9909322245959851,0.24397184090129287,0.9999999999999998,0.0004058891278769324,501588000.0,4800267515662.0,4799765927662.0,462,5377,0.0,0,0,True,,0.9736404365881146,462.0,501588000.0,0.02324314551400042
Guyana,GUY,328,1999,Exports,world_relative,0.9947646414095959,0.9919137089510789,0.39489225765754277,1.0,0.0007784474610947924,474202878.0,5131446891996.0,5130972689118.0,906,5363,0.0,0,0,True,,0.985011216117617,906.0,474202878.0,0.009753425291978868
Guyana,GUY,328,2000,Exports,world_relative,0.9936396060625817,0.9906240969023803,0.4119772071099759,1.0,0.0007455100431373791,520268632.0,5817244525651.065,5816724257019.065,1084,5338,0.0,0,0,True,,0.9843021400991538,1084.0,520268632.0,0.009337465963427882
Guyana,GUY,328,2001,Exports,world_relative,0.9907085183361442,0.9850155565856478,0.4792060435816161,1.0000000000000002,0.0008401303202472087,480719066.0,5632048942793.863,5631568223727.863,1203,5274,0.0,0,0,True,,0.9797712650665056,1203.0,480719066.0,0.01093725326963857
Guyana,GUY,328,2002,Exports,world_relative,0.991479755546762,0.9857742646261675,0.46047192396742825,1.0,0.0009589888315751566,446129613.0,5923913766916.5625,5923467637303.5625,1245,5570,0.0,0,0,True,,0.9810961024558073,1245.0,446129613.0,0.010383653090954792
Guyana,GUY,328,2003,Exports,world_relative,0.9909620593607548,0.9830460333980162,0.5401351627605323,1.0,0.0009761130369377383,448704338.0,6921292294244.205,6920843589906.205,1321,5579,0.0,0,0,True,,0.9803096306068864,1321.0,448704338.0,0.010652428753868404
Guyana,GUY,328,2004,Exports,world_relative,0.9934991709839587,0.9907840661761237,0.3675354256599693,1.0,0.0010956997378016378,517174676.0,8351471957607.767,8350954782931.767,974,5577,0.0,0,0,True,,0.983330441688349,974.0,517174676.0,0.010168729295609635
Guyana,GUY,328,2005,Exports,world_relative,0.992894683109343,0.9879811963146702,0.4781510906791203,1.0,0.0007659642728643511,530800451.0,9463776638949.371,9463245838498.371,1295,5541,0.0,0,0,True,,0.9831800480553994,1295.0,530800451.0,0.009714635053943654
Guyana,GUY,328,2006,Exports,world_relative,0.993097766855013,0.9883020500020046,0.48404626068553325,1.0,0.0008108021604900551,563625657.0,11029272427409.55,11028708801752.55,1410,5520,0.0,0,0,True,,0.984257297629255,1410.0,563625657.0,0.008840469225758096
Guyana,GUY,328,2007,Exports,world_relative,0.9917909003741809,0.9865526421814551,0.549362057770857,1.0,0.0010216727442172162,784713544.0,12696329386535.996,12695544672991.996,1653,5784,0.0,0,0,True,,0.984935849872372,1653.0,784713544.0,0.006855050501808901
Guyana,GUY,328,2008,Exports,world_relative,0.9924248344818357,0.9909001431056521,0.4744690230623527,1.0000000000000002,0.00153743143087345,830193617.0,14679230251059.18,14678400057442.18,1453,5668,0.0,0,0,True,,0.9875660631783894,1453.0,830193617.0,0.004858771303446363
Guyana,GUY,328,2009,Exports,world_relative,0.9900957788782029,0.9904125686129868,0.5189619655081805,0.9999999999999998,0.002696624262884525,788320464.0,11155952807789.14,11155164487325.14,1495,5601,0.0,0,0,True,,0.9882904597038792,1495.0,788320464.0,0.001805319174323694
Guyana,GUY,328,2010,Exports,world_relative,0.9900398411546063,0.9907458790565741,0.47135172096010297,1.0,0.003035501597416832,900740846.0,13603195025663.61,13602294284817.61,1436,5533,0.0,0,0,True,,0.9893222923948366,1436.0,900740846.0,0.0007175487597697039
Guyana,GUY,328,2011,Exports,world_relative,0.9895511381408031,0.989357715202636,0.48295026298612914,1.0,0.004331545614520528,1178649058.0,16465456215640.959,16464277566582.959,1409,5430,0.0,0,0,True,,0.990301043855697,1409.0,1178649058.0,-0.0007499057148938615
Guyana,GUY,328,2012,Exports,world_relative,0.9850628233218152,0.9805444343327597,0.46442196440864375,1.0,0.010039203282620972,1371180732.0,16687135437611.117,16685764256879.117,1287,5738,0.0,0,0,True,,0.9913546602160588,1287.0,1371180732.0,-0.006291836894243619
Guyana,GUY,328,2013,Exports,world_relative,0.9857348396394063,0.9796529612284148,0.4413452118049062,0.9999999992732242,0.009396952536972081,1375940110.0,17314636337298.219,17313260397188.217,1217,5727,7.267758187527508e-10,0,0,True,,0.9908342471382554,1217.0,1375940110.0,-0.005099407498849073
Guyana,GUY,328,2014,Exports,world_relative,0.9898284299479373,0.985704843726887,0.4468693690660921,0.9999711213292384,0.005520662522311103,1174049882.0,17180906869482.68,17179732819600.68,1182,5694,2.8878670761622715e-05,0,0,True,,0.988778851045655,1182.0,1174049882.0,0.0010495789022822999
Guyana,GUY,328,2015,Exports,world_relative,0.9878799157878281,0.9843142589369936,0.4684516215050968,0.9999996729838341,0.006461255433849328,1169367266.595,14886939159151.531,14885769791884.941,1150,5602,3.2701616585650636e-07,0,0,True,,0.9874440490437986,1150.0,1169367266.595,0.00043586674402951164
Guyana,GUY,328,2016,Exports,world_relative,0.9839234284947341,0.9811753126874203,0.4866907462725486,0.9998368973906365,0.008134189433750967,1452631573.0,14463507424510.889,14462054792937.89,1211,5568,0.00016310260936342738,0,0,True,,0.9859865088423556,1211.0,1452631573.0,-0.002063080347621482
Guyana,GUY,328,2017,Exports,world_relative,0.9884854980813007,0.9839911517400189,0.49813981703992294,0.9996677615851484,0.005405458475440784,1789689907.6689997,15912918159251.652,15911128469343.982,1346,5676,0.00033223841485168116,0,0,True,,0.988854457491487,1346.0,1789689907.6689997,-0.0003689594101863314
Guyana,GUY,328,2018,Exports,world_relative,0.9896699544738616,0.9882906734791616,0.41936004532958937,0.9996432931876826,0.006279937152971033,1379502042.0370002,17639705152038.016,17638325649995.977,1241,5656,0.0003567068123171374,0,0,True,,0.9910831571097428,1241.0,1379502042.037,-0.0014132026358811833
Guyana,GUY,328,2019,Exports,world_relative,0.9847561529467261,0.9869006625880679,0.4676704647924623,1.0,0.007127705194133926,1486517190.8760002,17270046559346.42,17268560042155.547,1405,5523,0.0,0,0,True,,0.987711412462188,1405.0,1486517190.876,-0.0029552595154618277
Guyana,GUY,328,2020,Exports,world_relative,0.9523954926666048,0.9435112283186179,0.5096867703623359,1.0,0.022921351596646784,5195921811.126999,16099571053208.256,16094375131397.127,1215,5495,0.0,0,0,True,,0.9938230844960664,1215.0,5195921811.127001,-0.04142759182946154
Guyana,GUY,328,2021,Exports,world_relative,0.9409035393577412,0.9504305048289362,0.5121766252748062,0.9999999999999997,0.033303138576746744,8700394721.142002,20230697024887.18,20221996630166.04,1250,5489,0.0,0,0,True,,0.9959241561904588,1254.0,8705855637.473001,-0.05502061683271764
Guyana,GUY,328,2022,Exports,world_relative,0.9381849162901171,0.9442212891200163,0.4356821442119432,0.9999999999999998,0.048517944329389245,22538975099.975002,22120815369208.133,22098276394108.164,1220,5839,0.0,0,0,True,,0.9976863338500006,1224.0,22560253323.912003,-0.059501417559883474
Guyana,GUY,328,2023,Exports,world_relative,0.948549973205929,0.9498343473890084,0.607120587328488,0.9999999999999999,0.032953492565222085,10795256699.744,21325007050203.67,21314211793503.93,1690,5806,0.0,0,0,True,,0.9955761939837652,1706.0,10798557143.395,-0.047026220777836136
Guyana,GUY,328,2024,Exports,world_relative,0.9549344282593787,0.9582430301876463,0.628797980064595,0.9999999999999999,0.03348203055279335,22409479415.308002,20562489519169.527,20540080039754.223,1944,5800,0.0,0,0,True,,0.9976181341471968,1944.0,22409479415.308,-0.04268370588781811
Hungary,HUN,348,1992,Exports,world_relative,0.8444737126885938,0.8334854270105352,0.749558647660574,1.0,0.0008217831677205543,10054976016.0,2374826502111.0,2364771526095.0,2878,5036,0.0,0,0,True,,0.8236119759881018,2878.0,10054976016.0,0.020861736700492073
Hungary,HUN,348,1993,Exports,world_relative,0.8448533220794485,0.8280456822248689,0.7724625454275502,1.0,0.0008271193729892715,8240059016.0,2718912702757.0,2710672643741.0,2901,5036,0.0,0,0,True,,0.8284686359435205,2901.0,8240059016.0,0.016384686135928028
Hungary,HUN,348,1994,Exports,world_relative,0.8200417117766325,0.8363087398316628,0.7986808567870698,1.0,0.0010131119703049398,9875413008.0,3636838351757.0,3626962938749.0,3023,5036,0.0,0,0,True,,0.8318940748485046,3023.0,9875413008.0,-0.011852363071872096
Hungary,HUN,348,1995,Exports,world_relative,0.8047896404523055,0.8311917323469016,0.8130768011016397,1.0,0.0011500560024272264,12452023008.0,4343603232603.0,4331151209595.0,3143,5036,0.0,0,0,True,,0.8386365990640638,3143.0,12452023008.0,-0.03384695861175835
Hungary,HUN,348,1996,Exports,world_relative,0.8106245746362221,0.8157630981026534,0.7924724272154249,1.0,0.000881536289050033,12632793992.0,4650994076708.0,4638361282716.0,3234,5384,0.0,0,0,True,,0.8267950665698018,3234.0,12632793992.0,-0.016170491933579778
Hungary,HUN,348,1997,Exports,world_relative,0.7921901298264333,0.8825609966378127,0.8046986789984686,1.0,0.0021349034832725097,18585998048.0,4735993736441.0,4717407738393.0,3264,5377,0.0,0,0,True,,0.8718237332079453,3264.0,18585998048.0,-0.07963360338151193
Hungary,HUN,348,1998,Exports,world_relative,0.7815323064713188,0.8848945534719417,0.8297152280858462,1.0,0.0028158672420207733,22597446960.0,4800267515662.0,4777670068702.0,3378,5377,0.0,0,0,True,,0.8839916224057318,3378.0,22597446960.0,-0.10245931593441304
Hungary,HUN,348,1999,Exports,world_relative,0.7723988144339824,0.8938408187665781,0.8165816628677194,1.0,0.004116834070583033,24671923000.0,5131446891996.0,5106774968996.0,3355,5363,0.0,0,0,True,,0.8911067157113659,3355.0,24671923000.0,-0.11870790127738351
Hungary,HUN,348,2000,Exports,world_relative,0.7542302997897911,0.8754521221314756,0.8182152677153393,0.9999999999999999,0.004617141842960283,27641212000.0,5817244525651.065,5789603313651.065,3370,5338,0.0,0,0,True,,0.8948256252112081,3370.0,27641212000.0,-0.14059532542141706
Hungary,HUN,348,2001,Exports,world_relative,0.7388830760977666,0.857024754270394,0.8048684492466502,1.0,0.0041192493346076725,29716842000.0,5632048942793.863,5602332100793.863,3443,5274,0.0,0,0,True,,0.8943876543313076,3443.0,29716842000.0,-0.15550457823354102
Hungary,HUN,348,2002,Exports,world_relative,0.7464028526322322,0.8663294069130828,0.8136596566750599,1.0,0.0038705867308620233,33623018000.0,5923913766916.5625,5890290748916.5625,3539,5570,0.0,0,0,True,,0.8983807694352934,3539.0,33623018000.0,-0.15197791680306127
Hungary,HUN,348,2003,Exports,world_relative,0.7526456914029529,0.8564934137183053,0.8135137548118045,1.0,0.0035404753203890247,42308615000.0,6921292294244.205,6878983679244.205,3525,5579,0.0,0,0,True,,0.9008644875800964,3525.0,42308615000.0,-0.1482187961771435
Hungary,HUN,348,2004,Exports,world_relative,0.7451820548336362,0.8585727916682168,0.8743061459878382,0.9999999999999999,0.003727977453261952,55124228000.0,8351471957607.767,8296347729607.767,4206,5577,0.0,0,0,True,,0.9147533074908064,4206.0,55124228000.0,-0.1695712526571702
Hungary,HUN,348,2005,Exports,world_relative,0.7422160347039538,0.832741942843185,0.9256572075387708,1.0,0.004041597324337205,60039300000.0,9463776638949.371,9403737338949.371,4062,5541,0.0,0,0,True,,0.9169382377700328,4062.0,60039300000.0,-0.174722203066079
Hungary,HUN,348,2006,Exports,world_relative,0.7475362980877951,0.8530408909228269,0.7878789979563081,1.0,0.004055903102121448,69966703000.0,11029272427409.55,10959305724409.55,3365,5520,0.0,0,0,True,,0.9080807685136916,3365.0,69966703000.0,-0.16054447042589648
Hungary,HUN,348,2007,Exports,world_relative,0.7546549971032875,0.8223104824169273,0.8559195403645861,1.0,0.0035060471639110314,87656235000.0,12696329386535.996,12608673151535.996,3238,5784,0.0,0,0,True,,0.9069213082529736,3238.0,87656235000.0,-0.15226631114968603
Hungary,HUN,348,2008,Exports,world_relative,0.7672229167361203,0.8577136208884747,0.7654194096772213,1.0,0.00344854126295225,100285781000.0,14679230251059.18,14578944470059.18,3233,5668,0.0,0,0,True,,0.90599640594222,3233.0,100285781000.0,-0.13877348920609966
Hungary,HUN,348,2009,Exports,world_relative,0.7715657718787944,0.8718336317025284,0.7994856343967951,1.0,0.0035616666334227073,77795605000.0,11155952807789.14,11078157202789.14,3256,5601,0.0,0,0,True,,0.9057482822284526,3256.0,77795605000.0,-0.13418251034965822
Hungary,HUN,348,2010,Exports,world_relative,0.7701854512709209,0.8648174875990312,0.8445919256554878,1.0,0.003384242926369718,90071476000.0,13603195025663.61,13513123549663.61,4060,5533,0.0,0,0,True,,0.9218888128280516,4060.0,90071476000.0,-0.1517033615571307
Hungary,HUN,348,2011,Exports,world_relative,0.7649886513734896,0.8587106042699139,0.8243702835703087,1.0,0.00334959184064696,106674404000.0,16465456215640.959,16358781811640.959,4100,5430,0.0,0,0,True,,0.9204592532235047,4100.0,106674404000.0,-0.15547060185001516
Hungary,HUN,348,2012,Exports,world_relative,0.7570440084318723,0.8336899278223832,0.9291090933068065,1.0,0.0029824255553529896,99252325189.0,16687135437611.117,16587883112422.117,4433,5738,0.0,0,0,True,,0.9217714669628324,4433.0,99252325189.0,-0.16472745853096016
Hungary,HUN,348,2013,Exports,world_relative,0.7468900855393155,0.8172981080169271,0.9456983160517961,1.0,0.0030807871058144694,104799325944.0,17314636337298.219,17209837011354.219,4392,5728,0.0,0,0,True,,0.9188241475440836,4392.0,104799325944.0,-0.17193406200476813
Hungary,HUN,348,2014,Exports,world_relative,0.7455704493636615,0.8331726701203224,0.9400060244380928,0.9999999999999999,0.003110442251055911,109613011737.0,17180906869482.68,17071293857745.68,4395,5695,0.0,0,0,True,,0.9196883844660036,4395.0,109613011737.0,-0.1741179351023422
Hungary,HUN,348,2015,Exports,world_relative,0.7361518807680574,0.843921674657058,0.9396793939335231,1.0,0.0033947692465007436,98112414100.0,14886939159151.531,14788826745051.531,4402,5604,0.0,0,0,True,,0.9220198754859888,4402.0,98112414100.0,-0.18586799471793147
Hungary,HUN,348,2016,Exports,world_relative,0.7233283071573675,0.8368470374014606,0.9382702768355382,1.0,0.0034600475248013837,98770357976.0,14463507424510.889,14364737066534.889,4347,5573,0.0,0,0,True,,0.9213119038533636,4367.0,99910291282.0,-0.19798359669599608
Hungary,HUN,348,2017,Exports,world_relative,0.7180746625359948,0.8252199396092836,0.9340875888360272,1.0,0.0031434691484509905,110665745464.0,15912918159251.652,15802252413787.652,4470,5687,0.0,0,0,True,,0.9194248016540394,4476.0,110685219754.0,-0.20135013911804456
Hungary,HUN,348,2018,Exports,world_relative,0.7233603351823352,0.8081599705743451,0.9307470590109868,1.0,0.003040797101817199,117351260818.0,17639705152038.016,17522353891220.012,4219,5667,0.0,0,0,True,,0.9194328211926815,4219.0,117351260818.0,-0.19607248601034633
Hungary,HUN,348,2019,Exports,world_relative,0.7286886620716779,0.8071444837890327,0.9239626068619329,1.0,0.002936448291018707,115838632969.0,17270046559346.42,17154207926377.42,4144,5523,0.0,0,0,True,,0.9197107453811282,4179.0,116311458045.0,-0.19102208330945025
Hungary,HUN,348,2020,Exports,world_relative,0.7245020867953388,0.7999732911650065,0.924259240365464,1.0,0.0028468079172719544,113717901462.0,16099571053208.256,15985853151746.256,4145,5495,0.0,0,0,True,,0.9196644301985272,4183.0,114184913119.0,-0.1951623434031884
Hungary,HUN,348,2021,Exports,world_relative,0.7219333933765609,0.782728519614685,0.9462564662041237,1.0,0.0025518055006854127,134183424063.0,20230697024887.18,20096513600824.18,4429,5489,0.0,0,0,True,,0.9202947050950516,4421.0,133890494367.0,-0.1983613117184907
Hungary,HUN,348,2022,Exports,world_relative,0.7313477541686082,0.7877703885943316,0.9485379711357055,1.0,0.002602248039486353,141128209048.0,22120815369208.133,21979687160160.133,4608,5839,0.0,0,0,True,,0.918489762927568,4608.0,141128209048.0,-0.1871420087589598
Hungary,HUN,348,2023,Exports,world_relative,0.7224343179917543,0.800641390976369,0.9366543440465351,0.9999999999999998,0.002995830046388816,150849286487.26404,21325007050203.67,21174157763716.406,4561,5806,0.0,0,0,True,,0.9244435039407536,4561.0,150849286487.26398,-0.2020091859489993
Hungary,HUN,348,2024,Exports,world_relative,0.7081940453191652,0.8044151007298491,0.9505786460467791,1.0,0.003069442163613368,148025178761.343,20562489519169.527,20414464340408.188,4632,5800,0.0,0,0,True,,0.924598924408842,4632.0,148025178761.34302,-0.21640487908967676
Iceland,ISL,352,1988,Exports,world_relative,0.9958639942561356,0.991382108817065,0.31502496738268937,1.0,0.0006437030344458132,1495449102.0,457950101829.0,456454652727.0,515,5022,0.0,0,0,True,,0.9588468561496156,515.0,1495449102.0,0.037017138106519965
Iceland,ISL,352,1989,Exports,world_relative,0.9913230808247696,0.98922837147888,0.29792558954819043,1.0,0.0013153540995798545,1393724343.0,849811111830.0,848417387487.0,544,5033,0.0,0,0,True,,0.961168163515187,544.0,1393724343.0,0.03015491730958264
Iceland,ISL,352,1990,Exports,world_relative,0.9920188059570862,0.9912429699753482,0.2195171918394051,1.0,0.0011496639106940904,1576629934.0,964479726160.0,962903096226.0,565,5035,0.0,0,0,True,,0.9639349818857345,565.0,1576629934.0,0.028083824071351793
Iceland,ISL,352,1991,Exports,world_relative,0.9946214951102104,0.9934771140662838,0.26365447871782377,1.0,0.0007889294315352885,1564416649.0,1869438734616.0,1867874317967.0,525,5035,0.0,0,0,True,,0.9654435675144262,525.0,1564416649.0,0.029177927595784192
Iceland,ISL,352,1992,Exports,world_relative,0.9945727046524001,0.993381964682236,0.2601469808839861,1.0,0.0007078472652417072,1519317803.0,2374826502111.0,2373307184308.0,572,5036,0.0,0,0,True,,0.9678256525094456,572.0,1519317803.0,0.026747052142954475
Iceland,ISL,352,1993,Exports,world_relative,0.9949774856861324,0.9929000904269787,0.27219629247695143,1.0,0.0005884002228805489,1393542265.0,2718912702757.0,2717519160492.0,583,5036,0.0,0,0,True,,0.965896625931125,583.0,1393542265.0,0.029080859755007404
Iceland,ISL,352,1994,Exports,world_relative,0.9944485736762607,0.9893587166846898,0.2899865934729475,0.9999999999999999,0.000665781307146859,1622725141.0,3636838351757.0,3635215626616.0,603,5036,0.0,0,0,True,,0.9652744143395072,603.0,1622725141.0,0.02917415933675349
Iceland,ISL,352,1995,Exports,world_relative,0.9938369825031758,0.9887972616788577,0.3242186173945432,1.0,0.0006952127075572731,1797675367.0,4343603232603.0,4341805557236.0,770,5036,0.0,0,0,True,,0.9710309715629136,770.0,1797675367.0,0.022806010940262134
Iceland,ISL,352,1996,Exports,world_relative,0.9933307532145741,0.9880400281762681,0.30239564746053677,0.9999999999999999,0.0007508251515733351,1889687031.0,4650994076708.0,4649104389677.0,838,5384,0.0,0,0,True,,0.9725035794971542,838.0,1889687031.0,0.020827173717419933
Iceland,ISL,352,1997,Exports,world_relative,0.9937828936719177,0.9889760339605206,0.3847648371388874,1.0,0.0007582610858462934,1843975686.0,4735993736441.0,4734149760755.0,898,5377,0.0,0,0,True,,0.9747125434940882,898.0,1843975686.0,0.019070350177829543
Iceland,ISL,352,1998,Exports,world_relative,0.9936089065997499,0.987547418222221,0.4667006017619733,1.0,0.0007741084895268276,1920555715.0,4800267515662.0,4798346959947.0,1161,5377,0.0,0,0,True,,0.9815374895797035,1161.0,1920555715.0,0.012071417020046327
Iceland,ISL,352,1999,Exports,world_relative,0.993541923107494,0.9879248412458757,0.5051429146712062,1.0,0.0007306526946646535,1995163155.0,5131446891996.0,5129451728841.0,1267,5363,0.0,0,0,True,,0.98237510830372,1267.0,1995163155.0,0.011166814803774017
Iceland,ISL,352,2000,Exports,world_relative,0.9922012032427442,0.9823595228168396,0.5211789494096478,1.0,0.0007573140722426356,1883267232.0,5817244525651.065,5815361258419.065,1371,5338,0.0,0,0,True,,0.9798967665087476,1371.0,1883267232.0,0.012304436733996615
Iceland,ISL,352,2001,Exports,world_relative,0.9924760826250979,0.9842968212847988,0.5442800531206633,1.0,0.000827365079599191,1993957069.0,5632048942793.863,5630054985724.863,1377,5274,0.0,0,0,True,,0.9815901426035952,1377.0,1993957069.0,0.010885940021502671
Iceland,ISL,352,2002,Exports,world_relative,0.9917854008813722,0.982555751732436,0.5468335488330063,0.9999999999999999,0.0009417123657751708,2208481898.0,5923913766916.5625,5921705285018.5625,1336,5570,0.0,0,0,True,,0.9804771071123708,1336.0,2208481898.0,0.011308293769001443
Iceland,ISL,352,2003,Exports,world_relative,0.9924733687445058,0.9837359204239556,0.5350190216073695,1.0,0.0008286820821734876,2361472437.0,6921292294244.205,6918930821807.205,1270,5579,0.0,0,0,True,,0.9794934015625718,1270.0,2361472437.0,0.012979967181933949
Iceland,ISL,352,2004,Exports,world_relative,0.9906527464828685,0.9777162448010953,0.49672204676042575,1.0,0.0011330999423424166,2860103953.0,8351471957607.767,8348611853654.767,1288,5577,0.0,0,0,True,,0.9779334786821452,1288.0,2860103953.0,0.0127192678007233
Iceland,ISL,352,2005,Exports,world_relative,0.9876959934511617,0.9645096231144339,0.5220409326132285,1.0,0.0013960472334072235,3061469757.0,9463776638949.371,9460715169192.371,1252,5541,0.0,0,0,True,,0.977402537560768,1252.0,3061469757.0,0.010293455890393655
Iceland,ISL,352,2006,Exports,world_relative,0.9854206087761286,0.9625645813413548,0.5572415376410955,1.0,0.0020173599911341693,3427465683.0,11029272427409.55,11025844961726.55,1317,5520,0.0,0,0,True,,0.9798954462023816,1317.0,3427465683.0,0.005525162573747022
Iceland,ISL,352,2007,Exports,world_relative,0.9858547807357617,0.9722630546488295,0.5744897583706515,1.0,0.0023389580715670096,4720687765.0,12696329386535.996,12691608698770.996,1500,5784,0.0,0,0,True,,0.9831655546870652,1500.0,4720687765.0,0.0026892260486964803
Iceland,ISL,352,2008,Exports,world_relative,0.9842002100684878,0.9588474744383579,0.5813521999117703,1.0,0.0019989770947655304,5313055255.0,14679230251059.18,14673917195804.18,1732,5668,0.0,0,0,True,,0.983661432738406,1732.0,5313055255.0,0.0005387773300817855
Iceland,ISL,352,2009,Exports,world_relative,0.9851410618632659,0.9597900906696042,0.614520187459703,0.9999999999999999,0.001668861664340961,4036041735.0,11155952807789.14,11151916766054.14,1606,5601,0.0,0,0,True,,0.9810145600579964,1606.0,4036041735.0,0.004126501805269522
Iceland,ISL,352,2010,Exports,world_relative,0.9883334612693649,0.9672365440506262,0.664335301153304,1.0,0.00155925370226954,4584305874.0,13603195025663.61,13598610719789.61,1602,5533,0.0,0,0,True,,0.9823114167700616,1602.0,4584305874.0,0.006022044499303325
Iceland,ISL,352,2011,Exports,world_relative,0.9877008025419081,0.9567222845302392,0.5669535292145933,1.0,0.0016637686139718403,5322908697.0,16465456215640.959,16460133306943.959,1631,5430,0.0,0,0,True,,0.9830835908387644,1631.0,5322908697.0,0.004617211703143664
Iceland,ISL,352,2012,Exports,world_relative,0.9898445976276024,0.9575069627580407,0.5621376319451151,1.0,0.0015066158355555108,5032443194.0,16687135437611.117,16682102994417.117,1695,5738,0.0,0,0,True,,0.9779849386684558,1695.0,5032443194.0,0.011859658959146535
Iceland,ISL,352,2013,Exports,world_relative,0.9906809138441117,0.9582555983892614,0.5571607908745705,1.0,0.00126428131351572,4975441250.0,17314636337298.219,17309660896048.219,1654,5728,0.0,0,0,True,,0.9778376163743792,1654.0,4975441250.0,0.012843297469732562
Iceland,ISL,352,2014,Exports,world_relative,0.9891614462658531,0.9575146133200984,0.5978934414947535,1.0,0.0013600855044813686,5020661030.0,17180906869482.68,17175886208452.68,1612,5695,0.0,0,0,True,,0.9761291305418118,1612.0,5020661030.0,0.013032315724041288
Iceland,ISL,352,2015,Exports,world_relative,0.9901499791528847,0.9654893363891082,0.5908114651203289,1.0,0.0011342517796837997,4686796593.0,14886939159151.531,14882252362558.531,1616,5604,0.0,0,0,True,,0.977078177614596,1616.0,4686796593.0,0.013071801538288685
Iceland,ISL,352,2016,Exports,world_relative,0.9888822503805527,0.9639911489238484,0.6404970960670033,0.9999999999999999,0.001009638406344937,4406147761.0,14463507424510.889,14459101276749.889,1785,5573,0.0,0,0,True,,0.9764238932745076,1785.0,4406147761.0,0.012458357106045037
Iceland,ISL,352,2017,Exports,world_relative,0.9906186477091459,0.9745282260950028,0.5928241538599254,1.0,0.0008992960944249503,4841983110.190001,15912918159251.652,15908076176141.46,1529,5687,0.0,0,0,True,,0.974799639751714,1529.0,4841983110.190001,0.015819007957431852
Iceland,ISL,352,2018,Exports,world_relative,0.990108269962247,0.9727724825915299,0.5940757067624598,1.0,0.0010538174119136489,5503928488.445,17639705152038.016,17634201223549.566,1643,5667,0.0,0,0,True,,0.9758783303111628,1643.0,5503928488.445,0.014229939651084211
Iceland,ISL,352,2019,Exports,world_relative,0.9894540343926651,0.9686944410830078,0.6245980836244668,1.0,0.0009978933931284748,5181170302.09,17270046559346.42,17264865389044.33,1575,5523,0.0,0,0,True,,0.9735660276723032,1575.0,5181170302.09,0.015888006720361947
Iceland,ISL,352,2020,Exports,world_relative,0.9899900048597012,0.9723106494643987,0.6279094976131588,1.0,0.000690985688237035,4545432326.702,16099571053208.256,16095025620881.555,1723,5495,0.0,0,0,True,,0.9763057379777956,1723.0,4545432326.702001,0.013684266881905605
Iceland,ISL,352,2021,Exports,world_relative,0.9895322321293972,0.9752591472900651,0.642793499555735,1.0000000000000004,0.0009049450962615809,5931442263.924999,20230697024887.18,20224765582623.258,1933,5489,0.0,0,0,True,,0.9790432789644734,1933.0,5931442263.925,0.01048895316492382
Iceland,ISL,352,2022,Exports,world_relative,0.9892946427406005,0.970751556789255,0.6149797844749023,1.0,0.0012764825364716438,7364632291.837999,22120815369208.133,22113450736916.297,1992,5839,0.0,0,0,True,,0.9827214289975998,1992.0,7364632291.837999,0.006573213743000683
Iceland,ISL,352,2023,Exports,world_relative,0.9874004751741409,0.9664799545236733,0.6458535275966215,0.9999999999999998,0.0011801671482312686,6752368566.474001,21325007050203.67,21318254681637.203,2123,5806,0.0,0,0,True,,0.9804162769847492,2123.0,6752368566.473999,0.006984198189391666
Iceland,ISL,352,2024,Exports,world_relative,0.9846771477876664,0.9589928759996658,0.6725613391280618,1.0,0.001199394494008337,6872368527.741,20562489519169.527,20555617150641.79,2107,5800,0.0,0,0,True,,0.9798721024068636,2107.0,6872368527.741001,0.0048050453808027305
India,IND,699,1988,Exports,world_relative,0.9543696046141821,0.9263216143287879,0.8346550112805786,0.999982812027599,0.0007699027644826144,13582288507.0,457950101829.0,444367813322.0,3664,5019,1.718797240094585e-05,0,0,True,,0.9340629485153245,3664.0,13582288507.0,0.020306656098857623
India,IND,699,1989,Exports,world_relative,0.9315582553480701,0.9328113973411051,0.7477683074044276,1.0,0.0010818034499057569,16756559788.0,849811111830.0,833054552042.0,3624,5033,0.0,0,0,True,,0.928075624661412,3624.0,16756559788.0,0.003482630686658106
India,IND,699,1990,Exports,world_relative,0.9289014106097665,0.9329184734241093,0.7785959352234193,1.0,0.0010936891444665647,17582371739.0,964479726160.0,946897354421.0,3670,5035,0.0,0,0,True,,0.925672992988718,3670.0,17582371739.0,0.0032284176210485294
India,IND,699,1991,Exports,world_relative,0.9291697106299647,0.9304127413435145,0.7920546049565846,1.0,0.0009007557589240421,17621027277.0,1869438734616.0,1851817707339.0,3836,5035,0.0,0,0,True,,0.9205450376224092,3836.0,17621027277.0,0.008624673007555428
India,IND,699,1992,Exports,world_relative,0.923488287841414,0.923257292420639,0.8208192686630345,1.0,0.0008385121248246047,20355409203.0,2374826502111.0,2354471092908.0,3964,5036,0.0,0,0,True,,0.9180470663645904,3964.0,20355409203.0,0.005441221476823577
India,IND,699,1993,Exports,world_relative,0.9173809364899834,0.921662211761599,0.8376621672082704,1.0,0.0009092020825693945,21874697650.0,2718912702757.0,2697038005107.0,4092,5036,0.0,0,0,True,,0.9176808936468096,4092.0,21874697650.0,-0.0002999571568261805
India,IND,699,1994,Exports,world_relative,0.9094914756570328,0.9069041516092651,0.844897742602287,1.0,0.0008960606155694062,25885007565.0,3636838351757.0,3610953344192.0,4163,5036,0.0,0,0,True,,0.9123698820072452,4163.0,25885007565.0,-0.0028784063502124146
India,IND,699,1995,Exports,world_relative,0.9063670646601529,0.9080769644390779,0.8793622487163775,1.0,0.0010931978194884848,31187641907.0,4343603232603.0,4312415590696.0,4251,5036,0.0,0,0,True,,0.913740550170838,4251.0,31187641907.0,-0.007373485510685063
India,IND,699,1996,Exports,world_relative,0.9032324488858139,0.908074076326295,0.8528766585542589,1.0,0.0010258534106489744,32881242433.0,4650994076708.0,4618112834275.0,4425,5384,0.0,0,0,True,,0.9096715568341578,4425.0,32881242433.0,-0.006439107948343903
India,IND,699,1997,Exports,world_relative,0.902809760520461,0.9051499629845499,0.9231511913394709,1.0,0.0010625323610834192,34084720022.0,4735993736441.0,4701909016419.0,4490,5377,0.0,0,0,True,,0.9099906228043813,4490.0,34084720022.0,-0.007180862283920231
India,IND,699,1998,Exports,world_relative,0.9118531490005298,0.9222166823769724,0.877854908291825,1.0,0.0010257303215575407,32402277275.0,4800267515662.0,4767865238387.0,4481,5377,0.0,0,0,True,,0.9125030015840064,4481.0,32402277275.0,-0.0006498525834766067
India,IND,699,1999,Exports,world_relative,0.9136443640237218,0.9358134574826071,0.8844326243431749,1.0,0.0012332509798480304,36112726335.0,5131446891996.0,5095334165661.0,4511,5363,0.0,0,0,True,,0.9120017340602042,4511.0,36112726335.0,0.0016426299635176056
India,IND,699,2000,Exports,world_relative,0.8951326980235728,0.9312019857568341,0.8951603134860935,1.0,0.002040014132154727,41516380663.0,5817244525651.065,5775728144988.065,4635,5338,0.0,0,0,True,,0.906530262417218,4635.0,41516380663.0,-0.011397564393645254
India,IND,699,2001,Exports,world_relative,0.874779924351895,0.9268296233846237,0.9538125314214327,1.0,0.00241629432207777,42590804755.0,5632048942793.863,5589458138038.863,4707,5274,0.0,0,0,True,,0.9009638735672812,4707.0,42590804755.0,-0.02618394921538625
India,IND,699,2002,Exports,world_relative,0.8939889079806247,0.9291627967237949,0.8843452725904573,0.9999236460022644,0.0015036342574177935,48909868648.0,5923913766916.5625,5875003898268.5625,4788,5564,7.635399773564323e-05,0,0,True,,0.9041096732786308,4788.0,48909868648.0,-0.010120765298006096
India,IND,699,2003,Exports,world_relative,0.8648121584385798,0.9058041429051964,0.9600021785797295,0.9999999999999999,0.001975398304850989,58455224018.0,6921292294244.205,6862837070226.205,4912,5579,0.0,0,0,True,,0.8969233555138556,4912.0,58455224018.0,-0.032111197075275766
India,IND,699,2004,Exports,world_relative,0.8555097086861376,0.9108586239552906,0.9745245619480469,1.0,0.0023525272313840804,75012142153.0,8351471957607.767,8276459815454.767,4960,5577,0.0,0,0,True,,0.8993524805041175,4960.0,75012142153.0,-0.04384277181797991
India,IND,699,2005,Exports,world_relative,0.8484253496719663,0.921628044280826,0.9761442245794895,1.0,0.00325419484167898,99229986721.0,9463776638949.371,9364546652228.371,4979,5541,0.0,0,0,True,,0.9045014031510036,4979.0,99229986721.0,-0.056076053479037324
India,IND,699,2006,Exports,world_relative,0.8367160370960292,0.9202899779378743,0.9783064854111512,1.0,0.004230223421809809,119928633003.0,11029272427409.55,10909343794406.55,4963,5520,0.0,0,0,True,,0.9074503704402904,4963.0,119928633003.0,-0.07073433334426127
India,IND,699,2007,Exports,world_relative,0.842152477741537,0.9281928929256973,0.8967772790608468,0.9999992055035252,0.0043716699431620674,144212093610.0,12696329386535.996,12552117292925.994,4920,5783,7.944964748230729e-07,0,0,True,,0.9104354324550344,4920.0,144212093610.0,-0.06828295471349743
India,IND,699,2008,Exports,world_relative,0.8244465660271891,0.9271022660161741,0.9054040655887627,0.9999948718896249,0.006023620704161354,178998682332.0,14679230251059.18,14500231568727.178,4966,5661,5.128110375122579e-06,0,0,True,,0.9109834794900752,4966.0,178998682332.0,-0.08653691346288606
India,IND,699,2009,Exports,world_relative,0.8193154016074642,0.9144586379496896,0.984671947957297,1.0,0.004665549565574377,169045656554.0,11155952807789.14,10986907151235.14,4795,5601,0.0,0,0,True,,0.9136889907642338,4795.0,169045656554.0,-0.09437358915676963
India,IND,699,2010,Exports,world_relative,0.8229437789132392,0.9189490198642111,0.9900459268309794,1.0,0.005455553473392276,216179031480.0,13603195025663.61,13387015994183.61,4791,5533,0.0,0,0,True,,0.918268258199525,4791.0,216179031480.0,-0.09532447928628573
India,IND,699,2011,Exports,world_relative,0.8156088131353196,0.9210794998094737,0.9894831646152419,0.9999999870905024,0.006577762216743602,287617699120.0,16465456215640.959,16177838516520.959,4843,5429,1.290949761214403e-08,0,0,True,,0.9180951930051042,4843.0,287617699120.0,-0.1024863798697846
India,IND,699,2012,Exports,world_relative,0.8379206026649654,0.9281821674728291,0.9489915341906159,0.9999947572050083,0.005348581532121994,287037544356.0,16687135437611.117,16400097893255.121,4801,5732,5.2427949917714075e-06,0,0,True,,0.9158833196272866,4801.0,287037544356.0,-0.07796271696232127
India,IND,699,2013,Exports,world_relative,0.7973533899657905,0.9211013836860933,0.9866874441423072,1.0,0.007378413226538032,331597764576.0,17314636337298.219,16983038572722.219,4890,5728,0.0,0,0,True,,0.9135829371404972,4890.0,331597764576.0,-0.11622954717470668
India,IND,699,2014,Exports,world_relative,0.7883684070403725,0.9178027488653706,0.9900421108737307,1.0,0.006807631475651177,316584843905.0,17180906869482.68,16864322025577.68,4871,5695,0.0,0,0,True,,0.9096096852876404,4871.0,316584843905.0,-0.12124127824726794
India,IND,699,2015,Exports,world_relative,0.7797262623576813,0.8952935475437589,0.9469674628003355,1.0,0.004280145605564619,262070991911.0,14886939159151.531,14624868167240.531,4854,5604,0.0,0,0,True,,0.8974837836415659,4854.0,262070991911.0,-0.11775752128388461
India,IND,699,2016,Exports,world_relative,0.7790952000467768,0.8889134701727165,0.9492025110215756,1.0,0.003947882866417946,259505853437.0,14463507424510.889,14204001571073.889,4839,5573,0.0,0,0,True,,0.8953531990201518,4839.0,259505853437.0,-0.11625799897337497
India,IND,699,2017,Exports,world_relative,0.7850109493558465,0.8990293567958588,0.9465965942258245,0.9999999999999999,0.004004329352713931,293234817248.447,15912918159251.652,15619683342003.205,4996,5687,0.0,0,0,True,,0.8997285999319495,4996.0,293234817248.447,-0.11471765057610306
India,IND,699,2018,Exports,world_relative,0.780998989092508,0.9097485955414367,0.9822898583450472,0.9999999999999999,0.004851073086665483,322313404854.80505,17639705152038.016,17317391747183.207,5041,5667,0.0,0,0,True,,0.899874439005486,5043.0,322313814013.589,-0.11887544991297805
India,IND,699,2019,Exports,world_relative,0.7721146221233608,0.9021437155622043,0.9205983853942024,1.0,0.0048544169968522295,306835870470.045,17270046559346.42,16963210688876.375,4736,5523,0.0,0,0,True,,0.8968498695303364,5034.0,323038689363.938,-0.12473524740697561
India,IND,699,2020,Exports,world_relative,0.7771385663397167,0.8872672781882305,0.9504466990818968,0.9999999934351013,0.0034246778685641,275389162765.539,16099571053208.256,15824181890442.719,5020,5494,6.564898857473243e-09,0,0,True,,0.8911929672092309,5020.0,275389162765.539,-0.11405440086951424
India,IND,699,2021,Exports,world_relative,0.780326931534386,0.9050169683429937,0.9205053738850233,1.0,0.004226558020958525,376851181995.55005,20230697024887.18,19853845842891.63,4697,5489,0.0,0,0,True,,0.8963630802086231,5045.0,394725055699.24695,-0.11603614867423706
India,IND,699,2022,Exports,world_relative,0.7805130932468541,0.9237075373058109,0.917571396280296,1.0,0.006158001068931254,450255045125.411,22120815369208.133,21670560324082.723,5197,5839,0.0,0,0,True,,0.903626298347186,5197.0,450255045125.411,-0.12311320510033186
India,IND,699,2023,Exports,world_relative,0.7654782419950038,0.9155782717473314,0.9368723893617051,1.0,0.005938998175305394,426828482912.381,21325007050203.67,20898178567291.293,5154,5806,0.0,0,0,True,,0.90272672085051,5191.0,429823631421.923,-0.13724847885550617
India,IND,699,2024,Exports,world_relative,0.7616160889790015,0.9085407891776862,0.9408867981549706,1.0,0.005131024644805157,432326269537.48596,20562489519169.527,20130163249632.043,5185,5800,0.0,0,0,True,,0.8999682744883537,5180.0,429888686334.9721,-0.13835218550935224
Ireland,IRL,372,1992,Exports,world_relative,0.8696917726315275,0.9306031452058378,0.9265358118501821,1.0,0.0025943002196025804,27439176380.0,2374826502111.0,2347387325731.0,4102,5036,0.0,0,0,True,,0.9312740163333864,4102.0,27439176380.0,-0.06158224370185883
Ireland,IRL,372,1993,Exports,world_relative,0.8676446852028917,0.9250010119693651,0.9038064827965039,1.0,0.003044114632383324,26817003832.0,2718912702757.0,2692095698925.0,3587,5036,0.0,0,0,True,,0.9355055091695956,3587.0,26817003832.0,-0.0678608239667039
Ireland,IRL,372,1994,Exports,world_relative,0.8624487302232661,0.9165718540362581,0.8631481296177533,0.9999999999999999,0.0029948508997226977,32328833201.0,3636838351757.0,3604509518556.0,3584,5036,0.0,0,0,True,,0.9386972446978668,3584.0,32328833201.0,-0.07624851447460068
Ireland,IRL,372,1995,Exports,world_relative,0.8671430173961373,0.922435748438906,0.8589599058670795,1.0,0.0036515656334883853,40778909180.0,4343603232603.0,4302824323423.0,3530,5036,0.0,0,0,True,,0.9432514189789638,3530.0,40778909180.0,-0.0761084015828265
Ireland,IRL,372,1996,Exports,world_relative,0.8754190110061149,0.9291579682250746,0.833673896095924,1.0,0.0027346521506418646,45565355623.0,4650994076708.0,4605428721085.0,3673,5384,0.0,0,0,True,,0.9393835519043144,3673.0,45565355623.0,-0.06396454089819958
Ireland,IRL,372,1997,Exports,world_relative,0.859479599442414,0.9177242041395313,0.8599453672078303,1.0,0.003556179665777839,50671328872.0,4735993736441.0,4685322407569.0,3717,5377,0.0,0,0,True,,0.9423901049806456,3717.0,50671328872.0,-0.08291050553823154
Ireland,IRL,372,1998,Exports,world_relative,0.8700430373676576,0.916338548841962,0.8680397730219138,1.0,0.0035214960324681964,61089724032.0,4800267515662.0,4739177791630.0,3722,5377,0.0,0,0,True,,0.9510080888711804,3722.0,61089724032.0,-0.08096505150352273
Ireland,IRL,372,1999,Exports,world_relative,0.8728627368320975,0.9211763960307141,0.8903935815638495,1.0,0.004044008824587189,68195459843.0,5131446891996.0,5063251432153.0,3858,5363,0.0,0,0,True,,0.9560034069080778,3858.0,68195459843.0,-0.08314067007598036
Ireland,IRL,372,2000,Exports,world_relative,0.8714378256975782,0.915804446043759,0.8834286830693476,1.0,0.004848941508415656,74358733358.026,5817244525651.065,5742885792293.039,3882,5338,0.0,0,0,True,,0.9608480359350398,3882.0,74358733358.026,-0.08941021023746154
Ireland,IRL,372,2001,Exports,world_relative,0.8710118761897213,0.9190950725019122,0.9435900678978646,1.0000000000000002,0.00502585456625265,79636176554.478,5632048942793.863,5552412766239.385,3843,5274,0.0,0,0,True,,0.962336527350236,3843.0,79636176554.478,-0.09132465116051469
Ireland,IRL,372,2002,Exports,world_relative,0.8759395136787499,0.9230870584190339,0.925543853478661,1.0,0.005643776217393886,85808792799.531,5923913766916.5625,5838104974117.031,3912,5570,0.0,0,0,True,,0.9637889318562456,3912.0,85808792799.531,-0.0878494181774957
Ireland,IRL,372,2003,Exports,world_relative,0.8869528234737508,0.9313209479157633,0.9189801615041376,1.0,0.004944765657936479,89391946251.782,6921292294244.205,6831900347992.424,3917,5579,0.0,0,0,True,,0.9624587660346235,3917.0,89391946251.782,-0.07550594256087273
Ireland,IRL,372,2004,Exports,world_relative,0.8874935493949013,0.9332426848181172,0.9192769986580906,0.9999999999999999,0.005113505244092493,100968243874.548,8351471957607.767,8250503713733.218,3918,5577,0.0,0,0,True,,0.9623536508729597,3918.0,100968243874.548,-0.07486010147805833
Ireland,IRL,372,2005,Exports,world_relative,0.8964053830760186,0.9301293866497221,0.9283718517313121,1.0,0.004256601463727275,103963961002.37,9463776638949.371,9359812677947.002,3840,5541,0.0,0,0,True,,0.9630209419636272,3840.0,103963961002.37,-0.06661555888760862
Ireland,IRL,372,2006,Exports,world_relative,0.8962640033042973,0.9291293850089456,0.9227882432958143,1.0,0.004269513526808296,106026130993.35199,11029272427409.55,10923246296416.2,3856,5520,0.0,0,0,True,,0.9634897184532056,3856.0,106026130993.352,-0.0672257151489083
Ireland,IRL,372,2007,Exports,world_relative,0.8953016825897685,0.9253053579855698,0.922352696054812,1.0,0.0036552975647133,120332729864.123,12696329386535.996,12575996656671.873,3802,5784,0.0,0,0,True,,0.9629118295344232,3802.0,120332729864.123,-0.06761014694465473
Ireland,IRL,372,2008,Exports,world_relative,0.9034454861034894,0.9303631547215663,0.8193440490025579,1.0,0.0036952663372349704,126100139971.474,14679230251059.18,14553130111087.703,3753,5668,0.0,0,0,True,,0.9641642638110944,3753.0,126100139971.474,-0.06071877770760503
Ireland,IRL,372,2009,Exports,world_relative,0.900005742037957,0.9408913667922765,0.9238399014821308,1.0,0.005088514398659481,117548346469.979,11155952807789.14,11038404461319.162,3786,5601,0.0,0,0,True,,0.9686855801758024,3786.0,117548346469.979,-0.0686798381378454
Ireland,IRL,372,2010,Exports,world_relative,0.9143036760504215,0.9443400221761034,0.9172105249664203,1.0,0.004059997876722145,116077818586.201,13603195025663.61,13487117207077.408,3816,5533,0.0,0,0,True,,0.9665453892439166,3816.0,116077818586.201,-0.05224171319349513
Ireland,IRL,372,2011,Exports,world_relative,0.9162726021804747,0.9369127328332683,0.9143053622794122,0.9999999999999998,0.0035901326799865946,128660699959.75102,16465456215640.959,16336795515681.207,3826,5430,0.0,0,0,True,,0.9655985415277804,3826.0,128660699959.75098,-0.04932593934730567
Ireland,IRL,372,2012,Exports,world_relative,0.9154712378438156,0.9334971159485823,0.9211293107139789,1.0,0.003362618326925049,118789868916.957,16687135437611.117,16568345568694.162,3991,5738,0.0,0,0,True,,0.9659623838603242,3991.0,118789868916.95695,-0.050491146016508615
Ireland,IRL,372,2013,Exports,world_relative,0.9182005270098789,0.937412931648003,0.8454390930496971,1.0000000000000002,0.00302425162298237,116863127583.56398,17314636337298.219,17197773209714.652,3987,5728,0.0,0,0,True,,0.9650844082313108,3987.0,116863127583.564,-0.046883881221431944
Ireland,IRL,372,2014,Exports,world_relative,0.9147465485996708,0.9392304897224624,0.927490582161258,1.0,0.003204198667033861,121350642944.89201,17180906869482.68,17059556226537.787,3964,5695,0.0,0,0,True,,0.9641885856134946,3964.0,121350642944.892,-0.04944203701382388
Ireland,IRL,372,2015,Exports,world_relative,0.9120687001214586,0.944832242634206,0.9271596213609521,1.0,0.0038097320403219885,123400551823.56299,14886939159151.531,14763538607327.969,3993,5604,0.0,0,0,True,,0.9675981616675357,3993.0,123400551823.56302,-0.055529461546077075
Ireland,IRL,372,2016,Exports,world_relative,0.906794695589377,0.9416070385094686,0.9388211786667173,1.0,0.004056920018018362,131005684214.17,14463507424510.889,14332501740296.72,3970,5573,0.0,0,0,True,,0.9687750499041888,3970.0,131005684214.17,-0.06198035431481186
Ireland,IRL,372,2017,Exports,world_relative,0.9063998189713983,0.9297280866301745,0.9433526152604701,0.9999999999999998,0.0033723402500805966,137654934237.99802,15912918159251.652,15775263225013.652,4070,5687,0.0,0,0,True,,0.967733589842201,4070.0,137654934237.998,-0.06133377087080272
Ireland,IRL,372,2018,Exports,world_relative,0.9149075700588146,0.937354466108618,0.9436172148506463,1.0,0.0032905724643220446,164811145122.912,17639705152038.016,17474894006915.1,4115,5667,0.0,0,0,True,,0.9714422158190794,4115.0,164811145122.91202,-0.05653464576026479
Ireland,IRL,372,2019,Exports,world_relative,0.9113216917832713,0.9324376329533769,0.9423374822346626,0.9999999999999998,0.0035277853479047296,169666016129.238,17270046559346.42,17100380543217.182,4127,5523,0.0,0,0,True,,0.9731615545177568,4127.0,169666016129.23798,-0.061839862734485496
Ireland,IRL,372,2020,Exports,world_relative,0.9111765179819373,0.9366359289667153,0.937915406924529,0.9999999370967132,0.0043986743030659595,184158134905.189,16099571053208.256,15915412918303.068,4035,5494,6.290328692763925e-08,0,0,True,,0.9754438846089116,4035.0,184158134905.18903,-0.0642673666269743
Ireland,IRL,372,2021,Exports,world_relative,0.9090347243578614,0.9347734528941639,0.9559051825890957,1.0,0.004080811952955404,195244040768.52298,20230697024887.18,20035452984118.656,4551,5489,0.0,0,0,True,,0.9751890474130364,4551.0,195332845148.758,-0.06615432305517499
Ireland,IRL,372,2022,Exports,world_relative,0.9131075386976019,0.9280325334849219,0.9648278058837679,0.9999999223211922,0.003766895748997884,215628848895.77496,22120815369208.133,21905186520312.36,4683,5838,7.767880821965561e-08,0,0,True,,0.9760257743103578,4693.0,219261338036.765,-0.06291823561275589
Ireland,IRL,372,2023,Exports,world_relative,0.9101061239335819,0.9300380588710936,0.9656429844192422,0.9999999999999999,0.003402368391192426,212185501260.48203,21325007050203.67,21112821548943.19,4711,5806,0.0,0,0,True,,0.9749660604546424,4711.0,212185501260.4821,-0.06485993652106048
Ireland,IRL,372,2024,Exports,world_relative,0.909341627742479,0.9333088347187841,0.9763111586535463,1.0,0.003848119852695035,241995087870.66803,20562489519169.527,20320494431298.863,4705,5800,0.0,0,0,True,,0.9772356879793368,4705.0,241995087870.668,-0.06789406023685784
Italy,ITA,380,1994,Exports,world_relative,0.6598322266116391,0.765412117869334,0.9773162621362232,1.0,0.0016777881494396346,188277537231.0,3636838351757.0,3448560814526.0,4893,5036,0.0,0,0,True,,0.8136606929120047,4893.0,188277537231.0,-0.15382846630036562
Italy,ITA,380,1995,Exports,world_relative,0.654051598489303,0.7665840116486967,0.9820962089392629,1.0,0.0016896766916156577,227048757745.0,4343603232603.0,4116554474858.0,4885,5036,0.0,0,0,True,,0.8063808171216957,4555.0,222764955235.0,-0.15232921863239268
Italy,ITA,380,1996,Exports,world_relative,0.6725797411011528,0.774695284486036,0.952938342745071,1.0,0.0014984235826035587,249041230534.0,4650994076708.0,4401952846174.0,4980,5384,0.0,0,0,True,,0.8137403198513173,4980.0,249041230534.0,-0.14116057875016452
Italy,ITA,380,1997,Exports,world_relative,0.6704198644770493,0.7642377406734671,0.9733363837674821,1.0,0.0015707205601997207,235087169100.0,4735993736441.0,4500906567341.0,4981,5377,0.0,0,0,True,,0.8139669397501936,4981.0,235087169100.0,-0.14354707527314436
Italy,ITA,380,1998,Exports,world_relative,0.6639330205224437,0.7579360403259059,0.971829729403555,1.0,0.001626374095961856,239276173136.0,4800267515662.0,4560991342526.0,4972,5377,0.0,0,0,True,,0.8155196986513837,4972.0,239276173136.0,-0.15158667812894
Italy,ITA,380,1999,Exports,world_relative,0.6606718870989082,0.7526789267171294,0.9791424956499706,1.0,0.0017419250115681651,231208773582.0,5131446891996.0,4900238118414.0,4960,5363,0.0,0,0,True,,0.8153283200369312,4966.0,232085334551.0,-0.154656432938023
Italy,ITA,380,2000,Exports,world_relative,0.6646597559588739,0.7718267127096503,0.9867883608433873,1.0,0.0022403174303613116,237667248778.27197,5817244525651.065,5579577276872.793,4959,5338,0.0,0,0,True,,0.8197075564916732,4959.0,237667248778.27197,-0.1550478005327992
Italy,ITA,380,2001,Exports,world_relative,0.6655628902471811,0.7645668682842509,0.9598905515292258,0.9999999999999999,0.0021727549471651326,234760952313.56702,5632048942793.863,5397287990480.296,4596,5274,0.0,0,0,True,,0.8192620054911404,4928.0,239413169339.513,-0.1536991152439593
Italy,ITA,380,2002,Exports,world_relative,0.6644799438593908,0.740886016336774,0.9561015130133294,1.0,0.002029544588041725,243996487592.32898,5923913766916.5625,5679917279324.233,4676,5570,0.0,0,0,True,,0.8207705410313721,5013.0,247782887638.291,-0.15629059717198135
Italy,ITA,380,2003,Exports,world_relative,0.6630893110361437,0.7450984059059054,0.9577286727173439,0.9999999999999999,0.002050645896597517,284010291045.801,6921292294244.205,6637282003198.404,4669,5579,0.0,0,0,True,,0.8216947853294847,4997.0,287031788487.47,-0.15860547429334104
Italy,ITA,380,2004,Exports,world_relative,0.6594679618904,0.7417721851583203,0.9568127425318169,1.0,0.0020055683554818463,335953530672.777,8351471957607.767,8015518426934.99,4671,5577,0.0,0,0,True,,0.8156679311554205,4695.0,336131907784.146,-0.15619996926502044
Italy,ITA,380,2005,Exports,world_relative,0.6585441300424897,0.7533583327622673,0.9570209717512197,0.9999999999999999,0.002250065829800263,354059964448.06604,9463776638949.371,9109716674501.305,4682,5541,0.0,0,0,True,,0.8174166392665929,4682.0,354059964448.06604,-0.15887250922410323
Italy,ITA,380,2006,Exports,world_relative,0.6566619801014565,0.7558943355278491,0.987718009012801,0.9999999999999999,0.002293237595974964,402365449232.30304,11029272427409.55,10626906978177.246,5025,5520,0.0,0,0,True,,0.8227165519056234,5032.0,405984901753.7,-0.16605457180416694
Italy,ITA,380,2007,Exports,world_relative,0.6563912854467588,0.7603503780413755,0.9804644346433863,1.0,0.002260916820311185,476630530509.451,12696329386535.996,12219698856026.543,4772,5784,0.0,0,0,True,,0.8184775770323849,4868.0,484994333566.15405,-0.16208629158562604
Italy,ITA,380,2008,Exports,world_relative,0.6649830210941545,0.7701583706212458,0.9707331100829771,1.0,0.0025656686159652637,514813991481.9341,14679230251059.18,14164416259577.244,4511,5668,0.0,0,0,True,,0.8192027936353932,4854.0,524271698901.12,-0.15421977254123864
Italy,ITA,380,2009,Exports,world_relative,0.6594265060804768,0.7812482741456889,0.9674803681693224,1.0,0.0022871159917340175,384624400235.31604,11155952807789.14,10771328407553.824,4505,5601,0.0,0,0,True,,0.8137312642536227,4520.0,384594448208.24097,-0.15430475817314593
Italy,ITA,380,2010,Exports,world_relative,0.6598648135823699,0.7982393153744327,0.9926000891426527,1.0,0.002469959085110297,437708913187.0,13603195025663.61,13165486112476.61,4881,5533,0.0,0,0,True,,0.817128038238718,4881.0,437708913187.0,-0.15726322465634812
Italy,ITA,380,2011,Exports,world_relative,0.6639937600943348,0.7944369637551281,0.9897632984232481,1.0,0.0026468456127374624,512170884900.0,16465456215640.959,15953285330740.959,4879,5430,0.0,0,0,True,,0.8190579213695697,4879.0,512328673779.0,-0.15506416127523492
Italy,ITA,380,2012,Exports,world_relative,0.6611451253780997,0.7981936561488288,0.9872348314923981,0.9999999999999999,0.003066413819384592,484528083938.0,16687135437611.117,16202607353673.121,5007,5738,0.0,0,0,True,,0.8243822583681548,4680.0,477174731544.0,-0.16323713299005516
Italy,ITA,380,2013,Exports,world_relative,0.670957985640447,0.7875268092149063,0.9924872609864963,0.9999999999999999,0.002681662670105774,506665111588.0,17314636337298.219,16807971225710.219,5003,5728,0.0,0,0,True,,0.8277438009077374,5003.0,506665111588.0,-0.1567858152672904
Italy,ITA,380,2014,Exports,world_relative,0.6635547785894637,0.7812634791570363,0.9932742096320528,1.0,0.002478137099438251,518353219208.0,17180906869482.68,16662553650274.68,5013,5695,0.0,0,0,True,,0.827984403607434,5013.0,518353219208.0,-0.16442962501797032
Italy,ITA,380,2015,Exports,world_relative,0.640328540760709,0.7612762501465471,0.992727374722402,1.0,0.0022933348116608234,444738209918.124,14886939159151.531,14442200949233.41,4987,5604,0.0,0,0,True,,0.8206106470635588,4550.0,434778317062.238,-0.1802821063028498
Italy,ITA,380,2016,Exports,world_relative,0.6400947172012262,0.7549206174450638,0.9715576374656553,1.0,0.002269198993544292,439415332522.634,14463507424510.889,14024092091988.258,4542,5573,0.0,0,0,True,,0.8215145431044202,4554.0,439421881073.478,-0.18141982590319394
Italy,ITA,380,2017,Exports,world_relative,0.6416809865793427,0.7664441588084131,0.9930592790736075,1.0,0.002258985804456483,497215578652.169,15912918159251.652,15415702580599.482,5157,5687,0.0,0,0,True,,0.8341873171934382,5157.0,497215578652.169,-0.1925063306140955
Italy,ITA,380,2018,Exports,world_relative,0.64755541575759,0.7659981510848174,0.9907967068828257,1.0,0.0022619584370187663,538760278853.782,17639705152038.016,17100944873184.23,5121,5667,0.0,0,0,True,,0.832366263322512,5121.0,538760278853.782,-0.18481084756492194
Italy,ITA,380,2019,Exports,world_relative,0.6527523761486457,0.7891947795022353,0.9849083179058409,1.0,0.002338284240462011,509663023145.079,17270046559346.42,16760383536201.342,5016,5523,0.0,0,0,True,,0.8377850881354267,5016.0,509660008478.537,-0.18503271198678106
Italy,ITA,380,2020,Exports,world_relative,0.6499175060457549,0.7844618075846544,0.9601910253195045,1.0,0.0023813043414016976,470541764322.72595,16099571053208.256,15629029288885.531,4619,5495,0.0,0,0,True,,0.8300358201151503,4629.0,470583682368.8139,-0.18011831406939538
Italy,ITA,380,2021,Exports,world_relative,0.6605116019705729,0.7646591950996352,0.9614495208055287,1.0,0.002126673479939483,578281438607.364,20230697024887.18,19652415586279.82,4583,5489,0.0,0,0,True,,0.8263995031515059,4584.0,578281440073.962,-0.165887901180933
Italy,ITA,380,2022,Exports,world_relative,0.6546605909190196,0.7954446735010504,0.9893918144491416,1.0,0.0026740357880657454,632910175817.646,22120815369208.133,21487905193390.49,5294,5839,0.0,0,0,True,,0.8429154309777489,5243.0,629587750646.4819,-0.18825484005872928
Italy,ITA,380,2023,Exports,world_relative,0.6475771491951858,0.7807015939271362,0.9877553397757471,0.9999999458198934,0.0025680243936767313,653589465853.028,21325007050203.67,20671417584350.65,5317,5805,5.418010670319304e-08,0,0,True,,0.845989626464785,5314.0,651504831745.352,-0.1984124772695992
Italy,ITA,380,2024,Exports,world_relative,0.6520769707104408,0.7860234608392979,0.9845695005132206,0.9999999999999998,0.0024887955707123387,628773462492.4741,20562489519169.527,19933716056677.055,5306,5800,0.0,0,0,True,,0.8483810347823186,5306.0,628773462492.474,-0.19630406407187784
Japan,JPN,392,1988,Exports,world_relative,0.824624263919304,0.9120938140230003,0.9170307886550528,0.9994950402281112,0.002176840207479863,261479080811.0,457950101829.0,196471021018.0,4603,5014,0.0005049597718887401,0,0,True,,0.8897918474936879,4603.0,261479080811.0,-0.0651675835743839
Japan,JPN,392,1989,Exports,world_relative,0.7902499462518003,0.9139516577912264,0.8612460558990234,1.0,0.0031465107611108735,271359117690.0,849811111830.0,578451994140.0,4590,5033,0.0,0,0,True,,0.8899183798407582,4590.0,271359117690.0,-0.09966843358895783
Japan,JPN,392,1990,Exports,world_relative,0.7834499629523733,0.9038593105116977,0.8814626979455557,0.9999999999999999,0.0030686881080565667,282557609847.0,964479726160.0,681922116313.0,4622,5035,0.0,0,0,True,,0.8907807359810702,4622.0,282557609847.0,-0.10733077302869687
Japan,JPN,392,1991,Exports,world_relative,0.7056140460874151,0.8962119557561349,0.894942320051626,1.0,0.00428985764643321,309656136918.0,1869438734616.0,1559782597698.0,4625,5035,0.0,0,0,True,,0.8920403031204085,4625.0,309656136918.0,-0.18642625703299343
Japan,JPN,392,1992,Exports,world_relative,0.7084583803182675,0.8990248534202008,0.8934755797921163,0.9999807475957668,0.004250432670889647,334457448641.0,2374826502111.0,2040369053470.0,4614,5035,1.9252404233076636e-05,0,0,True,,0.894345577873735,4614.0,334457448641.0,-0.18588719755546756
Japan,JPN,392,1993,Exports,world_relative,0.7017006550638405,0.8898658992435037,0.950265964308145,0.9999999999999999,0.004013709658135202,355005775227.0,2718912702757.0,2363906927530.0,4603,5036,0.0,0,0,True,,0.8953685321384024,4603.0,355005775227.0,-0.1936678770745619
Japan,JPN,392,1994,Exports,world_relative,0.6960232051737019,0.883152499538749,0.9206663626441983,1.0,0.0038840245681078037,388283598265.0,3636838351757.0,3248554753492.0,4612,5036,0.0,0,0,True,,0.8967110810525092,4612.0,388283598265.0,-0.20068787587880732
Japan,JPN,392,1995,Exports,world_relative,0.6859106761519954,0.8745906551647658,0.9248539020617208,1.0,0.003892568956245685,433871099122.0,4343603232603.0,3909732133481.0,4619,5036,0.0,0,0,True,,0.8958051904833217,4619.0,433871099122.0,-0.20989451433132633
Japan,JPN,392,1996,Exports,world_relative,0.7120271141164148,0.8794631376724781,0.8990210943782404,1.0,0.0032243575493580245,401062137997.0,4650994076708.0,4249931938711.0,4710,5384,0.0,0,0,True,,0.8924071360387451,4710.0,401062137997.0,-0.18038002192233027
Japan,JPN,392,1997,Exports,world_relative,0.6957992144495332,0.8745180994128721,0.9478241232890323,1.0,0.003772396021235724,409892086815.0,4735993736441.0,4326101649626.0,4735,5377,0.0,0,0,True,,0.8959591779185505,4735.0,409892086815.0,-0.20015996346901732
Japan,JPN,392,1998,Exports,world_relative,0.695703413299855,0.8764232789323924,0.9526476554927892,1.0,0.00410671476211525,376428035167.0,4800267515662.0,4423839480495.0,4695,5377,0.0,0,0,True,,0.8998839103937513,4695.0,376428035167.0,-0.2041804970938963
Japan,JPN,392,1999,Exports,world_relative,0.6939419017474908,0.8750761560276212,0.9645496051786183,1.0,0.004425547568257055,404370606574.0,5131446891996.0,4727076285422.0,4726,5363,0.0,0,0,True,,0.9014104082332924,4726.0,404370606574.0,-0.20746850648580162
Japan,JPN,392,2000,Exports,world_relative,0.6995281131976268,0.8623177994264876,0.9603359268674452,1.0,0.00438470587936113,462442649241.0,5817244525651.065,5354801876410.065,4734,5338,0.0,0,0,True,,0.9050459720213476,4734.0,462442649241.0,-0.20551785882372087
Japan,JPN,392,2001,Exports,world_relative,0.7001691695411913,0.8668266639916435,0.9785788551956257,1.0,0.004364985795900276,387245058537.0,5632048942793.863,5244803884256.863,4701,5274,0.0,0,0,True,,0.902422522937906,4701.0,387245058537.0,-0.20225335339671469
Japan,JPN,392,2002,Exports,world_relative,0.6968532219792053,0.874698840294282,0.9202626015849661,1.0,0.004862661289609208,399698844978.0,5923913766916.5625,5524214921938.5625,4815,5570,0.0,0,0,True,,0.9063581732646911,4815.0,399698844978.0,-0.20950495128548585
Japan,JPN,392,2003,Exports,world_relative,0.7006295604860084,0.8670409333186995,0.9691494272348569,1.0,0.0045154976383675275,452761274303.0,6921292294244.205,6468531019941.205,4814,5579,0.0,0,0,True,,0.9070693435763604,4814.0,452761274303.0,-0.20643978309035194
Japan,JPN,392,2004,Exports,world_relative,0.6993847885972037,0.8557497240939076,0.9652605171622888,0.9999999999999999,0.004050998695456491,542117425582.0,8351471957607.767,7809354532025.767,4831,5577,0.0,0,0,True,,0.9072631484329584,4831.0,542117425582.0,-0.20787835983575476
Japan,JPN,392,2005,Exports,world_relative,0.7131852944319199,0.8591845489572875,0.9707088469103826,1.0,0.003793613460174889,568782680566.0,9463776638949.371,8894993958383.371,4839,5541,0.0,0,0,True,,0.9079609457808672,4839.0,568782680566.0,-0.19477565134894725
Japan,JPN,392,2006,Exports,world_relative,0.7207208174723534,0.8622281165314302,0.890708131645915,1.0,0.003749181860684402,616436947807.0,11029272427409.55,10412835479602.55,4834,5520,0.0,0,0,True,,0.9099991303351522,4834.0,616436947807.0,-0.18927831286279884
Japan,JPN,392,2007,Exports,world_relative,0.7219426615028722,0.8577233194138509,0.9642902253775879,1.0,0.0032193159214330093,678729869891.0,12696329386535.996,12017599516644.996,4660,5784,0.0,0,0,True,,0.9074464887910898,4660.0,678729869891.0,-0.18550382728821757
Japan,JPN,392,2008,Exports,world_relative,0.7285226767240106,0.8580685555916489,0.9695850004223465,1.0,0.003274293766388404,744538834964.0,14679230251059.18,13934691416095.178,4660,5668,0.0,0,0,True,,0.9073989632137782,4660.0,744538834964.0,-0.1788762864897676
Japan,JPN,392,2009,Exports,world_relative,0.7162336116728463,0.8300708433137327,0.9580391114273027,1.0,0.002855740881319414,546460213659.0,11155952807789.14,10609492594130.14,4603,5601,0.0,0,0,True,,0.9015607580441288,4603.0,546460213659.0,-0.18532714637128256
Japan,JPN,392,2010,Exports,world_relative,0.7232123164935139,0.8359290557205937,0.9570932885005317,0.9999999999999999,0.0029961863669992197,729735156771.0,13603195025663.61,12873459868892.61,4590,5533,0.0,0,0,True,,0.9053531552538232,4590.0,729735156771.0,-0.1821408387603093
Japan,JPN,392,2011,Exports,world_relative,0.7341857367568709,0.8369617399133372,0.8714688056171984,1.0,0.002872446447476706,783800286665.0,16465456215640.959,15681655928975.959,4583,5430,0.0,0,0,True,,0.9036955977845232,4583.0,783800286665.0,-0.1695098610276523
Japan,JPN,392,2012,Exports,world_relative,0.7477859386518264,0.844143416895719,0.8636170048960666,1.0,0.0029424993886831173,763109924127.0,16687135437611.117,15924025513484.121,4608,5738,0.0,0,0,True,,0.9053052339215052,4608.0,763109924127.0,-0.15751929526967878
Japan,JPN,392,2013,Exports,world_relative,0.7462794844301067,0.847547336238412,0.8691553712373606,1.0,0.00323388048820592,679305847268.0,17314636337298.219,16635330490030.219,4608,5728,0.0,0,0,True,,0.9056683062256348,4608.0,679305847268.0,-0.15938882179552805
Japan,JPN,392,2014,Exports,world_relative,0.7367547136426671,0.8448483851022739,0.9640282921889695,1.0,0.0032067432172585824,654373110150.0,17180906869482.68,16526533759332.68,4606,5695,0.0,0,0,True,,0.9043796506149228,4606.0,654373110150.0,-0.16762493697225567
Japan,JPN,392,2015,Exports,world_relative,0.7202710024801969,0.8434707215502043,0.9567184273860455,1.0,0.003358204349298404,587837229985.0,14886939159151.531,14299101929166.531,4600,5604,0.0,0,0,True,,0.9049285228544854,4600.0,587837229985.0,-0.1846575203742885
Japan,JPN,392,2016,Exports,world_relative,0.7167538863707928,0.8481993534681748,0.9149953976519671,1.0,0.0035276924577831957,606749625853.0,14463507424510.889,13856757798657.89,4622,5573,0.0,0,0,True,,0.9061384318334342,4622.0,606749625853.0,-0.18938454546264138
Japan,JPN,392,2017,Exports,world_relative,0.7189246495128837,0.8332387464860656,0.954893431778655,1.0000000000000002,0.0031809659475778547,654063942768.3679,15912918159251.652,15258854216483.283,4710,5687,0.0,0,0,True,,0.9078603863295648,4710.0,654063942768.368,-0.18893573681668108
Japan,JPN,392,2018,Exports,world_relative,0.7296146101366188,0.8344984255262173,0.906714179596777,1.0,0.003032116776835586,692544662693.2369,17639705152038.016,16947160489344.773,4734,5667,0.0,0,0,True,,0.9077805459384912,4734.0,692544662693.2369,-0.17816593580187245
Japan,JPN,392,2019,Exports,world_relative,0.7350950337229492,0.8389604885365839,0.9033965532418247,1.0,0.003092786903133249,660671386478.2151,17270046559346.42,16609375172868.205,4711,5523,0.0,0,0,True,,0.9085924681889648,4711.0,660671386478.2151,-0.17349743446601562
Japan,JPN,392,2020,Exports,world_relative,0.7325138154362146,0.822607606079477,0.9235462457480923,1.0000000000000002,0.0028302242629338983,600218860752.1659,16099571053208.256,15499352192456.09,4677,5495,0.0,0,0,True,,0.9078467537891006,4677.0,600218860752.166,-0.175332938352886
Japan,JPN,392,2021,Exports,world_relative,0.7418227491030138,0.814976612066975,0.9581855262270554,1.0,0.002496569103151247,706683313979.851,20230697024887.18,19524013710907.33,4689,5489,0.0,0,0,True,,0.9072620979308016,4689.0,706683313979.851,-0.16543934882778777
Japan,JPN,392,2022,Exports,world_relative,0.7492143815888281,0.8247837585184484,0.9525469706537446,1.0,0.0027463077402380847,689794132937.484,22120815369208.133,21431021236270.652,4852,5839,0.0,0,0,True,,0.9103214008712854,4852.0,689794132937.4841,-0.1611070192824573
Japan,JPN,392,2023,Exports,world_relative,0.7406176625443335,0.8242003513494116,0.9063954599439615,1.0,0.0029956878700651895,661319372800.633,21325007050203.67,20663687677403.043,4846,5806,0.0,0,0,True,,0.9158745025767412,4857.0,661591547755.239,-0.1752568400324077
Japan,JPN,392,2024,Exports,world_relative,0.7335337776647783,0.8257395583026594,0.9085977089955211,0.9999999999999998,0.003209605112531144,646956314614.552,20562489519169.527,19915533204554.977,4814,5800,0.0,0,0,True,,0.9167091265905294,4858.0,647224312979.187,-0.18317534892575105
Korea,KOR,410,1988,Exports,world_relative,0.8274383500172354,0.8211252388808938,0.9457986978461993,0.9999980046512594,0.0034557016180669286,60567858412.0,457950101829.0,397382243417.0,4164,5018,1.9953487405467818e-06,0,0,True,,0.907759233140284,4164.0,60567858412.0,-0.08032088312304853
Korea,KOR,410,1989,Exports,world_relative,0.8195077920450667,0.8392403965125017,0.8972446426213065,1.0,0.002457449811764321,62356647419.0,849811111830.0,787454464411.0,4140,5033,0.0,0,0,True,,0.9044752512224788,4140.0,62356647419.0,-0.08496745917741211
Korea,KOR,410,1990,Exports,world_relative,0.8182151000888391,0.8491192891591592,0.8836081221921465,1.0,0.002249930143538847,65015672192.0,964479726160.0,899464053968.0,4142,5035,0.0,0,0,True,,0.9028874809505584,4142.0,65015672192.0,-0.08467238086171924
Korea,KOR,410,1991,Exports,world_relative,0.8281517843995091,0.8566891583735221,0.882250933617635,1.0,0.0022110121883844648,71869962965.0,1869438734616.0,1797568771651.0,4171,5035,0.0,0,0,True,,0.9054302965123822,4171.0,71869962965.0,-0.07727851211287307
Korea,KOR,410,1992,Exports,world_relative,0.8096256096591721,0.8672800287393003,0.917153347393486,1.0,0.0023434224472298503,76631180831.0,2374826502111.0,2298195321280.0,4171,5036,0.0,0,0,True,,0.904268350370134,4171.0,76631180831.0,-0.0946427407109619
Korea,KOR,410,1993,Exports,world_relative,0.7786925013825201,0.8654939940974721,0.9388281897156233,1.0,0.00278941065333428,82232115879.0,2718912702757.0,2636680586878.0,4249,5036,0.0,0,0,True,,0.9031332927228112,4249.0,82232115879.0,-0.12444079134029107
Korea,KOR,410,1994,Exports,world_relative,0.7711399275776684,0.8831657029653188,0.9052958952319065,0.9999999999999999,0.003060425065394935,96007669189.0,3636838351757.0,3540830682568.0,4345,5036,0.0,0,0,True,,0.905658781531693,4345.0,96007669189.0,-0.13451885395402463
Korea,KOR,410,1995,Exports,world_relative,0.7675855472203643,0.8994114980126365,0.9244531887983505,1.0,0.003919480629511505,125056450657.0,4343603232603.0,4218546781946.0,4398,5036,0.0,0,0,True,,0.9127727207744304,4398.0,125056450657.0,-0.14518717355406607
Korea,KOR,410,1996,Exports,world_relative,0.8115341191470494,0.8972681178615451,0.885107897542685,1.0,0.002471818013816822,129697704984.0,4650994076708.0,4521296371724.0,4454,5384,0.0,0,0,True,,0.9154786006193644,4454.0,129697704984.0,-0.10394448147231494
Korea,KOR,410,1997,Exports,world_relative,0.7934127465319446,0.8828953699659425,0.9436009935240366,0.9999999999999999,0.002812897615058882,136151024574.0,4735993736441.0,4599842711867.0,4447,5377,0.0,0,0,True,,0.9167445498851464,4447.0,136151024574.0,-0.12333180335320182
Korea,KOR,410,1998,Exports,world_relative,0.7921383990908853,0.8661436533550017,0.9264159786545447,1.0,0.0025155447457157337,132302322588.0,4800267515662.0,4667965193074.0,4478,5377,0.0,0,0,True,,0.9153280611576884,4478.0,132302322588.0,-0.12318966206680304
Korea,KOR,410,1999,Exports,world_relative,0.7821914558986164,0.8733595608151921,0.918005907971699,1.0,0.003202445636739845,143685399426.0,5131446891996.0,4987761492570.0,4484,5363,0.0,0,0,True,,0.9182093565861886,4484.0,143685399426.0,-0.13601790068757225
Korea,KOR,410,2000,Exports,world_relative,0.7506020547046467,0.877807366525021,0.9069704327837129,1.0,0.005449708846647046,172233906741.0,5817244525651.065,5645010618910.065,4492,5338,0.0,0,0,True,,0.9238143862132548,4492.0,172233906741.0,-0.17321233150860815
Korea,KOR,410,2001,Exports,world_relative,0.7451226579443166,0.8709003788642325,0.9063250734139394,0.9999999999999999,0.005104756949522293,150391806819.0,5632048942793.863,5481657135974.863,4477,5274,0.0,0,0,True,,0.9174736012368508,4477.0,150391806819.0,-0.1723509432925342
Korea,KOR,410,2002,Exports,world_relative,0.7267138923527117,0.8703986425260192,0.9508907374691301,1.0,0.005708875931589996,162427287820.0,5923913766916.5625,5761486479096.5625,4595,5570,0.0,0,0,True,,0.9205217656179296,4595.0,162427287820.0,-0.19380787326521798
Korea,KOR,410,2003,Exports,world_relative,0.7234288178958176,0.869657050762632,0.9563363940783115,1.0,0.005742183357392389,193776411108.0,6921292294244.205,6727515883136.205,4579,5579,0.0,0,0,True,,0.924407608956811,4579.0,193776411108.0,-0.20097879106099337
Korea,KOR,410,2004,Exports,world_relative,0.7222977269887837,0.8681716792315257,0.9072549558512734,1.0,0.005870763818723031,253804279993.0,8351471957607.767,8097667677614.767,4593,5577,0.0,0,0,True,,0.9301738999497536,4593.0,253804279993.0,-0.20787617296096994
Korea,KOR,410,2005,Exports,world_relative,0.7285235360323187,0.865862598016819,0.9583138827809754,1.0,0.005740902900160416,284374929150.0,9463776638949.371,9179401709799.371,4620,5541,0.0,0,0,True,,0.9324692676649567,4620.0,284374929150.0,-0.20394573163263807
Korea,KOR,410,2006,Exports,world_relative,0.7312742605760097,0.8632311846299318,0.8852857815087198,1.0,0.005823528549771435,325407367780.0,11029272427409.55,10703865059629.55,4595,5520,0.0,0,0,True,,0.9348571648203294,4595.0,325407367780.0,-0.20358290424431968
Korea,KOR,410,2007,Exports,world_relative,0.7559369888367568,0.8685412225043462,0.9597364547601215,1.0,0.00451573390965713,371422286882.0,12696329386535.996,12324907099653.996,4484,5784,0.0,0,0,True,,0.9348486244986388,4484.0,371422286882.0,-0.17891163566188206
Korea,KOR,410,2008,Exports,world_relative,0.763846797212278,0.8847997824455733,0.964796050880963,1.0,0.005182772289553682,421954786641.0,14679230251059.18,14257275464418.18,4524,5668,0.0,0,0,True,,0.9360820331442944,4524.0,421954786641.0,-0.1722352359320164
Korea,KOR,410,2009,Exports,world_relative,0.7670128136198348,0.8710336023404437,0.9151116700197554,1.0,0.004303909738715498,363486168262.0,11155952807789.14,10792466639527.14,4532,5601,0.0,0,0,True,,0.9365160318459532,4532.0,363486168262.0,-0.16950321822611847
Korea,KOR,410,2010,Exports,world_relative,0.7525964362957731,0.8648613853836625,0.9610464624775956,1.0,0.004632283797928693,466325209927.0,13603195025663.61,13136869815736.61,4541,5533,0.0,0,0,True,,0.9365190557492192,4541.0,466325209927.0,-0.18392261945344612
Korea,KOR,410,2011,Exports,world_relative,0.7498410449241457,0.8797089913782753,0.9604034237075051,1.0,0.005316848080334766,555142647456.0,16465456215640.959,15910313568184.959,4572,5430,0.0,0,0,True,,0.9356496366392136,4572.0,555142647456.0,-0.18580859171506792
Korea,KOR,410,2012,Exports,world_relative,0.7383983866751386,0.8791342039116883,0.9638609183604467,1.0,0.005694990890578434,547786800232.0,16687135437611.117,16139348637379.12,4640,5738,0.0,0,0,True,,0.933456939780517,4640.0,547786800232.0,-0.19505855310537845
Korea,KOR,410,2013,Exports,world_relative,0.7384599772771792,0.8731493431828958,0.9681153093756576,1.0,0.005505854331667704,559554446902.0,17314636337298.219,16755081890396.219,4683,5728,0.0,0,0,True,,0.933356982540029,4683.0,559554446902.0,-0.1948970052628498
Korea,KOR,410,2014,Exports,world_relative,0.7327174543226943,0.8692047652799247,0.9721178937910633,1.0,0.005218919639867066,573017060970.0,17180906869482.68,16607889808512.68,4691,5695,0.0,0,0,True,,0.9324539502987316,4691.0,573017060970.0,-0.19973649597603726
Korea,KOR,410,2015,Exports,world_relative,0.7202407293677154,0.8493418244210721,0.9850739188261155,1.0,0.004443434654474608,526696435465.0,14886939159151.531,14360242723686.531,4701,5604,0.0,0,0,True,,0.9317096460207924,4701.0,526696435465.0,-0.211468916653077
Korea,KOR,410,2016,Exports,world_relative,0.7148123675970097,0.8447811979205027,0.9797695819823655,1.0,0.004175843030727646,495359002339.0,14463507424510.889,13968148422171.89,4736,5573,0.0,0,0,True,,0.9295867806633612,4736.0,495359002339.0,-0.21477441306635148
Korea,KOR,410,2017,Exports,world_relative,0.7338934986091916,0.8594437128261352,0.986675145885621,1.0,0.004272556859205278,573577574949.0,15912918159251.652,15339340584302.652,4814,5687,0.0,0,0,True,,0.9342936510066746,4814.0,573577574949.0,-0.200400152397483
Korea,KOR,410,2018,Exports,world_relative,0.7320885580749138,0.8759511110473777,0.9795835290867188,1.0,0.004919581263904179,604757985058.0,17639705152038.016,17034947166980.012,4834,5667,0.0,0,0,True,,0.93422672375673,4834.0,604757985058.0,-0.2021381656818162
Korea,KOR,410,2019,Exports,world_relative,0.7220373823627227,0.8661408421987281,0.9853595160753094,1.0,0.0047312036079148,542124932008.0,17270046559346.42,16727921627338.422,4843,5523,0.0,0,0,True,,0.930402471615906,4843.0,542124932008.0,-0.2083650892531832
Korea,KOR,410,2020,Exports,world_relative,0.7231999709287599,0.8584758681366441,0.9807048945575835,1.0,0.004213930574955922,511518299843.0,16099571053208.256,15588052753365.256,4794,5495,0.0,0,0,True,,0.9303028951490884,4794.0,511518299843.0,-0.2071029242203285
Korea,KOR,410,2021,Exports,world_relative,0.7254710529431923,0.8667274906746409,0.9781558808270246,1.0,0.004497797501696852,643336155466.0,20230697024887.18,19587360869421.18,4808,5489,0.0,0,0,True,,0.933520530234718,4808.0,643336155466.0,-0.2080494772915258
Korea,KOR,410,2022,Exports,world_relative,0.7378484071316734,0.8788464091233206,0.97073611484577,0.9999999999999999,0.0051073185656971085,682212934626.0,22120815369208.133,21438602434582.133,4944,5839,0.0,0,0,True,,0.9362714656983536,4944.0,682212934626.0,-0.1984230585666802
Korea,KOR,410,2023,Exports,world_relative,0.723612347176996,0.860532347806271,0.9801505001583274,1.0,0.0046772743458009716,631759846501.0,21325007050203.67,20693247203702.67,4980,5806,0.0,0,0,True,,0.934082190553043,4980.0,631759846501.0,-0.21046984337604702
Korea,KOR,410,2024,Exports,world_relative,0.7295451489492926,0.8692128311351152,0.9846096991080188,1.0,0.004974809952462438,683089471519.0,20562489519169.527,19879400047650.527,5013,5800,0.0,0,0,True,,0.9391579788403824,5013.0,683089471519.0,-0.20961282989108987
Kyrgyzstan,KGZ,417,1995,Exports,world_relative,0.983998361603833,0.9686277124046943,0.1713966984779102,0.9999999999999998,0.0006101060528723482,408942697.0,4343603232603.0,4343194289906.0,446,5036,0.0,0,0,True,,0.8556164704749143,446.0,408942697.0,0.12838189112891873
Kyrgyzstan,KGZ,417,1996,Exports,world_relative,0.9849131967763228,0.9717922211364283,0.16459031017228898,1.0,0.0007944091042455411,505401483.0,4650994076708.0,4650488675225.0,464,5384,0.0,0,0,True,,0.8689533485843126,464.0,505401483.0,0.11595984819201022
Kyrgyzstan,KGZ,417,2000,Exports,world_relative,0.9811132590196789,0.9762563331966727,0.5555444285971318,1.0,0.001558652359914617,500845030.0,5817244525651.065,5816743680621.065,1607,5338,0.0,0,0,True,,0.9673621018282128,1607.0,500845030.0,0.013751157191466135
Kyrgyzstan,KGZ,417,2001,Exports,world_relative,0.9780425924681462,0.9725890499061023,0.5810900406997086,1.0000000000000002,0.0020689913845462057,469591348.0,5632048942793.863,5631579351445.863,1606,5274,0.0,0,0,True,,0.9704857204904797,1606.0,469591348.0,0.007556871977666524
Kyrgyzstan,KGZ,417,2002,Exports,world_relative,0.9815814710141655,0.9817478681403674,0.5013828418412108,0.9999999999999998,0.001479078524225083,453073953.0,5923913766916.5625,5923460692963.5625,1585,5570,0.0,0,0,True,,0.9650151400965464,1585.0,453073953.0,0.016566330917619054
Kyrgyzstan,KGZ,417,2003,Exports,world_relative,0.9835654796819816,0.9827917600289224,0.5625230710393576,0.9999999999999999,0.0010609358736921415,530332387.0,6921292294244.205,6920761961857.205,1490,5579,0.0,0,0,True,,0.9637017496772567,1490.0,530332387.0,0.019863730004724856
Kyrgyzstan,KGZ,417,2004,Exports,world_relative,0.9843876886503974,0.9808821830032266,0.5024247755098885,0.9999999999999998,0.0009368113149102451,656660383.0,8351471957607.767,8350815297224.767,1427,5577,0.0,0,0,True,,0.962817625229565,1427.0,656660383.0,0.02157006342083234
Kyrgyzstan,KGZ,417,2005,Exports,world_relative,0.9681903779820351,0.9668091209082504,0.6065500333018947,1.0,0.0031162033040264994,650258589.0,9463776638949.371,9463126380360.371,1444,5541,0.0,0,0,True,,0.9587433719728392,1444.0,650258589.0,0.009447006009195902
Kyrgyzstan,KGZ,417,2006,Exports,world_relative,0.95640371888682,0.9601546275391578,0.6280077983678776,1.0000000000000002,0.004578192492988364,786255863.0,11029272427409.55,11028486171546.55,1479,5520,0.0,0,0,True,,0.9514444285623878,1479.0,786255863.0,0.004959290324432208
Kyrgyzstan,KGZ,417,2007,Exports,world_relative,0.9503069358156435,0.9567493825708251,0.5817411355408629,1.0,0.0059012808587136706,1112619435.0,12696329386535.996,12695216767100.996,1464,5784,0.0,0,0,True,,0.9518158196081444,1464.0,1112619435.0,-0.0015088837925009146
Kyrgyzstan,KGZ,417,2008,Exports,world_relative,0.9637388123825713,0.9315027048193408,0.5709006827939537,1.0,0.004582006102835139,1158587570.0,14679230251059.18,14678071663489.18,1505,5668,0.0,0,0,True,,0.9542199613475252,1505.0,1158587570.0,0.009518851035046128
Kyrgyzstan,KGZ,417,2009,Exports,world_relative,0.9727968366818828,0.981309618698298,0.5872958140801694,0.9999999999999999,0.003992153868116363,991183470.0,11155952807789.14,11154961624319.14,1429,5601,0.0,0,0,True,,0.9573590731741568,1429.0,991183470.0,0.015437763507725966
Kyrgyzstan,KGZ,417,2010,Exports,world_relative,0.9629424527631937,0.9681044428025106,0.6350868419078626,1.0,0.005513156396298283,1317464161.0,13603195025663.61,13601877561502.61,1558,5533,0.0,0,0,True,,0.9632583857353888,1558.0,1317464161.0,-0.00031593297219512095
Kyrgyzstan,KGZ,417,2011,Exports,world_relative,0.9565958301469705,0.9673497049727694,0.6569156918716302,0.9999999999999998,0.006980623306394146,1918840205.0,16465456215640.959,16463537375435.959,1600,5430,0.0,0,0,True,,0.9646225807645484,1600.0,1918840205.0,-0.00802675061757796
Kyrgyzstan,KGZ,417,2012,Exports,world_relative,0.9389193765759836,0.9603800078248836,0.5711792654540955,0.9999999999999998,0.009112151878525718,1631872147.0,16687135437611.117,16685503565464.117,1615,5738,0.0,0,0,True,,0.9486626700828242,1615.0,1631872147.0,-0.009743293506840667
Kyrgyzstan,KGZ,417,2013,Exports,world_relative,0.9393112090996392,0.9602828652670928,0.6639889736942864,1.0,0.011470379750499556,1726962793.0,17314636337298.219,17312909374505.219,1657,5728,0.0,0,0,True,,0.9560136744607206,1657.0,1726962793.0,-0.016702465361081442
Kyrgyzstan,KGZ,417,2014,Exports,world_relative,0.9554108924021931,0.9640691716164539,0.6457977736396197,1.0,0.007460166118176974,1819460143.0,17180906869482.68,17179087409339.68,1676,5695,0.0,0,0,True,,0.961770891152608,1676.0,1819460143.0,-0.00635999875041493
Kyrgyzstan,KGZ,417,2015,Exports,world_relative,0.9482769187381882,0.9724860360406017,0.6542928946951179,0.9999999999999998,0.009053951510423144,1309960445.0,14886939159151.531,14885629198706.531,1615,5604,0.0,0,0,True,,0.9615161244005556,1615.0,1309960445.0,-0.01323920566236736
Kyrgyzstan,KGZ,417,2016,Exports,world_relative,0.9557825731154477,0.9739565374478659,0.6546034748539178,1.0,0.010052818718846293,1354934012.0,14463507424510.889,14462152490498.889,1430,5573,0.0,0,0,True,,0.9638190566642236,1430.0,1354934012.0,-0.008036483548775952
Kyrgyzstan,KGZ,417,2017,Exports,world_relative,0.9523060920401111,0.9709454243613456,0.699840925092621,1.0,0.0070230692479641655,1756150159.0,15912918159251.652,15911162009092.652,1720,5687,0.0,0,0,True,,0.9597738050406446,1720.0,1756150159.0,-0.007467713000533505
Kyrgyzstan,KGZ,417,2018,Exports,world_relative,0.9531989423913693,0.9549035778593007,0.7162838200598051,0.9999999999999999,0.00603431010940694,1827788248.0,17639705152038.016,17637877363790.016,1718,5667,0.0,0,0,True,,0.9634539036199086,1718.0,1827788248.0,-0.010254961228539305
Kyrgyzstan,KGZ,417,2019,Exports,world_relative,0.9533519214408592,0.962149959734872,0.6964488037685952,1.0,0.0066725581277221075,1977837823.0,17270046559346.42,17268068721523.42,1729,5523,0.0,0,0,True,,0.9633206000117298,1729.0,1977837823.0,-0.009968678570870582
Kyrgyzstan,KGZ,417,2020,Exports,world_relative,0.9550728299575305,0.9740447716038856,0.6497939025615429,0.9999999999999998,0.010473239344757695,1858639250.0,16099571053208.256,16097712413958.256,1484,5495,0.0,0,0,True,,0.966192846194005,1484.0,1858639250.0,-0.011120016236474517
Kyrgyzstan,KGZ,417,2021,Exports,world_relative,0.9559266804615861,0.975162820165771,0.6955391650572356,1.0,0.008170177314803967,2742508553.0,20230697024887.18,20227954516334.18,1827,5489,0.0,0,0,True,,0.9722048914935076,1827.0,2742508553.0,-0.016278211031921508
Kyrgyzstan,KGZ,417,2022,Exports,world_relative,0.9299047955805715,0.9312397024126065,0.6909460819803401,1.0,0.002671233382230972,2242475260.0,22120815369208.133,22118572893948.133,2022,5839,0.0,0,0,True,,0.9264899919275424,2022.0,2242475260.0,0.0034148036530290415
Kyrgyzstan,KGZ,417,2023,Exports,world_relative,0.9179483123947729,0.960726444875367,0.7169200946830673,1.0,0.00758740259206586,3331777885.0,21325007050203.67,21321675272318.67,2147,5806,0.0,0,0,True,,0.9492816663629806,2147.0,3331777885.0,-0.03133335396820769
Kyrgyzstan,KGZ,417,2024,Exports,world_relative,0.9308992717843204,0.9645972471058581,0.6882411330503937,0.9999999999999999,0.008029292591271994,3685343515.0,20562489519169.527,20558804175654.527,2014,5800,0.0,0,0,True,,0.9549922175355504,2014.0,3685343515.0,-0.02409294575123
Luxembourg,LUX,442,1999,Exports,world_relative,0.9154362637880756,0.865250237052526,0.861073841497132,1.0,0.0013377590625105527,7561339598.0,5131446891996.0,5123885552398.0,3358,5363,0.0,0,0,True,,0.9478291904791372,3358.0,7561339598.0,-0.03239292669106153
Luxembourg,LUX,442,2000,Exports,world_relative,0.9171418722248212,0.8870435268454451,0.8773059285777589,1.0,0.001758392115953706,7499705711.0,5817244525651.065,5809744819940.065,3387,5338,0.0,0,0,True,,0.9513331416710532,3387.0,7499705711.0,-0.034191269446231964
Luxembourg,LUX,442,2001,Exports,world_relative,0.9106555980584087,0.8974659901885612,0.8826605558592171,1.0,0.0020934874633801717,7974815203.0,5632048942793.863,5624074127590.863,3459,5274,0.0,0,0,True,,0.9517132761057804,3459.0,7974815203.0,-0.041057678047371704
Luxembourg,LUX,442,2002,Exports,world_relative,0.903935400669905,0.8855618153986987,0.8767957612233825,1.0,0.0021433098486792266,8228625389.0,5923913766916.5625,5915685141527.5625,3589,5570,0.0,0,0,True,,0.9505025561478078,3589.0,8228625389.0,-0.0465671554779028
Luxembourg,LUX,442,2003,Exports,world_relative,0.9005568127551248,0.8585257484791411,0.891095607675568,1.0,0.001717178150397025,9631671251.0,6921292294244.205,6911660622993.205,3562,5579,0.0,0,0,True,,0.9463497200661466,3562.0,9631671251.0,-0.04579290731102181
Luxembourg,LUX,442,2004,Exports,world_relative,0.9035515920091579,0.861459885100707,0.8909904822142026,0.9999999999999999,0.001636285995614318,11699844582.0,8351471957607.767,8339772113025.767,3572,5577,0.0,0,0,True,,0.947220758228303,3572.0,11699844582.0,-0.04366916621914507
Luxembourg,LUX,442,2005,Exports,world_relative,0.9039849908536842,0.8756804480682758,0.8932819254726492,0.9999999999999998,0.0016640617858353158,12154143043.0,9463776638949.371,9451622495906.371,3586,5541,0.0,0,0,True,,0.9471491755548992,3586.0,12154143043.0,-0.04316418470121497
Luxembourg,LUX,442,2006,Exports,world_relative,0.902021317124334,0.859864340506149,0.901094193217788,1.0,0.0015801348854014067,13568553773.0,11029272427409.55,11015703873636.55,3677,5520,0.0,0,0,True,,0.9486725428641434,3677.0,13568553773.0,-0.0466512257398094
Luxembourg,LUX,442,2007,Exports,world_relative,0.9038001304616216,0.8615901868428477,0.8901340887964448,1.0,0.0013054259707729946,15540614476.0,12696329386535.996,12680788772059.996,3611,5784,0.0,0,0,True,,0.9470789850039693,3611.0,15540614476.0,-0.0432788545423477
Luxembourg,LUX,442,2008,Exports,world_relative,0.9099434765794462,0.8542224069766269,0.9005340915615337,1.0,0.0010737808926166515,16896837945.0,14679230251059.18,14662333413114.18,3647,5668,0.0,0,0,True,,0.9469553650158548,3647.0,16896837945.0,-0.03701188843640857
Luxembourg,LUX,442,2009,Exports,world_relative,0.8996532869883377,0.8484859350979872,0.8957895797468799,1.0,0.0011904172433183152,12186455000.0,11155952807789.14,11143766352789.14,3611,5601,0.0,0,0,True,,0.9412424084296728,3611.0,12186455000.0,-0.041589121441335086
Luxembourg,LUX,442,2010,Exports,world_relative,0.911060461345111,0.8609682779807757,0.9038768572095393,1.0,0.001090424926863655,13541040005.0,13603195025663.61,13589653985658.61,3571,5533,0.0,0,0,True,,0.9443361551237366,3571.0,13541040005.0,-0.033275693778625604
Luxembourg,LUX,442,2011,Exports,world_relative,0.9098586690218861,0.8710676499714188,0.8858716475106463,1.0,0.0011437089270975758,15845995221.0,16465456215640.959,16449610220419.959,3587,5430,0.0,0,0,True,,0.945752525391117,3587.0,15845995221.0,-0.035893856369230925
Luxembourg,LUX,442,2012,Exports,world_relative,0.9086045565858137,0.8530520403078665,0.8107544784345557,1.0,0.0010980690135143096,13339671287.0,16687135437611.117,16673795766324.117,3668,5738,0.0,0,0,True,,0.944094403175174,3668.0,13339671287.0,-0.035489846589360274
Luxembourg,LUX,442,2013,Exports,world_relative,0.9084046137931865,0.8532490383848615,0.9122239716449372,1.0,0.0010706965115935617,13409398629.0,17314636337298.219,17301226938669.219,3729,5728,0.0,0,0,True,,0.9432570978060756,3729.0,13409398629.0,-0.034852484012889096
Luxembourg,LUX,442,2014,Exports,world_relative,0.9035862911982435,0.8622086515269883,0.91355810245382,1.0,0.0011876082690231518,14342293840.0,17180906869482.68,17166564575642.68,3722,5695,0.0,0,0,True,,0.9432310471860588,3722.0,14342293840.0,-0.03964475598781525
Luxembourg,LUX,442,2015,Exports,world_relative,0.8956839260842347,0.8432274984450112,0.9095207770398869,1.0,0.0012291293571260326,12259762989.0,14886939159151.531,14874679396162.531,3767,5604,0.0,0,0,True,,0.9420229209672208,3767.0,12259762989.0,-0.046338994882986095
Luxembourg,LUX,442,2016,Exports,world_relative,0.88800069540577,0.8364647014236097,0.9168760532650426,1.0,0.0013667208519361354,12386791959.0,14463507424510.889,14451120632551.889,3744,5573,0.0,0,0,True,,0.9411877479015456,3744.0,12386791959.0,-0.0531870524957756
Luxembourg,LUX,442,2017,Exports,world_relative,0.8941579925789263,0.8488963408729082,0.9070924454004261,1.0,0.0012018464268382383,11100259990.144,15912918159251.652,15901817899261.508,3744,5687,0.0,0,0,True,,0.939224378677441,3744.0,11100259990.144,-0.045066386098514766
Luxembourg,LUX,442,2018,Exports,world_relative,0.8961458404331347,0.8476958431149688,0.9283574587711553,1.0,0.0010729553479062503,14446130492.547,17639705152038.016,17625259021545.465,3905,5667,0.0,0,0,True,,0.9393521451173064,3509.0,13979862463.575,-0.04320630468417164
Luxembourg,LUX,442,2019,Exports,world_relative,0.8911208863364886,0.8401537465450092,0.9356017895475152,1.0,0.0011096564709706135,14250067848.282001,17270046559346.42,17255796491498.14,3963,5523,0.0,0,0,True,,0.9416480792207332,3963.0,14250067848.282,-0.050527192884244676
Luxembourg,LUX,442,2020,Exports,world_relative,0.8915992794460469,0.835970943005048,0.9073376814641455,0.9999999999999998,0.0010395274172247087,12587566118.670002,16099571053208.256,16086983487089.586,3657,5495,0.0,0,0,True,,0.9377486359851784,3581.0,12577426602.978,-0.04614935653913155
Luxembourg,LUX,442,2021,Exports,world_relative,0.8950679836146218,0.841192913793873,0.9139892459858675,1.0,0.0010100027725482132,15736621036.917,20230697024887.18,20214960403850.266,3911,5489,0.0,0,0,True,,0.9429658487172304,3911.0,15736621036.917,-0.04789786510260863
Luxembourg,LUX,442,2022,Exports,world_relative,0.9027155541173294,0.8556575901990437,0.8474876729069378,1.0,0.0009769636426176427,16352889255.035,22120815369208.133,22104462479953.1,4094,5839,0.0,0,0,True,,0.94622465098215,4094.0,16352889255.035,-0.04350909686482063
Luxembourg,LUX,442,2023,Exports,world_relative,0.8910108143707439,0.847528952321281,0.9263695930393612,1.0,0.0011989850331456937,16035672787.947,21325007050203.67,21308971377415.727,4044,5806,0.0,0,0,True,,0.9449965681431702,4044.0,16035672787.947,-0.053985753772426315
Luxembourg,LUX,442,2024,Exports,world_relative,0.8881927700847118,0.8491078543071862,0.8678312669018723,1.0,0.0013117569441696698,15301244097.161001,20562489519169.527,20547188275072.367,3990,5800,0.0,0,0,True,,0.9451728872814972,3990.0,15301244097.161,-0.05698011719678542
Mauritania,MRT,478,2000,Exports,world_relative,0.9993066584848547,0.999037561248476,0.001646070204539583,0.9999999999999999,0.0006614960124742034,227959366.0,5817244525651.065,5817016566285.065,11,5338,0.0,0,0,True,,0.8504318975067608,11.0,227959366.0,0.14887476097809382
Mauritania,MRT,478,2001,Exports,world_relative,0.9992281354734915,0.9989675639051301,0.002084480414369619,1.0,0.0007354056960647758,286948059.0,5632048942793.863,5631761994734.863,10,5274,0.0,0,0,True,,0.8406925641549643,10.0,286948059.0,0.15853557131852725
Mauritania,MRT,478,2002,Exports,world_relative,0.9991778116434622,0.9989163026048926,0.001383061860489457,1.0,0.0007879151019474552,272366671.0,5923913766916.5625,5923641400245.5625,9,5570,0.0,0,0,True,,0.8266372381026996,9.0,272366671.0,0.17254057354076258
Mauritania,MRT,478,2003,Exports,world_relative,0.999285029130151,0.998959496886322,0.0013127684539507088,1.0,0.0006868376784104728,281322620.0,6921292294244.205,6921010971624.205,9,5579,0.0,0,0,True,,0.8106018981970868,9.0,281322620.0,0.1886831309330642
Mauritania,MRT,478,2004,Exports,world_relative,0.9991209330891231,0.9986996284525803,0.0017238245165272473,1.0,0.0008388956532989103,403528943.0,8351471957607.767,8351068428664.767,15,5577,0.0,0,0,True,,0.8835860615496587,15.0,403528943.0,0.1155348715394644
Mauritania,MRT,478,2005,Exports,world_relative,0.9984761743470771,0.9980220256995784,0.002379961762423833,1.0,0.0014531881170313586,519318813.0,9463776638949.371,9463257320136.371,15,5541,0.0,0,0,True,,0.8953811533365985,15.0,519318813.0,0.10309502101047863
Mauritania,MRT,478,2007,Exports,world_relative,0.9762891634814941,0.9308795517373325,0.07384998346050442,1.0,0.019013280662866425,1280987411.0,12696329386535.996,12695048399124.996,13,5784,0.0,0,0,True,,0.757676097099443,13.0,1280987411.0,0.21861306638205114
Mauritania,MRT,478,2008,Exports,world_relative,0.9752335567012266,0.9136036855733054,0.09590257366524342,0.9999540751184582,0.020113126178276954,1538098687.0,14679230251059.18,14677692152372.18,32,5665,4.592488154175247e-05,0,0,True,,0.9034576288252498,32.0,1538098687.0,0.07177592787597675
Mauritania,MRT,478,2009,Exports,world_relative,0.9772802229247628,0.9345179824360177,0.07277573961626935,1.0,0.0182893461210446,779374777.0,11155952807789.14,11155173433012.14,32,5601,0.0,0,0,True,,0.8831189223310598,32.0,779374777.0,0.09416130059370298
Mauritania,MRT,478,2010,Exports,world_relative,0.9797231560216098,0.9254430787959131,0.09441474743842655,0.9999999999999999,0.014406155181438136,1412365808.0,13603195025663.61,13601782659855.61,70,5533,0.0,0,0,True,,0.926240318916423,70.0,1412365808.0,0.053482837105186753
Mauritania,MRT,478,2011,Exports,world_relative,0.9852858300744811,0.9187930931838793,0.13021074302112193,0.9999999999999999,0.00997372082966631,1059688974.0,16465456215640.959,16464396526666.959,71,5430,0.0,0,0,True,,0.9222111496784192,71.0,1059688974.0,0.0630746803960619
Mauritania,MRT,478,2012,Exports,world_relative,0.973228017314276,0.8994649506128722,0.15452227419544587,1.0,0.011670209688717828,2623807382.0,16687135437611.117,16684511630229.117,79,5738,0.0,0,0,True,,0.9078305546076896,79.0,2623807382.0,0.06539746270658642
Mauritania,MRT,478,2013,Exports,world_relative,0.9938983367555303,0.9758374375572038,0.06104686554677067,1.0,0.0030750131739146454,2462517243.0,17314636337298.219,17312173820055.219,67,5728,0.0,0,0,True,,0.93668814113789,67.0,2462517243.0,0.05721019561764029
Mauritania,MRT,478,2014,Exports,world_relative,0.9932290952133344,0.971998171232849,0.05471837893661565,0.9991868677391826,0.0026068160795925453,2139810562.0,17180906869482.68,17178767058920.68,68,5694,0.0008131322608173947,0,0,True,,0.903402386671318,68.0,2139810562.0,0.08982670854201635
Mauritania,MRT,478,2015,Exports,world_relative,0.9930025330808825,0.96183285961501,0.08415650841646255,1.0000000000000002,0.0035268200518794525,1831727139.1999998,14886939159151.531,14885107432012.334,65,5604,0.0,0,0,True,,0.8926625905399566,65.0,1831727139.2,0.10033994254092593
Mauritania,MRT,478,2016,Exports,world_relative,0.996545244744272,0.9925045966422644,0.03364647970003376,1.0,0.0013110341237331782,1547214199.0,14463507424510.889,14461960210311.889,103,5573,0.0,0,0,True,,0.9434364292969728,103.0,1547214199.0,0.053108815447299174
Mauritania,MRT,478,2017,Exports,world_relative,0.996378054502956,0.9926929736622946,0.02232209869600254,1.0,0.001366637653726582,1989430771.147,15912918159251.652,15910928728480.504,89,5687,0.0,0,0,True,,0.9347508872804988,89.0,1989430771.147,0.0616271672224572
Mauritania,MRT,478,2018,Exports,world_relative,0.9972153053637609,0.9915969397174234,0.04978467766141986,1.0,0.0010988751013511345,2051854542.9699998,17639705152038.016,17637653297495.043,102,5667,0.0,0,0,True,,0.9420292466877952,102.0,2051854542.97,0.05518605867596571
Mauritania,MRT,478,2019,Exports,world_relative,0.9986878744774926,0.9970684676658489,0.03398261591433421,0.9999999999999999,0.0007165314915012807,2264863618.9900002,17270046559346.42,17267781695727.43,106,5523,0.0,0,0,True,,0.956181126310848,106.0,2264863618.99,0.04250674816664468
Mauritania,MRT,478,2020,Exports,world_relative,0.9822758325234029,0.9729423126110048,0.22408140396035622,1.0,0.0058707150310708875,2828725411.259,16099571053208.256,16096742327796.998,284,5495,0.0,0,0,True,,0.9732194277640224,284.0,2828725411.2590003,0.00905640475938052
Mauritania,MRT,478,2021,Exports,world_relative,0.9863980592362014,0.9832392304526761,0.18953414559472465,0.9999999999999998,0.00684202650671301,3266988807.7699995,20230697024887.18,20227430036079.414,304,5489,0.0,0,0,True,,0.9806586130280692,304.0,3266988807.77,0.0057394462081321596
Mauritania,MRT,478,2022,Exports,world_relative,0.9836011997562875,0.9777315257113748,0.19924372468964344,0.9999999999999998,0.006149981572984801,3778018558.885,22120815369208.133,22117037350649.25,300,5839,0.0,0,0,True,,0.9778950141549284,300.0,3778018558.885,0.005706185601359048
Mauritania,MRT,478,2023,Exports,world_relative,0.9791527244136004,0.9751371495802937,0.27650481959042783,1.0,0.007796208583501083,4065189554.4160004,21325007050203.67,21320941860649.258,317,5806,0.0,0,0,True,,0.9775093193679514,317.0,4065189554.4159994,0.0016434050456489713
Mauritania,MRT,478,2024,Exports,world_relative,0.979075377345286,0.9746668586405928,0.23692954921455023,1.0,0.00845585469573664,4149547480.4069996,20562489519169.527,20558339971689.12,290,5800,0.0,0,0,True,,0.9778111380139268,290.0,4149547480.407,0.0012642393313592182
Mexico,MEX,484,1990,Exports,world_relative,0.8578216459064628,0.9439031842784217,0.9159067592471294,1.0,0.011806126203701956,26344665224.0,964479726160.0,938135060936.0,4149,5035,0.0,0,0,True,,0.9490982808662562,4149.0,26344665224.0,-0.09127663495979343
Mexico,MEX,484,1991,Exports,world_relative,0.8257844869896422,0.931503898538215,0.9193656847741446,1.0,0.013716138433929036,26956705174.0,1869438734616.0,1842482029442.0,4149,5035,0.0,0,0,True,,0.9430784167306748,4149.0,26956705174.0,-0.11729392974103259
Mexico,MEX,484,1992,Exports,world_relative,0.7723083150729321,0.9166066441187429,0.9184337220023971,1.0,0.008004458032086244,46132677016.0,2374826502111.0,2328693825095.0,4155,5036,0.0,0,0,True,,0.920613902325062,4155.0,46132677016.0,-0.14830558725212994
Mexico,MEX,484,1993,Exports,world_relative,0.7636916315393903,0.9092096962116535,0.9293945580169674,1.0,0.007126973444698409,51783505800.0,2718912702757.0,2667129196957.0,4150,5036,0.0,0,0,True,,0.920031370992518,4150.0,51783505800.0,-0.15633973945312762
Mexico,MEX,484,1994,Exports,world_relative,0.7540867397933526,0.9017818370266192,0.9480265355803574,1.0,0.005879158856216694,60594607252.0,3636838351757.0,3576243744505.0,4403,5036,0.0,0,0,True,,0.9233783484944912,4403.0,60594607252.0,-0.16929160870113857
Mexico,MEX,484,1995,Exports,world_relative,0.7284219637919888,0.8931471737982488,0.9467986562913351,1.0,0.005356520878350144,79440132808.0,4343603232603.0,4264163099795.0,4398,5036,0.0,0,0,True,,0.9146308179753786,4398.0,79440132808.0,-0.18620885418338984
Mexico,MEX,484,1996,Exports,world_relative,0.7198193550347635,0.8989415822334923,0.9530205666848863,1.0,0.00685227792667276,95600569308.0,4650994076708.0,4555393507400.0,4690,5384,0.0,0,0,True,,0.9211916609510976,4690.0,95600569308.0,-0.20137230591633415
Mexico,MEX,484,1997,Exports,world_relative,0.7169407347955382,0.88860332411157,0.9623444898843844,1.0,0.005782355009000963,109981228015.0,4735993736441.0,4626012508426.0,4702,5377,0.0,0,0,True,,0.9193942044955918,4702.0,109981228015.0,-0.20245346970005362
Mexico,MEX,484,1998,Exports,world_relative,0.7009245249475601,0.8618327472706739,0.9660285014792953,1.0,0.005014213119012066,117250461968.0,4800267515662.0,4683017053694.0,4706,5377,0.0,0,0,True,,0.9193243358807728,4706.0,117250461968.0,-0.2183998109332127
Mexico,MEX,484,1999,Exports,world_relative,0.6932906158020429,0.8564944313905322,0.9626663765328429,1.0,0.005901030902547802,135964904477.0,5131446891996.0,4995481987519.0,4685,5363,0.0,0,0,True,,0.9241511440560816,4685.0,135964904477.0,-0.2308605282540387
Mexico,MEX,484,2000,Exports,world_relative,0.6852798540027519,0.8583358907265648,0.9685998551539114,1.0,0.00861803143476353,166208326274.0,5817244525651.065,5651036199377.065,4506,5338,0.0,0,0,True,,0.9277066293320432,4506.0,166208326274.0,-0.24242677532929124
Mexico,MEX,484,2001,Exports,world_relative,0.692034245734431,0.8501586368985652,0.9749487055729291,1.0,0.0076189387206042295,158280574207.0,5632048942793.863,5473768368586.863,4523,5274,0.0,0,0,True,,0.9292997775157672,4523.0,158280574207.0,-0.23726553178133625
Mexico,MEX,484,2002,Exports,world_relative,0.6889998595230395,0.8537270177485006,0.9648104901115842,0.9999999999999999,0.007704496116513404,160206047840.0,5923913766916.5625,5763707719076.5625,4503,5570,0.0,0,0,True,,0.9304290654858398,4503.0,160206047840.0,-0.24142920596280026
Mexico,MEX,484,2003,Exports,world_relative,0.6866185931261508,0.8635970641316751,0.9603735476364317,1.0,0.0085991195645319,164827061070.0,6921292294244.205,6756465233174.205,4461,5579,0.0,0,0,True,,0.9306289606641432,4461.0,164827061070.0,-0.24401036753799243
Mexico,MEX,484,2004,Exports,world_relative,0.6879630547529013,0.868493539411021,0.9519731051574664,1.0,0.009008212720526963,187809391666.0,8351471957607.767,8163662565941.767,4430,5577,0.0,0,0,True,,0.930329975718432,4430.0,187809391666.0,-0.2423669209655307
Mexico,MEX,484,2005,Exports,world_relative,0.6781178318313009,0.8718611615362826,0.9736730618284608,0.9999999999999999,0.01165847746202904,213695368674.0,9463776638949.371,9250081270275.371,4716,5541,0.0,0,0,True,,0.9342846014633266,4716.0,213695368674.0,-0.25616676963202567
Mexico,MEX,484,2006,Exports,world_relative,0.6824977084403573,0.8711827686260388,0.9754069419177788,0.9999999999999999,0.01329983178120044,249263652753.0,11029272427409.55,10780008774656.55,4691,5520,0.0,0,0,True,,0.9377274840957728,4691.0,249263652753.0,-0.2552297756554155
Mexico,MEX,484,2007,Exports,world_relative,0.7394023481461943,0.893502723356884,0.8796573197581677,1.0,0.011754942884346425,262049631417.0,12696329386535.996,12434279755118.996,4661,5784,0.0,0,0,True,,0.936213741001072,4661.0,262049631417.0,-0.1968113928548777
Mexico,MEX,484,2008,Exports,world_relative,0.6799005562601979,0.8710806988074631,0.9694373283854906,1.0,0.015564216097815642,289945100020.0,14679230251059.18,14389285151039.18,4551,5668,0.0,0,0,True,,0.9344366877608536,4551.0,289945100020.0,-0.2545361315006558
Mexico,MEX,484,2009,Exports,world_relative,0.7004220870480752,0.8753657686595872,0.9742203132084626,1.0,0.009795086664137113,228425664794.0,11155952807789.14,10927527142995.14,4527,5601,0.0,0,0,True,,0.932306739982933,4527.0,228425664794.0,-0.23188465293485783
Mexico,MEX,484,2010,Exports,world_relative,0.6985075513744075,0.8724037247545319,0.978019304946728,0.9999999999999999,0.011435676845663014,296814798851.0,13603195025663.61,13306380226812.61,4533,5533,0.0,0,0,True,,0.9362841222157364,4533.0,296814798851.0,-0.23777657084132897
Mexico,MEX,484,2011,Exports,world_relative,0.6877831670295167,0.8707377111788475,0.980268151015685,1.0,0.014375623951127575,347011228338.0,16465456215640.959,16118444987302.959,4516,5430,0.0,0,0,True,,0.9373451751237154,4516.0,347011228338.0,-0.2495620080941987
Mexico,MEX,484,2012,Exports,world_relative,0.6824431538861051,0.8632980468341669,0.9660435110790923,1.0,0.013174009230775937,366362774799.0,16687135437611.117,16320772662812.117,4632,5738,0.0,0,0,True,,0.9365450051660312,4632.0,366362774799.0,-0.2541018512799261
Mexico,MEX,484,2013,Exports,world_relative,0.6850940283180339,0.854286424000882,0.973946479459749,0.9999999999999999,0.01232079921889723,376568191037.0,17314636337298.219,16938068146261.219,4637,5728,0.0,0,0,True,,0.9357938121792576,4637.0,376568191037.0,-0.2506997838612237
Mexico,MEX,484,2014,Exports,world_relative,0.7284909715024179,0.8612674349599111,0.8392726192942919,1.0,0.010082004095226204,351493733390.0,17180906869482.68,16829413136092.68,3120,5695,0.0,0,0,True,,0.9293805566051668,3151.0,351654099910.0,-0.2008895851027489
Mexico,MEX,484,2015,Exports,world_relative,0.7359481331598213,0.8376227370382446,0.8735599157113142,1.0,0.005269566196923318,351028354316.0,14886939159151.531,14535910804835.531,3299,5604,0.0,0,0,True,,0.9234606995576068,3299.0,351028354316.0,-0.18751256639778546
Mexico,MEX,484,2016,Exports,world_relative,0.7420983949156804,0.8399232483309195,0.8712752820377213,1.0,0.004753045831651082,343184523192.0,14463507424510.889,14120322901318.889,3280,5573,0.0,0,0,True,,0.9232899825431636,3280.0,343184523192.0,-0.18119158762748322
Mexico,MEX,484,2017,Exports,world_relative,0.7608561584593159,0.8609237750984742,0.8381657379938013,0.9999999999999999,0.005002171350013797,377312513535.0,15912918159251.652,15535605645716.652,3269,5687,0.0,0,0,True,,0.9254148626138056,3269.0,377312513535.0,-0.1645587041544897
Mexico,MEX,484,2018,Exports,world_relative,0.7563973829751073,0.861463341681316,0.841562429386906,1.0,0.006557443340135118,415063958317.0,17639705152038.016,17224641193721.012,3256,5667,0.0,0,0,True,,0.926862787045811,3256.0,415063958317.0,-0.17046540407070376
Mexico,MEX,484,2019,Exports,world_relative,0.7657330481912371,0.8572797290869888,0.8469616125849568,0.9999982822810258,0.005707018739970384,424805809910.0,17270046559346.42,16845240749436.42,3252,5521,1.7177189741227754e-06,0,0,True,,0.9270361161210778,3252.0,424805809910.0,-0.16130306792984073
Mexico,MEX,484,2020,Exports,world_relative,0.7706584156676292,0.8496830177268209,0.838228418632519,0.999958454583354,0.00411957285998745,383701820488.0,16099571053208.256,15715869232720.258,3225,5488,4.1545416645993066e-05,0,0,True,,0.9230471126486566,3225.0,383701820488.0,-0.15238869698102742
Mexico,MEX,484,2021,Exports,world_relative,0.7743458911790958,0.8592085505891544,0.847909671713226,0.9999999999999999,0.004783657110065314,425507885684.0,20230697024887.18,19805189139203.18,2954,5489,0.0,0,0,True,,0.921121478530037,2954.0,425507885684.0,-0.1467755873509412
Mexico,MEX,484,2022,Exports,world_relative,0.7770592082402462,0.867674817358885,0.8479916400950039,1.0,0.0058170462601866155,485470164760.0,22120815369208.133,21635345204448.133,3059,5839,0.0,0,0,True,,0.9207080127111368,3047.0,481508185643.0,-0.14364880447089057
Mexico,MEX,484,2023,Exports,world_relative,0.763367861203855,0.8541416128237875,0.8426051857274801,1.0,0.005012336388920558,521426061713.0,21325007050203.67,20803580988490.67,3123,5806,0.0,0,0,True,,0.9218811634673196,3090.0,519030950718.0,-0.1585133022634646
Mexico,MEX,484,2024,Exports,world_relative,0.7555221372501072,0.8396257888189134,0.8506275493601682,1.0,0.0043511962500455345,547592557143.0,20562489519169.527,20014896962026.527,3130,5800,0.0,0,0,True,,0.9222355623141258,3126.0,547516240899.0,-0.16671342506401865
Morocco,MAR,504,1993,Exports,world_relative,0.9661837065367892,0.95256717335998,0.5634449894896385,1.0,0.0004930013712609903,3695944850.0,2718912702757.0,2715216757907.0,2245,5036,0.0,0,0,True,,0.93835862795918,2245.0,3695944850.0,0.027825078577609186
Morocco,MAR,504,1994,Exports,world_relative,0.966292035227575,0.9509449836554862,0.6170198504915765,0.9999999999999998,0.00046822439378411306,4033569118.0,3636838351757.0,3632804782639.0,2302,5036,0.0,0,0,True,,0.9415387957193144,2302.0,4033569118.0,0.024753239508260583
Morocco,MAR,504,1995,Exports,world_relative,0.971127412287028,0.9556193838722669,0.5890619036875424,1.0,0.00043169661896526806,4717526564.0,4343603232603.0,4338885706039.0,2175,5036,0.0,0,0,True,,0.9458930545175042,2175.0,4717526564.0,0.025234357769523874
Morocco,MAR,504,1996,Exports,world_relative,0.9748481776568279,0.9613149502510511,0.5194304873554372,0.9999218491809434,0.00040244593714314713,4740487745.0,4650994076708.0,4646253588963.0,2216,5383,7.815081905670025e-05,0,0,True,,0.950651996360888,2216.0,4740487745.0,0.02419618129593981
Morocco,MAR,504,1997,Exports,world_relative,0.975339728730021,0.9645279781144703,0.5446428121985654,0.9999999999999999,0.00041360243262194543,4673263886.0,4735993736441.0,4731320472555.0,2284,5377,0.0,0,0,True,,0.953242081389614,2284.0,4673263886.0,0.02209764734040698
Morocco,MAR,504,1998,Exports,world_relative,0.962827494753479,0.9546315571746372,0.5814341576388344,1.0,0.0005981974814347076,7154771608.0,4800267515662.0,4793112744054.0,2474,5377,0.0,0,0,True,,0.946931014431369,2474.0,7154771608.0,0.015896480322109996
Morocco,MAR,504,1999,Exports,world_relative,0.9620948965697308,0.9552891573256772,0.628330960729832,0.999999993335304,0.0006553970154975284,7502217711.0,5131446891996.0,5123944674285.0,2523,5362,6.6646959507304546e-09,0,0,True,,0.9487033739803714,2523.0,7502217711.0,0.013391522589359384
Morocco,MAR,504,2000,Exports,world_relative,0.9574029211899436,0.9474797846182131,0.7135727196592224,1.0,0.001469839783245996,7421502210.422001,5817244525651.065,5809823023440.643,2574,5338,0.0,0,0,True,,0.9493140976938236,2574.0,7421502210.422001,0.008088823496120057
Morocco,MAR,504,2001,Exports,world_relative,0.9564564643249531,0.9513876215714463,0.7190868656799199,1.0,0.0015589520675898202,7133185731.617,5632048942793.863,5624915757062.246,2719,5274,0.0,0,0,True,,0.9511458627328966,2719.0,7133185731.617,0.005310601592056541
Morocco,MAR,504,2002,Exports,world_relative,0.958188402080562,0.9399512243793465,0.7482385194647693,1.0,0.0008122348464579372,7790653657.788,5923913766916.5625,5916123113258.773,2755,5570,0.0,0,0,True,,0.9515928859156776,2755.0,7790653657.788,0.006595516164884407
Morocco,MAR,504,2003,Exports,world_relative,0.9589916954832872,0.9333619379883547,0.7123941248350593,1.0,0.0007588004382402228,8738073608.149,6921292294244.205,6912554220636.057,2754,5579,0.0,0,0,True,,0.9505749796418288,2754.0,8738073608.149,0.008416715841458422
Morocco,MAR,504,2004,Exports,world_relative,0.9568290394261262,0.935058992813805,0.7063765530573665,1.0,0.0009123896633824146,9869830573.327,8351471957607.767,8341602127034.439,2790,5577,0.0,0,0,True,,0.9507439436926686,2790.0,9869830573.327,0.006085095733457613
Morocco,MAR,504,2005,Exports,world_relative,0.9545067199537464,0.9304478310711453,0.7153886661804814,1.0,0.0010724509392500945,11197098130.372,9463776638949.371,9452579540818.998,2838,5541,0.0,0,0,True,,0.9495077490433272,2838.0,11197098130.372,0.0049989709104191205
Morocco,MAR,504,2006,Exports,world_relative,0.9538670973657076,0.9286967521431401,0.7192002776237156,0.9999999999999999,0.0010325931515076316,12730236464.92,11029272427409.55,11016542190944.629,2922,5520,0.0,0,0,True,,0.9484270307114276,2922.0,12730236464.919998,0.005440066654279985
Morocco,MAR,504,2007,Exports,world_relative,0.9563992978727281,0.9266958438474893,0.6748508409128535,1.0,0.0010244595700500403,15320731954.021,12696329386535.996,12681008654581.973,3002,5784,0.0,0,0,True,,0.9485225174603004,3002.0,15320731954.021002,0.007876780412427786
Morocco,MAR,504,2008,Exports,world_relative,0.9619914001810378,0.9319750105309912,0.641449882200999,0.9999994941729125,0.0011568720021663047,20090932752.61,14679230251059.18,14659139318306.568,3039,5667,5.05827087529313e-07,0,0,True,,0.9583398951858092,3039.0,20090932752.61,0.003651504995228594
Morocco,MAR,504,2009,Exports,world_relative,0.946736417186081,0.9155004231234343,0.7320086187632742,0.999974576732659,0.001264105460582399,14026342099.073,11155952807789.14,11141926465690.068,3033,5598,2.5423267340924714e-05,0,0,True,,0.9443318353706096,3033.0,14026342099.073,0.0024045818154714294
Morocco,MAR,504,2010,Exports,world_relative,0.9542709452278155,0.9067973120977,0.679525892880321,0.9990144204517715,0.0009797466995019985,17738234353.0,13603195025663.61,13585456791310.61,3061,5523,0.0009855795482284436,0,0,True,,0.953582746104668,3061.0,17738234353.0,0.0006881991231475482
Morocco,MAR,504,2011,Exports,world_relative,0.9537598183517138,0.9217168838752536,0.6573216247228131,0.997253560682571,0.0014583410006331976,21649564082.0,16465456215640.959,16443806651558.96,3016,5411,0.002746439317428839,0,0,True,,0.9557669251638304,3016.0,21649564082.0,-0.002007106812116688
Morocco,MAR,504,2012,Exports,world_relative,0.9471871397824771,0.922309266386878,0.7235562385063162,0.9998915185026614,0.002057518122073126,21394007798.0,16687135437611.117,16665741429813.121,3043,5723,0.00010848149733856613,0,0,True,,0.9554212762098022,3043.0,21394007798.0,-0.008234136427325067
Morocco,MAR,504,2013,Exports,world_relative,0.9404487996454576,0.9259219888944765,0.7050007519255383,0.9981776178029924,0.002673766648597316,21956016178.0,17314636337298.219,17292680321120.219,3005,5711,0.0018223821970076888,0,0,True,,0.9537180279888318,3005.0,21956016178.0,-0.013269228343374184
Morocco,MAR,504,2014,Exports,world_relative,0.9397355315320943,0.9187254017320728,0.657290631042236,0.997991371890953,0.0021976704619692767,23812982993.0,17180906869482.68,17157093886489.676,3188,5667,0.0020086281090470857,0,0,True,,0.9543771670874376,3188.0,23812982993.0,-0.014641635555343258
Morocco,MAR,504,2015,Exports,world_relative,0.9321009222389407,0.9103710698289503,0.8040853067627282,1.0,0.0018850687712162334,22333749342.948997,14886939159151.531,14864605409808.584,3214,5604,0.0,0,0,True,,0.9561757491965754,3214.0,22333749342.948997,-0.024074826957634743
Morocco,MAR,504,2016,Exports,world_relative,0.9312420596582492,0.9160770822215405,0.8182283303848004,1.0,0.001955853112503146,22856461162.0,14463507424510.889,14440650963348.889,3266,5573,0.0,0,0,True,,0.9567769185412532,3266.0,22856461162.0,-0.025534858883003997
Morocco,MAR,504,2017,Exports,world_relative,0.9309417475434797,0.915547595570519,0.8141293633903967,1.0,0.001861088411532915,25605585052.877,15912918159251.652,15887312574198.773,3385,5687,0.0,0,0,True,,0.9578256000300758,3385.0,25605585052.877,-0.026883852486596083
Morocco,MAR,504,2018,Exports,world_relative,0.9320878810757022,0.9157478053247894,0.8661908785928272,1.0,0.0019348841470734296,29277400798.258,17639705152038.016,17610427751239.754,3403,5667,0.0,0,0,True,,0.9595135482944211,3403.0,29277400798.258003,-0.027425667218718974
Morocco,MAR,504,2019,Exports,world_relative,0.9274604117469222,0.9073524463319014,0.826695025920267,0.9999999999999998,0.002040211927299464,29582399076.022003,17270046559346.42,17240464160270.396,3413,5523,0.0,0,0,True,,0.959665423314148,3413.0,29582399076.022003,-0.03220501156722577
Morocco,MAR,504,2020,Exports,world_relative,0.9339922446415941,0.9053023791901664,0.8418542557595254,0.9999999999999999,0.0015013496399272782,27702724584.429,16099571053208.256,16071868328623.826,3300,5495,0.0,0,0,True,,0.958548517805643,3300.0,27702724584.429,-0.024556273164048847
Morocco,MAR,504,2021,Exports,world_relative,0.9415035298858055,0.9083114202559477,0.8076525250206111,0.9999999999999998,0.0012970309425203712,36585224951.184006,20230697024887.18,20194111799935.996,3365,5489,0.0,0,0,True,,0.9603607360881572,3365.0,36585224951.184006,-0.01885720620235165
Morocco,MAR,504,2022,Exports,world_relative,0.9469472641914626,0.9183394419130059,0.7993439466529324,0.9999999999999999,0.0014112877039953943,42121975437.759,22120815369208.133,22078693393770.375,3463,5839,0.0,0,0,True,,0.9652457740660878,3463.0,42121975437.759,-0.018298509874625224
Morocco,MAR,504,2023,Exports,world_relative,0.934583212527628,0.918526161273025,0.8357639341675951,1.0,0.001957056992465022,42437361401.799,21325007050203.67,21282569688801.875,3601,5806,0.0,0,0,True,,0.9649659264907524,3601.0,42437361401.79899,-0.03038271396312442
Morocco,MAR,504,2024,Exports,world_relative,0.9410813414050856,0.9312119264542924,0.8353276175310165,0.9999999999999999,0.002024227831659797,80525530850.75201,20562489519169.527,20481963988318.777,3551,5800,0.0,0,0,True,,0.9704883989139316,3551.0,80525530850.752,-0.02940705750884598
Mozambique,MOZ,508,2000,Exports,world_relative,0.990357454478673,0.9846218788085178,0.37111487256516573,0.9808368310588187,0.0012267115180750628,356888833.0,5817244525651.065,5816887636818.064,868,5336,0.01916316894118119,0,0,True,,0.9724257915427998,868.0,356888833.0,0.017931662935873116
Mozambique,MOZ,508,2001,Exports,world_relative,0.9925003688295753,0.9902194150108592,0.41343204171661124,1.0000000000000002,0.0014369400165461434,679660654.0,5632048942793.863,5631369282139.863,1079,5274,0.0,0,0,True,,0.986677998210908,1079.0,679660654.0,0.005822370618667305
Mozambique,MOZ,508,2002,Exports,world_relative,0.9901460433729181,0.9913084398853932,0.47547242172244975,0.9999999999999999,0.001327065847129931,778111728.0,5923913766916.5625,5923135655188.5625,1349,5570,0.0,0,0,True,,0.9826795356504716,1349.0,778111728.0,0.007466507722446503
Mozambique,MOZ,508,2003,Exports,world_relative,0.986148932531624,0.9848447574361883,0.567921635222324,0.9999999999999999,0.001771417313309502,1035462765.0,6921292294244.205,6920256831479.205,1661,5579,0.0,0,0,True,,0.9842612347493672,1661.0,1035462765.0,0.0018876977822567254
Mozambique,MOZ,508,2004,Exports,world_relative,0.9875328848227337,0.9694214997929367,0.5393961542823769,1.0000000000000002,0.0014177265769149392,1492655888.0,8351471957607.767,8349979301719.767,1329,5577,0.0,0,0,True,,0.9854217659281408,1329.0,1492655888.0,0.0021111188945929227
Mozambique,MOZ,508,2005,Exports,world_relative,0.9881043023157341,0.9823561360201627,0.5079691218406139,1.0000000000000002,0.0022398952341692938,1745248133.0,9463776638949.371,9462031390816.371,1252,5541,0.0,0,0,True,,0.9874149839311568,1252.0,1745248133.0,0.0006893183845773088
Mozambique,MOZ,508,2006,Exports,world_relative,0.9852750269120928,0.9740954896268371,0.5655375707739563,1.0,0.0026419472771928723,2343531048.0,11029272427409.55,11026928896361.55,1645,5520,0.0,0,0,True,,0.9895126239366924,1645.0,2343531048.0,-0.004237597024599582
Mozambique,MOZ,508,2007,Exports,world_relative,0.9876971378266315,0.9806337534591573,0.5044709704067294,0.9999999999999999,0.002258104383989068,2394347694.0,12696329386535.996,12693935038841.996,1392,5784,0.0,0,0,True,,0.98719557050506,1392.0,2394347694.0,0.0005015673215714722
Mozambique,MOZ,508,2008,Exports,world_relative,0.9857419571223432,0.9722368872775635,0.6000207632228471,0.9999999999999999,0.0021098387871439344,2454300247.0,14679230251059.18,14676775950812.18,1507,5668,0.0,0,0,True,,0.9844236198302124,1507.0,2454300247.0,0.0013183372921308223
Mozambique,MOZ,508,2009,Exports,world_relative,0.9738911285554727,0.9575545985255233,0.5002966322484237,0.999999663128844,0.0017432416995781836,1279420907.0,11155952807789.14,11154673386882.14,1412,5600,3.368711560377839e-07,0,0,True,,0.9631911480557938,1412.0,1279420907.0,0.010699980499678907
Mozambique,MOZ,508,2010,Exports,world_relative,0.9899715240756323,0.9797670205665583,0.43777656941949783,1.0000000000000002,0.0021795759105339525,2159414274.0,13603195025663.61,13601035611389.61,1021,5533,0.0,0,0,True,,0.9853946789778982,1021.0,2159414274.0,0.004576845097734039
Mozambique,MOZ,508,2011,Exports,world_relative,0.9859469746172554,0.9518484919560771,0.43117866351667894,1.0,0.0017337562928552883,3604118000.0,16465456215640.959,16461852097640.959,970,5430,0.0,0,0,True,,0.9767746147973017,970.0,3604118000.0,0.00917235981995379
Mozambique,MOZ,508,2012,Exports,world_relative,0.9906860154312339,0.9580972678759054,0.4407247976805005,1.0,0.0013546540739369781,3469830716.0,16687135437611.117,16683665606895.117,848,5738,0.0,0,0,True,,0.9792229028692248,848.0,3469830716.0,0.011463112562009159
Mozambique,MOZ,508,2013,Exports,world_relative,0.9813834664318053,0.952186736953465,0.49278181185953795,1.0,0.002217236901722179,4022606987.0,17314636337298.219,17310613730311.219,1211,5728,0.0,0,0,True,,0.9781620546931038,1211.0,4022606987.0,0.0032214117387014962
Mozambique,MOZ,508,2014,Exports,world_relative,0.9852062601734071,0.9602013202150729,0.49189947216816154,0.9999067711958552,0.0019977335422312996,4725256363.0,17180906869482.68,17176181613119.68,1266,5694,9.322880414477947e-05,0,0,True,,0.9781595792192972,1266.0,4725256363.0,0.007046680954109874
Mozambique,MOZ,508,2015,Exports,world_relative,0.9887564191664493,0.9707446278682105,0.5001336225250906,0.9990599643623737,0.0011002061261211542,3230725281.51,14886939159151.531,14883708433870.023,1249,5601,0.0009400356376264051,0,0,True,,0.9810252749758832,1249.0,3230725281.51,0.007731144190566086
Mozambique,MOZ,508,2016,Exports,world_relative,0.9897186798439807,0.9794690592870551,0.5640663609395815,0.9987670555169557,0.0011234575289777592,3352109244.85,14463507424510.889,14460155315266.041,1342,5567,0.0012329444830444188,0,0,True,,0.9821478389463107,1342.0,3352109244.8500004,0.007570840897669906
Mozambique,MOZ,508,2017,Exports,world_relative,0.9893841252695249,0.9766292711987241,0.624538377890899,0.9999999999999999,0.0012544578522050267,4648066193.176001,15912918159251.652,15908270093058.477,1452,5687,0.0,0,0,True,,0.9874675420555604,1452.0,4648066193.176,0.0019165832139644845
Mozambique,MOZ,508,2018,Exports,world_relative,0.9894209548300106,0.9759900122312215,0.627726490709511,0.9999999999999999,0.0008560077183840762,5878654169.897,17639705152038.016,17633826497868.117,1699,5667,0.0,0,0,True,,0.9851154400626584,1699.0,5878654169.897,0.004305514767352192
Mozambique,MOZ,508,2019,Exports,world_relative,0.9867257525060955,0.9715160612336095,0.6221070072681015,1.0,0.001653349301135842,4752618569.736,17270046559346.42,17265293940776.684,1828,5523,0.0,0,0,True,,0.9854380256876398,1828.0,4752618569.736,0.0012877268184556812
Mozambique,MOZ,508,2020,Exports,world_relative,0.9878583627391824,0.9805748774035645,0.6117572314973254,1.0000000000000002,0.0011432674987480972,3693817004.5549994,16099571053208.256,16095877236203.7,1785,5495,0.0,0,0,True,,0.984226803357769,1785.0,3693817004.555,0.0036315593814133518
Mozambique,MOZ,508,2021,Exports,world_relative,0.9870305448065759,0.9791228900286457,0.6469139674696733,1.0000000000000002,0.0014683500921341456,5670290474.224,20230697024887.18,20225026734412.957,1937,5489,0.0,0,0,True,,0.9865943968467864,1937.0,5670290474.224,0.0004361479597895235
Mozambique,MOZ,508,2022,Exports,world_relative,0.9808644859143908,0.9567278390768118,0.612453234198453,0.9999999137028419,0.002612967141193696,8272462457.012001,22120815369208.133,22112542906751.125,1986,5838,8.629715803604333e-08,0,0,True,,0.9882399999850228,1986.0,8272462457.012,-0.007375514070631972
Mozambique,MOZ,508,2023,Exports,world_relative,0.9818714683351192,0.9600883831278947,0.5764393268859338,0.9999999999999998,0.002958967260706534,8220793000.0,21325007050203.67,21316786257203.67,1160,5806,0.0,0,0,True,,0.9823835160516804,1173.0,8240500000.0,-0.0005120477165612147
Mozambique,MOZ,508,2024,Exports,world_relative,0.9818425423112715,0.9610285473280912,0.6362522485667752,1.0,0.0028978872050918316,8191933249.9,20562489519169.527,20554297585919.625,1693,5800,0.0,0,0,True,,0.9887944490229256,1693.0,8191933249.900001,-0.006951906711654021
Netherlands,NLD,528,1992,Exports,world_relative,0.692369053684594,0.7663306112935061,0.9732133872338353,1.0,0.0017898842436124265,134710178490.0,2374826502111.0,2240116323621.0,4799,5036,0.0,0,0,True,,0.8497370951396179,4799.0,134710178490.0,-0.15736804145502392
Netherlands,NLD,528,1993,Exports,world_relative,0.6772197813097613,0.7713604418237502,0.9746408707839298,1.0,0.0019227872084487676,126108635284.0,2718912702757.0,2592804067473.0,4812,5036,0.0,0,0,True,,0.8483198037337996,4812.0,126108635284.0,-0.1711000224240382
Netherlands,NLD,528,1994,Exports,world_relative,0.6695825117335624,0.7613902826621953,0.9732763606938433,1.0,0.0017695331119324325,139578714202.0,3636838351757.0,3497259637555.0,4788,5036,0.0,0,0,True,,0.8450475721771826,4788.0,139578714202.0,-0.1754650604436202
Netherlands,NLD,528,1995,Exports,world_relative,0.6626160025197653,0.7752648321594877,0.972073719393266,1.0,0.0019909890013789125,170813227374.0,4343603232603.0,4172790005229.0,4777,5036,0.0,0,0,True,,0.850696683182536,4777.0,170813227374.0,-0.18808068066277073
Netherlands,NLD,528,1996,Exports,world_relative,0.6692275626477483,0.8026319196722287,0.9547741302961958,0.9999999999999999,0.002010692584776364,170626236707.0,4650994076708.0,4480367840001.0,4832,5384,0.0,0,0,True,,0.8495507719180766,4832.0,170626236707.0,-0.1803232092703283
Netherlands,NLD,528,1997,Exports,world_relative,0.6629601560697026,0.8188348008043523,0.9802034878564351,1.0,0.0023673599903290595,183989808603.0,4735993736441.0,4552003927838.0,4991,5377,0.0,0,0,True,,0.8439814770031964,4991.0,183989808603.0,-0.18102132093349377
Netherlands,NLD,528,1998,Exports,world_relative,0.6487113910333312,0.8250572494692675,0.9799243123052745,1.0,0.0026573013354957995,167182727815.0,4800267515662.0,4633084787847.0,4979,5377,0.0,0,0,True,,0.8530652704901209,4979.0,167182727815.0,-0.20435387945678973
Netherlands,NLD,528,1999,Exports,world_relative,0.6438517660851264,0.8211609246999565,0.9658847830758451,1.0,0.0029596341801864205,170295995278.0,5131446891996.0,4961150896718.0,4810,5363,0.0,0,0,True,,0.8596849049386144,4810.0,170295995278.0,-0.21583313885348798
Netherlands,NLD,528,2000,Exports,world_relative,0.6375132673601763,0.851280640248011,0.9646054856089896,1.0,0.004777909484689073,179751088906.0,5817244525651.065,5637493436745.065,4788,5338,0.0,0,0,True,,0.8724772366733924,4788.0,179751088906.0,-0.23496396931321606
Netherlands,NLD,528,2001,Exports,world_relative,0.6666102921792858,0.8659492722727701,0.9591078274566037,1.0,0.004191847900158618,169145032892.0,5632048942793.863,5462903909901.863,4821,5274,0.0,0,0,True,,0.8675736324604468,4821.0,169145032892.0,-0.20096334028116103
Netherlands,NLD,528,2002,Exports,world_relative,0.6726253026857877,0.8439532488600552,0.8927925854896761,0.9999999999999999,0.003203107421873275,174926621710.0,5923913766916.5625,5748987145206.5625,4920,5570,0.0,0,0,True,,0.866813046858816,4920.0,174926621710.0,-0.1941877441730283
Netherlands,NLD,528,2003,Exports,world_relative,0.6461697164456062,0.8285904583486926,0.9713245370156656,1.0,0.0033714461369003593,226628049159.0,6921292294244.205,6694664245085.205,4996,5579,0.0,0,0,True,,0.8665649803855311,4996.0,226628049159.0,-0.22039526393992492
Netherlands,NLD,528,2004,Exports,world_relative,0.6428726182319306,0.8292676745697751,0.9700680911582966,0.9999999773645506,0.003480170014528281,274790214231.0,8351471957607.767,8076681743376.767,5018,5576,2.2635449436970164e-08,0,0,True,,0.8703929872994081,5018.0,274790214231.0,-0.2275203690674774
Netherlands,NLD,528,2005,Exports,world_relative,0.6466509760259633,0.8491991821660135,0.9651231287477281,1.0,0.003897036110145089,300960561989.0,9463776638949.371,9162816076960.371,5016,5541,0.0,0,0,True,,0.874240704160324,5016.0,300960561989.0,-0.22758972813436062
Netherlands,NLD,528,2006,Exports,world_relative,0.6535651079423762,0.8571362438962093,0.9610865519006434,0.9999999999999999,0.00409281718846051,344943389955.0,11029272427409.55,10684329037454.55,5021,5520,0.0,0,0,True,,0.874774187697489,5021.0,344943389955.0,-0.22120907975511284
Netherlands,NLD,528,2007,Exports,world_relative,0.645867156357135,0.8506291391818144,0.9345351673668632,1.0,0.0037675361048776796,388425074681.0,12696329386535.996,12307904311854.996,4503,5784,0.0,0,0,True,,0.8723611707483774,4737.0,391756454287.0,-0.2264940143912424
Netherlands,NLD,528,2008,Exports,world_relative,0.6506943299716712,0.8700575711406925,0.9419382932921048,1.0,0.004871733721184048,423236167614.0,14679230251059.18,14255994083445.18,4484,5668,0.0,0,0,True,,0.8705629651884663,4717.0,428821171270.0,-0.21986863521679512
Netherlands,NLD,528,2009,Exports,world_relative,0.6298362775880318,0.8461696738742364,0.9478777680747464,1.0,0.004109822872073045,326676839514.0,11155952807789.14,10829275968275.14,4494,5601,0.0,0,0,True,,0.8669588743505316,4695.0,331125867842.0,-0.2371225967624998
Netherlands,NLD,528,2010,Exports,world_relative,0.6439169291727316,0.861728348206139,0.9537307564901978,1.0,0.004697684524971031,386384332357.0,13603195025663.61,13216810693306.61,4501,5533,0.0,0,0,True,,0.8755791058477678,4743.0,394060011583.0,-0.2316621766750362
Netherlands,NLD,528,2011,Exports,world_relative,0.6482919285945898,0.8775538209756296,0.9740334213297468,1.0,0.004824202742564344,530318190438.72595,16465456215640.959,15935138025202.23,4888,5430,0.0,0,0,True,,0.8651474411646352,4888.0,530318190438.726,-0.21685551257004532
Netherlands,NLD,528,2012,Exports,world_relative,0.6497788685063218,0.8714208083619305,0.973643153538835,1.0,0.0053698094715173015,478248211112.5,16687135437611.117,16208887226498.62,4965,5738,0.0,0,0,True,,0.869405030840305,5032.0,511219564804.39496,-0.21962616233398313
Netherlands,NLD,528,2013,Exports,world_relative,0.6607481918160019,0.8782216738886935,0.9764706588587994,0.9999999999999999,0.005396368819946915,528428530346.6351,17314636337298.219,16786207806951.582,5039,5728,0.0,0,0,True,,0.8678964641861553,5039.0,528428530346.635,-0.20714827237015343
Netherlands,NLD,528,2014,Exports,world_relative,0.6468365306569845,0.8651759615653601,0.9842315760788731,1.0,0.004786283702582494,534744261395.54095,17180906869482.68,16646162608087.137,5028,5695,0.0,0,0,True,,0.8635689655979994,5028.0,534744261395.541,-0.2167324349410149
Netherlands,NLD,528,2015,Exports,world_relative,0.6351363999407669,0.843239588525588,0.9905635751650453,1.0,0.003788209989973667,401148089567.25,14886939159151.531,14485791069584.281,4841,5604,0.0,0,0,True,,0.8658352056023013,4841.0,401148089567.25,-0.23069880566153445
Netherlands,NLD,528,2016,Exports,world_relative,0.6373752317579227,0.8300940625372958,0.9821450165348967,1.0,0.0033913444453059823,408964711683.808,14463507424510.889,14054542712827.084,4946,5573,0.0,0,0,True,,0.867437019394645,4995.0,413026149225.0,-0.23006178763672236
Netherlands,NLD,528,2017,Exports,world_relative,0.6307451031478847,0.8361822993093296,0.9895801940903458,1.0,0.0036695397131700494,466641983826.169,15912918159251.652,15446276175425.482,5097,5687,0.0,0,0,True,,0.8737993274152314,5152.0,470265196014.179,-0.24305422426734669
Netherlands,NLD,528,2018,Exports,world_relative,0.6313579101093681,0.8454010689414997,0.9898280216852067,1.0,0.004045981748609024,515319820101.441,17639705152038.016,17124385331936.572,5067,5667,0.0,0,0,True,,0.8753036134642822,5126.0,518390822791.339,-0.24394570335491406
Netherlands,NLD,528,2019,Exports,world_relative,0.6275155919993927,0.8460631922874562,0.9933666812559403,1.0,0.004066754500735147,509717060702.229,17270046559346.42,16760329498644.191,5084,5523,0.0,0,0,True,,0.8760313099352317,5129.0,512490419362.0281,-0.24851571793583904
Netherlands,NLD,528,2020,Exports,world_relative,0.6155138892193033,0.8151767267815544,0.9911404639985455,1.0000000000000002,0.0033535000554561663,489489513058.78394,16099571053208.256,15610081540149.473,5073,5495,0.0,0,0,True,,0.8710542766360196,5119.0,492681011749.254,-0.25554038741671636
Netherlands,NLD,528,2021,Exports,world_relative,0.6166442799641932,0.8214003218443556,0.9874208232553161,1.0,0.0034865981525850935,618394360596.206,20230697024887.18,19612302664290.977,5104,5489,0.0,0,0,True,,0.8715219932286109,5173.0,621314349665.618,-0.25487771326441766
Netherlands,NLD,528,2022,Exports,world_relative,0.6188205100813307,0.8342046642474049,0.9909101896939754,0.9999999988495716,0.004838384508801699,689260509875.8799,22120815369208.133,21431554859332.254,5464,5838,1.150428595050065e-09,0,0,True,,0.8684906494872209,5464.0,689260509875.88,-0.24967013940589022
Netherlands,NLD,528,2023,Exports,world_relative,0.6075930643119157,0.8252171180344288,0.9974543329855944,1.0,0.004838069490294432,685472541454.567,21325007050203.67,20639534508749.11,5428,5806,0.0,0,0,True,,0.8689864995752243,5430.0,687577552699.7639,-0.2613934352633086
Netherlands,NLD,528,2024,Exports,world_relative,0.6093233176783273,0.8222928414863436,0.998679863106626,0.9999999999999999,0.004250385340748671,678012277815.2141,20562489519169.527,19884477241354.316,5432,5800,0.0,0,0,True,,0.8680824179173119,5432.0,678150400088.062,-0.25875910023898463
New Zealand,NZL,554,1989,Exports,world_relative,0.9337783534050008,0.9211670549233547,0.8881859784828441,1.0,0.001247768116320821,8744415856.0,849811111830.0,841066695974.0,3842,5033,0.0,0,0,True,,0.9498168736946038,3842.0,8744415856.0,-0.016038520289602953
New Zealand,NZL,554,1990,Exports,world_relative,0.9250707730187417,0.9009130274193152,0.897252934341253,1.0,0.0014522392080424632,9274550978.0,964479726160.0,955205175182.0,3902,5035,0.0,0,0,True,,0.94864888228759,3902.0,9274550978.0,-0.02357810926884829
New Zealand,NZL,554,1991,Exports,world_relative,0.915996676056154,0.8904376654187754,0.9164946823597517,1.0,0.0015711612543806393,9556506671.0,1869438734616.0,1859882227945.0,3908,5035,0.0,0,0,True,,0.945624831262024,3908.0,9556506671.0,-0.029628155205870033
New Zealand,NZL,554,1992,Exports,world_relative,0.9089262716746993,0.8881110750761391,0.920407496384586,1.0,0.0014873947204223443,9695292863.0,2374826502111.0,2365131209248.0,3915,5036,0.0,0,0,True,,0.9433916878754672,3915.0,9695292863.0,-0.03446541620076793
New Zealand,NZL,554,1993,Exports,world_relative,0.9112952838354765,0.891383103155511,0.9269967006005142,1.0,0.0014092027027238386,10411322977.0,2718912702757.0,2708501379780.0,3941,5036,0.0,0,0,True,,0.9437186747919196,3941.0,10411322977.0,-0.03242339095644309
New Zealand,NZL,554,1994,Exports,world_relative,0.9105334640561619,0.8882481454719755,0.9173592234179805,0.9999999999999999,0.0011201592425228806,12043817007.0,3636838351757.0,3624794534750.0,3945,5036,0.0,0,0,True,,0.9415814746470405,3945.0,12043817007.0,-0.031048010590878583
New Zealand,NZL,554,1995,Exports,world_relative,0.9104534715261601,0.8855617397093063,0.9218427065234277,1.0,0.0011067556729250543,13577506489.0,4343603232603.0,4330025726114.0,3907,5036,0.0,0,0,True,,0.9423589540287838,3907.0,13577506489.0,-0.031905482502623705
New Zealand,NZL,554,1996,Exports,world_relative,0.9126153775361416,0.8920123533944475,0.9010722117816776,1.0,0.0013083416752943144,14156800101.0,4650994076708.0,4636837276607.0,3966,5384,0.0,0,0,True,,0.9421404564509216,3966.0,14156800101.0,-0.029525078914779956
New Zealand,NZL,554,1997,Exports,world_relative,0.909353327594432,0.8860038707395899,0.9200467265275839,1.0,0.0011844030986864233,13936122299.0,4735993736441.0,4722057614142.0,3998,5377,0.0,0,0,True,,0.9413487345582856,3998.0,13936122299.0,-0.03199540696385361
New Zealand,NZL,554,1998,Exports,world_relative,0.9083893206436772,0.8845934967245095,0.9239246609290089,1.0,0.0011340539480811014,11943360050.0,4800267515662.0,4788324155612.0,4035,5377,0.0,0,0,True,,0.9386359281534618,4035.0,11943360050.0,-0.030246607509784584
New Zealand,NZL,554,1999,Exports,world_relative,0.9029062386207903,0.8710295764039412,0.9262557882118185,1.0,0.0013211888185862175,12230794191.0,5131446891996.0,5119216097805.0,3938,5363,0.0,0,0,True,,0.9371518567846426,3938.0,12230794191.0,-0.0342456181638523
New Zealand,NZL,554,2000,Exports,world_relative,0.9045575761734451,0.8686554316933247,0.9317806378886972,1.0,0.002031262828977578,13152180333.0,5817244525651.065,5804092345318.065,3923,5338,0.0,0,0,True,,0.9416140068849156,3923.0,13152180333.0,-0.03705643071147047
New Zealand,NZL,554,2001,Exports,world_relative,0.9104913909015308,0.8714433400075671,0.9319847482054968,1.0,0.001733347405594081,13603413254.0,5632048942793.863,5618445529539.863,3970,5274,0.0,0,0,True,,0.9438573265944612,3970.0,13603413254.0,-0.03336593569293045
New Zealand,NZL,554,2002,Exports,world_relative,0.9060064599514889,0.856155147115183,0.9251581426009748,1.0,0.001563627832484052,14239457510.0,5923913766916.5625,5909674309406.5625,4058,5570,0.0,0,0,True,,0.9413310260241594,4058.0,14239457510.0,-0.03532456607267054
New Zealand,NZL,554,2003,Exports,world_relative,0.9043466771794008,0.8512320067052788,0.9279388144930164,1.0,0.0014070835627660126,16376002861.0,6921292294244.205,6904916291383.205,4045,5579,0.0,0,0,True,,0.9368600653695534,4045.0,16376002861.0,-0.03251338819015259
New Zealand,NZL,554,2004,Exports,world_relative,0.9021854576928227,0.8440945434874845,0.9390378323731043,1.0,0.0013997547536571087,20151508538.0,8351471957607.767,8331320449069.767,4147,5577,0.0,0,0,True,,0.9371766040281446,4147.0,20151508538.0,-0.034991146335321965
New Zealand,NZL,554,2005,Exports,world_relative,0.8990527683137616,0.8362942400627876,0.9441459181208613,1.0,0.0016440948688196586,21424660661.0,9463776638949.371,9442351978288.371,4194,5541,0.0,0,0,True,,0.937049757674427,4194.0,21424660661.0,-0.03799698936066542
New Zealand,NZL,554,2006,Exports,world_relative,0.8996214128449329,0.8351508967937064,0.9484528403995691,1.0,0.0019258948163508984,22051537728.0,11029272427409.55,11007220889681.55,4179,5520,0.0,0,0,True,,0.9380100558134916,4179.0,22051537728.0,-0.038388642968558706
New Zealand,NZL,554,2007,Exports,world_relative,0.8968045748992461,0.8864554213639788,0.9358735025909135,1.0,0.0032377212109555606,26478193834.0,12696329386535.996,12669851192701.996,4098,5784,0.0,0,0,True,,0.9391724613103868,4098.0,26478193834.0,-0.04236788641114064
New Zealand,NZL,554,2008,Exports,world_relative,0.8908458676837694,0.888159701334283,0.926060439939689,1.0,0.006426266169209604,29723700981.0,14679230251059.18,14649506550078.18,4120,5668,0.0,0,0,True,,0.944146720820654,4120.0,29723700981.0,-0.053300853136884596
New Zealand,NZL,554,2009,Exports,world_relative,0.8970439534397349,0.8928798213458655,0.9354399852450132,1.0,0.0035373806152261718,24164629045.0,11155952807789.14,11131788178744.14,4122,5601,0.0,0,0,True,,0.9433085313723288,4122.0,24164629045.0,-0.046264577932593975
New Zealand,NZL,554,2010,Exports,world_relative,0.8885747036302905,0.8969855309234689,0.9296194568404493,1.0,0.005030171716524968,23245300176.670998,13603195025663.61,13579949725486.938,3995,5533,0.0,0,0,True,,0.9418726848878034,4064.0,24765378875.143,-0.05329798125751295
New Zealand,NZL,554,2011,Exports,world_relative,0.9005746861211852,0.8852697268344194,0.9279783214217694,1.0,0.00510912491524568,33509342062.346,16465456215640.959,16431946873578.613,4073,5430,0.0,0,0,True,,0.9499751109957106,4108.0,36578579281.993,-0.04940042487452545
New Zealand,NZL,554,2012,Exports,world_relative,0.8485436750642281,0.8771692898723198,0.9082955959388325,0.9999999999999999,0.0074847041832021444,19960586521.145,16687135437611.117,16667174851089.977,3890,5738,0.0,0,0,True,,0.9309771396764566,3846.0,19478755769.168,-0.08243346461222845
New Zealand,NZL,554,2013,Exports,world_relative,0.8569919531036428,0.8677965070679641,0.9263245567650609,0.9999999999999999,0.006315841367052474,20016422321.677002,17314636337298.219,17294619914976.541,3888,5728,0.0,0,0,True,,0.93298748743149,3860.0,19710790935.714,-0.07599553432784711
New Zealand,NZL,554,2014,Exports,world_relative,0.8640098861123849,0.8809114900372517,0.906532339228158,0.9999999999999999,0.0051914286057241086,19811154611.341003,17180906869482.68,17161095714871.338,3874,5695,0.0,0,0,True,,0.9321967927814254,3845.0,19363251086.051003,-0.06818690666904048
New Zealand,NZL,554,2015,Exports,world_relative,0.8695391175296014,0.8609852119884033,0.9235381868547258,1.0,0.002508543039427747,17391876026.457,14886939159151.531,14869547283125.074,3925,5604,0.0,0,0,True,,0.9314401041733928,3878.0,17056878558.580002,-0.0619009866437914
New Zealand,NZL,554,2016,Exports,world_relative,0.8736642232396088,0.8591429491821868,0.924494656767054,1.0,0.002167423834034141,17081267902.195,14463507424510.889,14446426156608.695,3898,5573,0.0,0,0,True,,0.9330311231735426,3858.0,16736384412.44,-0.05936689993393385
New Zealand,NZL,554,2017,Exports,world_relative,0.8769286807006166,0.8563836902902836,0.9135062968542844,1.0,0.0020968660141687696,18178527369.916,15912918159251.652,15894739631881.734,3907,5687,0.0,0,0,True,,0.934430464762054,3907.0,18178527369.916,-0.057501784061437466
New Zealand,NZL,554,2018,Exports,world_relative,0.9330220870242614,0.8559262751796979,0.935217183499135,1.0,0.0011912800218658337,38489883293.317,17639705152038.016,17601215268744.695,4315,5667,0.0,0,0,True,,0.9566574227554316,4315.0,38489883293.317,-0.02363533573117027
New Zealand,NZL,554,2019,Exports,world_relative,0.9345034024554794,0.8647855111464772,0.934462828648396,1.0,0.001323502257303768,38324678488.454,17270046559346.42,17231721880857.965,4291,5523,0.0,0,0,True,,0.9588435489782872,4291.0,38324678488.453995,-0.024340146522807804
New Zealand,NZL,554,2020,Exports,world_relative,0.9386973914780966,0.86494934183441,0.9348713574707141,1.0,0.001040079694103111,38073025412.022,16099571053208.256,16061498027796.234,4187,5495,0.0,0,0,True,,0.960684659798,4187.0,38073025412.022,-0.021987268319903386
New Zealand,NZL,554,2021,Exports,world_relative,0.9416290900078803,0.8535215147889027,0.9240425148073469,1.0,0.0009697363628453798,44105707099.792,20230697024887.18,20186591317787.39,4133,5489,0.0,0,0,True,,0.9603078714290638,4133.0,44105707099.792,-0.01867878142118351
New Zealand,NZL,554,2022,Exports,world_relative,0.939322549467894,0.8685441719642023,0.9156456785067558,0.9999999999999998,0.0014020784624311595,44404530271.77501,22120815369208.133,22076410838936.36,4279,5839,0.0,0,0,True,,0.9620800935549788,4279.0,44404530271.775,-0.022757544087084858
New Zealand,NZL,554,2023,Exports,world_relative,0.9336155550946722,0.8720870920446977,0.9247502543547279,1.0,0.0013180984503456696,41014155192.102005,21325007050203.67,21283992895011.57,4305,5806,0.0,0,0,True,,0.9592247731825974,4305.0,41014155192.102,-0.025609218087925156
New Zealand,NZL,554,2024,Exports,world_relative,0.9299724062491374,0.8631561257293161,0.9349362425351184,1.0000000000000002,0.001218299761786282,42045166653.340996,20562489519169.527,20520444352516.188,4335,5800,0.0,0,0,True,,0.9598519541791152,4335.0,42045166653.341,-0.029879547929977823
Niger,NER,562,1995,Exports,world_relative,0.9944607758906681,0.981793176824303,0.3622801229802368,1.0,0.0009616600299714914,273417186.0,4343603232603.0,4343329815417.0,656,5036,0.0,0,0,True,,0.9818032250874908,656.0,273417186.0,0.012657550803177209
Niger,NER,562,1996,Exports,world_relative,0.9908716980031665,0.9825633785848387,0.34054163905020457,0.9999999999999999,0.0016026361721073125,388319814.0,4650994076708.0,4650605756894.0,828,5384,0.0,0,0,True,,0.978685587013406,828.0,388319814.0,0.012186110989760524
Niger,NER,562,1997,Exports,world_relative,0.9898566755204216,0.9790254632556772,0.3736065420840197,1.0,0.0012286722902656055,329179713.0,4735993736441.0,4735664556728.0,1083,5377,0.0,0,0,True,,0.978873340937193,1083.0,329179713.0,0.010983334583228532
Niger,NER,562,1998,Exports,world_relative,0.9907250954881911,0.9795932712987425,0.43109279917782395,1.0,0.0011066951822766352,336788806.0,4800267515662.0,4799930726856.0,1092,5377,0.0,0,0,True,,0.9809264882482932,1092.0,336788806.0,0.009798607239897894
Niger,NER,562,1999,Exports,world_relative,0.9920180881197818,0.9778783342897254,0.43607400804667873,1.0,0.0008867338739537841,293887182.0,5131446891996.0,5131153004814.0,1099,5363,0.0,0,0,True,,0.9789193337412864,1099.0,293887182.0,0.013098754378495392
Niger,NER,562,2000,Exports,world_relative,0.9945577959397873,0.967372810459136,0.49099661039951636,1.0,0.000660099576629591,224038010.0,5817244525651.065,5817020487641.065,1031,5338,0.0,0,0,True,,0.9824816906563376,1031.0,224038010.0,0.012076105283449712
Niger,NER,562,2001,Exports,world_relative,0.9955908531851666,0.9759859253048904,0.3536388614652577,1.0,0.000893457974274528,211268922.0,5632048942793.863,5631837673871.863,776,5274,0.0,0,0,True,,0.9833968350278044,776.0,211268922.0,0.012194018157362208
Niger,NER,562,2002,Exports,world_relative,0.9971158896133536,0.9864332381925149,0.34905241302996404,1.0,0.0003690416841839898,192500577.0,5923913766916.5625,5923721266339.5625,842,5570,0.0,0,0,True,,0.986356610873445,842.0,192500577.0,0.010759278739908673
Niger,NER,562,2003,Exports,world_relative,0.9975463312401732,0.9820266851743944,0.3452568551842834,1.0,0.0003133626365471636,222771513.0,6921292294244.205,6921069522731.205,752,5579,0.0,0,0,True,,0.986857668103622,752.0,222771513.0,0.010688663136551257
Niger,NER,562,2004,Exports,world_relative,0.9952332978298628,0.9744885095284284,0.3480203301373592,0.9999999999999999,0.0005352650239693243,392230376.0,8351471957607.767,8351079727231.767,674,5577,0.0,0,0,True,,0.9757039190852412,674.0,392230376.0,0.019529378744621573
Niger,NER,562,2005,Exports,world_relative,0.9928332889704488,0.9637081134439631,0.4440241611596083,1.0,0.0007620852684884713,478133464.0,9463776638949.371,9463298505485.371,743,5541,0.0,0,0,True,,0.9746789160355528,743.0,478133464.0,0.018154372934895968
Niger,NER,562,2006,Exports,world_relative,0.9907678733217604,0.9616398318913931,0.43456456205001526,0.9999999999999998,0.000972150163668828,468345700.0,11029272427409.55,11028804081709.55,969,5520,0.0,0,0,True,,0.9778472518648056,969.0,468345700.0,0.012920621456954828
Niger,NER,562,2007,Exports,world_relative,0.9942189556087787,0.9640105160799182,0.31619304602393217,1.0,0.0007566356849481745,625802067.0,12696329386535.996,12695703584468.996,630,5784,0.0,0,0,True,,0.976453432324278,630.0,625802067.0,0.01776552328450076
Niger,NER,562,2008,Exports,world_relative,0.9969228353187879,0.9661211514350674,0.3756172182869594,0.9999999999999999,0.0006309031327789007,1024360302.0,14679230251059.18,14678205890757.18,603,5668,0.0,0,0,True,,0.9820127750414198,603.0,1024360302.0,0.014910060277368076
Niger,NER,562,2009,Exports,world_relative,0.9974609434258271,0.9711752171388086,0.3898851016540993,1.0,0.00045660040623625453,628011877.0,11155952807789.14,11155324795912.14,621,5601,0.0,0,0,True,,0.9865904204050464,621.0,628011877.0,0.010870523020780731
Niger,NER,562,2010,Exports,world_relative,0.9946688085799913,0.960158570461858,0.4089238925663638,0.9999999999999998,0.000631287732274655,478624848.0,13603195025663.61,13602716400815.61,576,5533,0.0,0,0,True,,0.975718729520785,576.0,478624848.0,0.018950079059206315
Niger,NER,562,2011,Exports,world_relative,0.9947157730777393,0.9592488074575571,0.34123475281362703,1.0,0.0009037646154895826,990325549.0,16465456215640.959,16464465890091.959,501,5430,0.0,0,0,True,,0.9787167338953296,501.0,990325549.0,0.015999039182409636
Niger,NER,562,2012,Exports,world_relative,0.9756232067444296,0.9607598307656258,0.4074477265891604,1.0,0.009215485424878479,630734798.0,16687135437611.117,16686504702813.117,552,5738,0.0,0,0,True,,0.9682045049543508,552.0,630734798.0,0.007418701790078752
Niger,NER,562,2013,Exports,world_relative,0.9822306869989476,0.9563983596504843,0.3945459531033707,1.0,0.0070764432960360064,1337151358.0,17314636337298.219,17313299185940.219,471,5728,0.0,0,0,True,,0.9825766859724948,471.0,1337151358.0,-0.00034599897354725684
Niger,NER,562,2014,Exports,world_relative,0.9870232257277368,0.9657931277267321,0.40997601107311665,0.9999999999999999,0.005615927839675597,1022624773.0,17180906869482.68,17179884244709.68,599,5695,0.0,0,0,True,,0.98248943478186,599.0,1022624773.0,0.004533790945876803
Niger,NER,562,2015,Exports,world_relative,0.9847347793324394,0.9653183770947518,0.412899501875991,1.0,0.003932870250019072,789633029.0,14886939159151.531,14886149526122.531,759,5604,0.0,0,0,True,,0.984827616807765,759.0,789633029.0,-9.283747532562447e-05
Niger,NER,562,2016,Exports,world_relative,0.9733976154063848,0.9564953686348332,0.4687538952340299,1.0,0.0052711483265596585,664403846.648,14463507424510.889,14462843020664.244,984,5573,0.0,0,0,True,,0.9780813446143084,984.0,664403846.648,-0.004683729207923593
Niger,NER,562,2017,Exports,world_relative,0.9720047920986516,0.9603247397429358,0.39351374981331205,0.9999999999999999,0.006705550862091993,870777712.4620001,15912918159251.652,15912047381539.188,836,5687,0.0,0,0,True,,0.9768529100151742,836.0,870777712.4620001,-0.00484811791652251
Niger,NER,562,2018,Exports,world_relative,0.9673558193159754,0.9564995776218688,0.38845273238712474,1.0,0.008833600750118301,888562905.847,17639705152038.016,17638816589132.164,786,5667,0.0,0,0,True,,0.9724625063007366,786.0,888562905.8470001,-0.005106686984761244
Niger,NER,562,2019,Exports,world_relative,0.9756255797503356,0.9631730325001189,0.37008579676340886,1.0000000000000002,0.007379779553019256,695923142.1949999,17270046559346.42,17269350636204.227,583,5523,0.0,0,0,True,,0.975148497452643,583.0,695923142.1949999,0.00047708229769261035
Niger,NER,562,2020,Exports,world_relative,0.9790184201380034,0.9694532533953817,0.35454938943275005,1.0000000000000002,0.0046010533928339615,706390476.3379999,16099571053208.256,16098864662731.918,611,5495,0.0,0,0,True,,0.9744818285676422,611.0,706390476.3379999,0.004536591570361237
Niger,NER,562,2021,Exports,world_relative,0.9742118262828102,0.9609842209268202,0.3554678602370148,1.0000000000000002,0.006982485614682628,737116422.267,20230697024887.18,20229959908464.914,497,5489,0.0,0,0,True,,0.9759877579768332,497.0,737116422.2670001,-0.001775931694023014
Niger,NER,562,2022,Exports,world_relative,0.9613332363499434,0.942084724861632,0.3531959064060682,0.9999999999999997,0.008250913278038195,423111547.095,22120815369208.133,22120392257661.04,545,5839,0.0,0,0,True,,0.9678140005481232,545.0,423111547.095,-0.006480764198179778
Niger,NER,562,2023,Exports,world_relative,0.9809081721464976,0.9611525090449008,0.33441089783541034,0.9999999999999998,0.005755796613120357,467426222.43700004,21325007050203.67,21324539623981.24,369,5806,0.0,0,0,True,,0.9769650297425112,369.0,467426222.437,0.0039431424039864105
Niger,NER,562,2024,Exports,world_relative,0.9425643341122826,0.9524152204519429,0.34587818476563703,0.9999999999999998,0.03380131525172562,1007786657.4240001,20562489519169.527,20561481732512.105,449,5800,0.0,0,0,True,,0.9863482823307308,449.0,1007786657.424,-0.04378394821844822
North Macedonia,MKD,807,1994,Exports,world_relative,0.9385739613163033,0.93861147528198,0.5789591893972842,1.0,0.0007537033239427315,1086006877.0,3636838351757.0,3635752344880.0,2011,5036,0.0,0,0,True,,0.8977748864570072,2011.0,1086006877.0,0.040799074859296125
North Macedonia,MKD,807,1995,Exports,world_relative,0.9313010023451486,0.9324683521516516,0.5690895761730831,1.0,0.000791190637036815,1204017374.0,4343603232603.0,4342399215229.0,2127,5036,0.0,0,0,True,,0.8954473655219639,2127.0,1204017374.0,0.035853636823184654
North Macedonia,MKD,807,1996,Exports,world_relative,0.9492476066532671,0.947162069062616,0.5851076197825891,1.0,0.0007222933945994383,1146732370.0,4650994076708.0,4649847344338.0,2118,5384,0.0,0,0,True,,0.9160306815295014,2118.0,1146732370.0,0.03321692512376573
North Macedonia,MKD,807,1997,Exports,world_relative,0.948086269045594,0.9402532883076512,0.6827659226737977,1.0,0.0007416363933468196,1235451178.0,4735993736441.0,4734758285263.0,2243,5377,0.0,0,0,True,,0.9229789033560816,2243.0,1235451178.0,0.02510736568951244
North Macedonia,MKD,807,1998,Exports,world_relative,0.9482704677383694,0.9374575422353889,0.6532380333048488,0.9999999999999999,0.0007785133138106456,1308553819.0,4800267515662.0,4798958961843.0,2110,5377,0.0,0,0,True,,0.9215538122803488,2110.0,1308553819.0,0.0267166554580206
North Macedonia,MKD,807,1999,Exports,world_relative,0.944693175188107,0.93403339338134,0.6916087847064459,1.0,0.0006896951359860915,1165676560.0,5131446891996.0,5130281215436.0,2413,5363,0.0,0,0,True,,0.9253066817727152,2413.0,1165676560.0,0.01938649341539178
North Macedonia,MKD,807,2000,Exports,world_relative,0.9416006430242585,0.9441062155650832,0.685695506614568,1.0,0.0017218032981686589,1318110270.97,5817244525651.065,5815926415380.095,2511,5338,0.0,0,0,True,,0.9329689117338562,2511.0,1318110270.97,0.00863173129040229
North Macedonia,MKD,807,2001,Exports,world_relative,0.9447598887582748,0.9391990195362124,0.6955177594938357,1.0,0.0015519963070770306,1155317241.1399999,5632048942793.863,5630893625552.723,2409,5274,0.0,0,0,True,,0.9341427468192808,2409.0,1155317241.14,0.01061714193899399
North Macedonia,MKD,807,2002,Exports,world_relative,0.9464116207840817,0.9270571554916718,0.6915219958298215,1.0,0.0010503132216790542,1111560885.48,5923913766916.5625,5922802206031.082,2376,5570,0.0,0,0,True,,0.9332256382163848,2376.0,1111560885.48,0.013185982567696874
North Macedonia,MKD,807,2003,Exports,world_relative,0.944479769481818,0.93595125202512,0.7060385484067097,1.0,0.0013927454590183972,1364384569.1299999,6921292294244.205,6919927909675.076,2440,5579,0.0,0,0,True,,0.9392544124163452,2440.0,1364384569.13,0.00522535706547278
North Macedonia,MKD,807,2004,Exports,world_relative,0.9433291907019159,0.9294083115723285,0.7118117556887013,1.0,0.0013788431998324382,1672392311.25,8351471957607.767,8349799565296.518,2514,5577,0.0,0,0,True,,0.9394971206870244,2514.0,1672392311.25,0.0038320700148914977
North Macedonia,MKD,807,2005,Exports,world_relative,0.9377227384520148,0.9367982335582782,0.7052904838347178,1.0,0.002184046891963041,2038906395.79,9463776638949.371,9461737732553.582,2607,5541,0.0,0,0,True,,0.9452306467855738,2607.0,2038906395.79,-0.007507908333558966
North Macedonia,MKD,807,2006,Exports,world_relative,0.9359487731773359,0.9371611858221098,0.6896866814836777,0.9999999999999998,0.0024998880482444787,2413296161.6900005,11029272427409.55,11026859131247.86,2647,5520,0.0,0,0,True,,0.9470652306078416,2647.0,2413296161.69,-0.01111645743050571
North Macedonia,MKD,807,2007,Exports,world_relative,0.9411780025405067,0.9241268198566575,0.7124753568082687,1.0,0.0017457923206184128,3396885648.54,12696329386535.996,12692932500887.455,2738,5784,0.0,0,0,True,,0.9493607372907482,2738.0,3396885648.54,-0.00818273475024156
North Macedonia,MKD,807,2008,Exports,world_relative,0.9294943943691593,0.9271704168691505,0.7074532676658474,1.0,0.002979443458513466,3989640597.38,14679230251059.18,14675240610461.799,2844,5668,0.0,0,0,True,,0.9486387324291504,2844.0,3989640597.38,-0.01914433805999116
North Macedonia,MKD,807,2009,Exports,world_relative,0.9202497913322507,0.9224983557047486,0.7362366073590829,1.0,0.00261439410249567,2707653247.5299997,11155952807789.14,11153245154541.611,2848,5601,0.0,0,0,True,,0.9396793309108162,2848.0,2707653247.53,-0.019429539578565524
North Macedonia,MKD,807,2010,Exports,world_relative,0.9321387614493816,0.9249300856626187,0.7263917763102092,1.0,0.0024640471749102755,3349831545.7699995,13603195025663.61,13599845194117.84,2805,5533,0.0,0,0,True,,0.9469155027508628,2805.0,3349831545.77,-0.014776741301481211
North Macedonia,MKD,807,2011,Exports,world_relative,0.9349588916071288,0.9305989834337243,0.7234106867164241,1.0,0.002930958091447387,4477205700.0,16465456215640.959,16460979009940.959,2928,5430,0.0,0,0,True,,0.9550491258548556,2928.0,4477205700.0,-0.020090234247726824
North Macedonia,MKD,807,2012,Exports,world_relative,0.9393112974069248,0.9235389867054882,0.7051720605676413,1.0,0.0022790316952070143,4013952288.0,16687135437611.117,16683121485323.117,2901,5738,0.0,0,0,True,,0.9545017965786906,2901.0,4013952288.0,-0.015190499171765848
North Macedonia,MKD,807,2013,Exports,world_relative,0.9472575325473773,0.9043620527259376,0.7080531024439696,1.0,0.001342125759020379,4296580932.0,17314636337298.219,17310339756366.219,2894,5728,0.0,0,0,True,,0.954438714286667,2894.0,4296580932.0,-0.0071811817392897215
North Macedonia,MKD,807,2014,Exports,world_relative,0.9496754844355745,0.8919145372385276,0.8047425937048135,1.0,0.0012626353968457546,4960799185.0,17180906869482.68,17175946070297.68,2906,5695,0.0,0,0,True,,0.9584096298514272,2906.0,4960799185.0,-0.008734145415852712
North Macedonia,MKD,807,2015,Exports,world_relative,0.9491388700252354,0.9222417572627747,0.7776042010208287,1.0,0.0011323253870347497,4528853604.799999,14886939159151.531,14882410305546.734,3010,5604,0.0,0,0,True,,0.9611269185569232,3010.0,4528853604.8,-0.011988048531687778
North Macedonia,MKD,807,2016,Exports,world_relative,0.947136174072903,0.9251994016526923,0.7928891970320386,1.0000000000000002,0.0012025431422621655,4850276510.289999,14463507424510.889,14458657148000.602,2998,5573,0.0,0,0,True,,0.960726247289597,2998.0,4850276510.29,-0.013590073216694032
North Macedonia,MKD,807,2017,Exports,world_relative,0.9462906716012383,0.9260836210247515,0.7937120783361955,1.0000000000000004,0.0012438740346936016,5679278262.949999,15912918159251.652,15907238880988.701,3157,5687,0.0,0,0,True,,0.9636927288261132,3157.0,5679278262.95,-0.01740205722487498
North Macedonia,MKD,807,2018,Exports,world_relative,0.9494403321936179,0.9295494363701254,0.7825332437760176,1.0,0.0013018615985680919,6901774856.389999,17639705152038.016,17632803377181.62,3152,5667,0.0,0,0,True,,0.965697248527599,3152.0,6901774856.389999,-0.016256916333981075
North Macedonia,MKD,807,2019,Exports,world_relative,0.9478053293173839,0.928499697241143,0.7781870977859765,1.0,0.0013946513367424501,7189840814.657,17270046559346.42,17262856718531.764,3176,5523,0.0,0,0,True,,0.965401865561127,3176.0,7189840814.657,-0.01759653624374302
North Macedonia,MKD,807,2020,Exports,world_relative,0.9468941579133755,0.932610298074235,0.7958585430315951,1.0,0.0013073407998587577,6629676552.615999,16099571053208.256,16092941376655.64,3146,5495,0.0,0,0,True,,0.9642196856845112,3146.0,6629676552.616,-0.017325527771135718
North Macedonia,MKD,807,2021,Exports,world_relative,0.9452767774735727,0.9282999955060999,0.7877552521570039,1.0,0.0013310779078327237,8180692890.268,20230697024887.18,20222516331996.914,3141,5489,0.0,0,0,True,,0.9639273054027389,3141.0,8180692890.268001,-0.018650527929166105
North Macedonia,MKD,807,2022,Exports,world_relative,0.941012430699559,0.9233440925107947,0.7666412197594507,1.0,0.0014865766651712344,8722476648.05,22120815369208.133,22112092892560.086,3259,5839,0.0,0,0,True,,0.9622032818363382,3259.0,8722476648.05,-0.02119085113677921
North Macedonia,MKD,807,2023,Exports,world_relative,0.9381400861499712,0.9181744467088053,0.7868292179015041,1.0000000000000002,0.0013764022049299954,8985678107.392998,21325007050203.67,21316021372096.28,3245,5806,0.0,0,0,True,,0.9614666756382712,3245.0,8985678107.393002,-0.02332658948829991
North Macedonia,MKD,807,2024,Exports,world_relative,0.9365918258355937,0.9183610142283234,0.7822251048906558,1.0,0.0013931485545284935,8413033233.21,20562489519169.527,20554076485936.32,3209,5800,0.0,0,0,True,,0.9604970088793208,3209.0,8413033233.209999,-0.02390518304372702
Norway,NOR,579,1993,Exports,world_relative,0.8933794631992313,0.9620116955185147,0.9195546070838693,1.0,0.01341128790615277,29791133054.0,2718912702757.0,2689121569703.0,3866,5036,0.0,0,0,True,,0.9630363634383984,3866.0,29791133054.0,-0.06965690023916704
Norway,NOR,579,1994,Exports,world_relative,0.8989621493163726,0.9660342269569682,0.9223738495536236,0.9999999999999999,0.010858305098095438,32332578483.0,3636838351757.0,3604505773274.0,3969,5036,0.0,0,0,True,,0.9605752498519546,3969.0,32332578483.0,-0.061613100535582
Norway,NOR,579,1995,Exports,world_relative,0.8992651048750646,0.9669541664730957,0.9109217017739126,1.0,0.009810495483590469,38722497615.0,4343603232603.0,4304880734988.0,3971,5036,0.0,0,0,True,,0.959662026447186,3971.0,38722497615.0,-0.0603969215721214
Norway,NOR,579,1996,Exports,world_relative,0.8896212032690142,0.961247974106221,0.8988584419454952,1.0,0.015582312163764423,45926483207.0,4650994076708.0,4605067593501.0,4017,5384,0.0,0,0,True,,0.9631920403036898,4017.0,45926483207.0,-0.0735708370346756
Norway,NOR,579,1997,Exports,world_relative,0.8982877451135995,0.9653983287319464,0.9173768387832353,1.0,0.011637372344354616,45708456006.0,4735993736441.0,4690285280435.0,4019,5377,0.0,0,0,True,,0.9637391334452958,4019.0,45708456006.0,-0.06545138833169628
Norway,NOR,579,1998,Exports,world_relative,0.885830871326525,0.9607916050875317,0.924674695929234,1.0,0.008523101632925523,37513531822.0,4800267515662.0,4762753983840.0,4026,5377,0.0,0,0,True,,0.955666623277068,4026.0,37513531822.0,-0.06983575195054292
Norway,NOR,579,1999,Exports,world_relative,0.8886650363199772,0.9600862995045933,0.9146612506883142,1.0000000000000002,0.012853116176221712,42826108957.0,5131446891996.0,5088620783039.0,4048,5363,0.0,0,0,True,,0.962505800437304,4048.0,42826108957.0,-0.07384076411732687
Norway,NOR,579,2000,Exports,world_relative,0.8780900450033783,0.9425590484378958,0.9345251932170079,0.9999999999999999,0.026797617164151313,57697484697.608,5817244525651.065,5759547040953.457,3998,5338,0.0,0,0,True,,0.9741755890345776,3998.0,57697484697.608,-0.09608554403119929
Norway,NOR,579,2001,Exports,world_relative,0.879998723582055,0.9453653215710301,0.9291602860415259,1.0000000000000002,0.02338642753315113,56572163038.59599,5632048942793.863,5575476779755.267,3971,5274,0.0,0,0,True,,0.9725333440305426,3971.0,56572163038.595985,-0.09253462044848759
Norway,NOR,579,2002,Exports,world_relative,0.8826975311657692,0.9465179572071911,0.9166166461502379,1.0,0.021805391392223376,57194414166.278,5923913766916.5625,5866719352750.284,3933,5570,0.0,0,0,True,,0.9709640925098776,3933.0,57194414166.278015,-0.08826656134410837
Norway,NOR,579,2003,Exports,world_relative,0.8802113953467999,0.9434575146564637,0.9200349316048977,1.0,0.02304046913087322,65123585154.201,6921292294244.205,6856168709090.006,3970,5579,0.0,0,0,True,,0.9724037849992412,3970.0,65123585154.20099,-0.09219238965244125
Norway,NOR,579,2004,Exports,world_relative,0.883683514735191,0.9429652645223745,0.9223779132737109,1.0000000000000002,0.024770453048764237,78889494859.97598,8351471957607.767,8272582462747.791,3976,5577,0.0,0,0,True,,0.9746305493953192,3976.0,78889494859.97601,-0.09094703466012821
Norway,NOR,579,2005,Exports,world_relative,0.8732675803308405,0.9290788358330738,0.9209418077832399,1.0,0.03170532291038244,100214587568.922,9463776638949.371,9363562051380.45,3970,5541,0.0,0,0,True,,0.977810690657779,3970.0,100214587568.922,-0.10454311032693853
Norway,NOR,579,2006,Exports,world_relative,0.8669050569903259,0.9193989562616608,0.925229546890367,0.9999999999999998,0.03309608874484313,117926031383.82701,11029272427409.55,10911346396025.723,3964,5520,0.0,0,0,True,,0.9786850292918644,3964.0,117926031383.82698,-0.11177997230153847
Norway,NOR,579,2007,Exports,world_relative,0.8677871502485183,0.9258262798395521,0.914190799230356,0.9999999999999999,0.028750019318102657,130849108671.67401,12696329386535.996,12565480277864.32,3795,5784,0.0,0,0,True,,0.975872062604254,3795.0,130849108671.674,-0.1080849123557357
Norway,NOR,579,2008,Exports,world_relative,0.8523918439506883,0.90382337403871,0.9241494672825096,1.0000000000000002,0.03700259002393586,162690953102.94897,14679230251059.18,14516539297956.229,3778,5668,0.0,0,0,True,,0.9785568183237529,3778.0,162690953102.94897,-0.1261649743730645
Norway,NOR,579,2009,Exports,world_relative,0.870063850816094,0.9263555763256043,0.9113270921835526,1.0000000000000002,0.02379021597298785,112871819803.02197,11155952807789.14,11043080987986.12,3715,5601,0.0,0,0,True,,0.9747001284666088,3715.0,112871819803.022,-0.10463627765051475
Norway,NOR,579,2010,Exports,world_relative,0.8668920627098616,0.9190776492790558,0.9251224273269723,1.0,0.028665692055989088,126056249777.0,13603195025663.61,13477138775886.61,3790,5533,0.0,0,0,True,,0.976819838052446,3790.0,126056249777.0,-0.10992777534258436
Norway,NOR,579,2011,Exports,world_relative,0.8567984058643106,0.9052045551994606,0.9156902875865816,1.0,0.03424357051164705,154964918315.0,16465456215640.959,16310491297325.959,3784,5430,0.0,0,0,True,,0.9789198070571634,3784.0,154964918315.0,-0.12212140119285286
Norway,NOR,579,2012,Exports,world_relative,0.863157519478665,0.9047217554549536,0.91515348825046,1.0,0.031517073101131714,156054344652.0,16687135437611.117,16531081092959.117,3914,5738,0.0,0,0,True,,0.9789481024037104,3914.0,156054344652.0,-0.1157905829250454
Norway,NOR,579,2013,Exports,world_relative,0.8613508639405514,0.901292341421682,0.9256640009318036,1.0,0.03075804078035478,150354614066.0,17314636337298.219,17164281723232.219,3928,5728,0.0,0,0,True,,0.9781727301702968,3928.0,150354614066.0,-0.11682186622974544
Norway,NOR,579,2014,Exports,world_relative,0.8659445192041867,0.9135769514307664,0.9276243801438482,1.0,0.02631173546800231,139912322833.0,17180906869482.68,17040994546649.68,3949,5695,0.0,0,0,True,,0.9764400431250212,3949.0,139912322833.0,-0.1104955239208345
Norway,NOR,579,2015,Exports,world_relative,0.8868889783164057,0.9363432301402854,0.9335912718499506,0.9999999999999999,0.013616880576667871,99617752854.892,14886939159151.531,14787321406296.64,3948,5604,0.0,0,0,True,,0.9717577314066932,3948.0,99617752854.892,-0.08486875309028752
Norway,NOR,579,2016,Exports,world_relative,0.8984348301243813,0.945928361667948,0.9340405159311549,1.0,0.011384361900370557,86132779885.0,14463507424510.889,14377374644625.889,3971,5573,0.0,0,0,True,,0.9700445666190458,3971.0,86132779885.0,-0.07160973649466451
Norway,NOR,579,2017,Exports,world_relative,0.9036933270703763,0.9454817257909285,0.9239508056508969,1.0,0.011419404981079094,97793429402.133,15912918159251.652,15815124729849.52,4064,5687,0.0,0,0,True,,0.9733733717016309,4064.0,97793429402.133,-0.06968004463125455
Norway,NOR,579,2018,Exports,world_relative,0.8960827440880056,0.9301640392853282,0.9205152220834409,1.0,0.017366686924638466,118424689258.84299,17639705152038.016,17521280462779.17,4024,5667,0.0,0,0,True,,0.9768972923252216,4024.0,118424689258.84302,-0.08081454823721601
Norway,NOR,579,2019,Exports,world_relative,0.8824330732287197,0.9309316540083641,0.9248142465142578,1.0000000000000002,0.017790106667328404,99644282105.17899,17270046559346.42,17170402277241.242,4017,5523,0.0,0,0,True,,0.9721491657497588,4017.0,99644282105.17902,-0.08971609252103918
Norway,NOR,579,2020,Exports,world_relative,0.8887716864258863,0.945328329055555,0.9260876413368865,0.9999999999999999,0.012371044766941203,79012204005.022,16099571053208.256,16020558849203.234,3990,5495,0.0,0,0,True,,0.9665424000493557,3990.0,79012204005.022,-0.07777071362346932
Norway,NOR,579,2021,Exports,world_relative,0.9201344549795437,0.9436199420343032,0.9315342927462994,1.0000000000000002,0.01324258004921702,168713355166.65198,20230697024887.18,20061983669720.53,4004,5489,0.0,0,0,True,,0.9809129466778816,4004.0,168713355166.652,-0.06077849169833793
Norway,NOR,579,2022,Exports,world_relative,0.9285613901074877,0.9378117451939596,0.9312977572670689,1.0,0.016617899587278266,263996376800.901,22120815369208.133,21856818992407.234,4228,5839,0.0,0,0,True,,0.987845080260821,4228.0,263996376800.901,-0.059283690153333235
Norway,NOR,579,2023,Exports,world_relative,0.9073213433840076,0.9381430934563104,0.9391598984739005,0.9999999402826667,0.016155299539578945,172013893769.708,21325007050203.67,21152993156433.965,4419,5805,5.97173331460796e-08,0,0,True,,0.9806477963262764,4419.0,172013893769.708,-0.0733264529422688
Norway,NOR,579,2024,Exports,world_relative,0.9102700618062614,0.9463669007427956,0.9448926920932254,1.0,0.01390478328194428,163003956947.21698,20562489519169.527,20399485562222.312,4369,5800,0.0,0,0,True,,0.97862643793464,4369.0,163003956947.217,-0.06835637612837864
Panama,PAN,591,1995,Exports,world_relative,0.9864097390056189,0.9853052044897851,0.14712904495491114,1.0,0.0010381261156323267,577208239.0,4343603232603.0,4343026024364.0,486,5036,0.0,0,0,True,,0.94016724648637,486.0,577208239.0,0.046242492519248946
Panama,PAN,591,1996,Exports,world_relative,0.9852471353606667,0.9828875094198734,0.1784735872045014,1.0,0.00100858707484115,569200152.0,4650994076708.0,4650424876556.0,590,5384,0.0,0,0,True,,0.9412344700504208,590.0,569200152.0,0.044012665310245835
Panama,PAN,591,1997,Exports,world_relative,0.9873494183643479,0.9834631412243043,0.19447785977707974,0.9999999999999999,0.000849496124634882,658051399.0,4735993736441.0,4735335685042.0,648,5377,0.0,0,0,True,,0.9473432252584668,648.0,658051399.0,0.04000619310588105
Panama,PAN,591,1998,Exports,world_relative,0.9850653558472325,0.9827709015704623,0.20567616201205904,1.0000000000000002,0.0009608269767935911,705456700.0,4800267515662.0,4799562058962.0,707,5377,0.0,0,0,True,,0.942409332226241,707.0,705456700.0,0.04265602362099152
Panama,PAN,591,1999,Exports,world_relative,0.9867440193041057,0.9844495278788284,0.1865499097840892,1.0,0.0009225077348621367,707130402.0,5131446891996.0,5130739761594.0,634,5363,0.0,0,0,True,,0.9371583294518036,634.0,707130402.0,0.04958568985230216
Panama,PAN,591,2000,Exports,world_relative,0.9837821426446145,0.9667864753229348,0.17337526371882295,1.0,0.002254499942002669,779075431.0,5817244525651.065,5816465450220.065,521,5338,0.0,0,0,True,,0.9316053712328698,521.0,779075431.0,0.052176771411744705
Panama,PAN,591,2001,Exports,world_relative,0.9840182352557126,0.967172150026826,0.1767946428184308,1.0,0.0022236101239336914,809002777.0,5632048942793.863,5631239940016.863,488,5274,0.0,0,0,True,,0.9262094287326268,488.0,809002777.0,0.05780880652308584
Panama,PAN,591,2002,Exports,world_relative,0.9907601971930485,0.9846796050179629,0.15203958536096512,0.9999999999999999,0.0005678048960422771,759613136.0,5923913766916.5625,5923154153780.5625,520,5570,0.0,0,0,True,,0.9332340841213922,520.0,759613136.0,0.05752611307165634
Panama,PAN,591,2003,Exports,world_relative,0.9925291067699743,0.9825872772223656,0.1372925774297069,1.0,0.00039473646323217004,801050838.0,6921292294244.205,6920491243406.205,476,5579,0.0,0,0,True,,0.9367297881292576,476.0,801050838.0,0.055799318640716744
Panama,PAN,591,2004,Exports,world_relative,0.9927647359221213,0.9776779427835905,0.1741507336880757,1.0,0.00037842151290678013,891105142.0,8351471957607.767,8350580852465.767,477,5577,0.0,0,0,True,,0.9343030546306904,477.0,891105142.0,0.05846168129143092
Panama,PAN,591,2005,Exports,world_relative,0.9932052215221309,0.9755022008263113,0.18669245328875123,0.9999999999999999,0.0004189884038149739,963215608.0,9463776638949.371,9462813423341.371,470,5541,0.0,0,0,True,,0.9342700889871792,470.0,963215608.0,0.05893513253495164
Panama,PAN,591,2006,Exports,world_relative,0.9288428493216494,0.908816236701499,0.7119340811219841,1.0,0.001235204190069417,8033926729.0,11029272427409.55,11021238500680.55,3025,5520,0.0,0,0,True,,0.9314539840780288,3025.0,8033926729.0,-0.0026111347563794185
Panama,PAN,591,2007,Exports,world_relative,0.940662316508027,0.9200570610816238,0.6126051726193568,1.0,0.0009795020777137397,8559363542.0,12696329386535.996,12687770022993.996,2997,5784,0.0,0,0,True,,0.929955920348846,2997.0,8559363542.0,0.010706396159181009
Panama,PAN,591,2008,Exports,world_relative,0.9300794210100457,0.9063443559148868,0.6577050733878159,1.0,0.0010686575659864688,9816558279.0,14679230251059.18,14669413692780.18,2892,5668,0.0,0,0,True,,0.9278323179277188,2892.0,9816558279.0,0.0022471030823268956
Panama,PAN,591,2009,Exports,world_relative,0.9328018246725667,0.9228548851438552,0.7090705716940399,1.0,0.0014804781211745814,10716632950.0,11155952807789.14,11145236174839.14,2865,5601,0.0,0,0,True,,0.9432852432163288,2865.0,10716632950.0,-0.010483418543762113
Panama,PAN,591,2010,Exports,world_relative,0.9228490991280366,0.9270256271608163,0.7152800970481292,1.0,0.0015191627384417603,10986511946.0,13603195025663.61,13592208513717.61,3161,5533,0.0,0,0,True,,0.9351328940879036,3161.0,10986511946.0,-0.012283794959866978
Panama,PAN,591,2011,Exports,world_relative,0.9242256439674366,0.9363242981403647,0.7105226031351309,1.0,0.0015696082707448962,15895615039.0,16465456215640.959,16449560600601.959,3330,5430,0.0,0,0,True,,0.939211066290936,3330.0,15895615039.0,-0.01498542232349942
Panama,PAN,591,2012,Exports,world_relative,0.9179840179200288,0.9293454255225989,0.7172652602581684,0.9999999999999999,0.0017190471469276977,16761427112.0,16687135437611.117,16670374010499.117,3356,5738,0.0,0,0,True,,0.933144874002848,3356.0,16761427112.0,-0.01516085608281914
Panama,PAN,591,2013,Exports,world_relative,0.9175162226351414,0.9333023258147128,0.7246822789407606,1.0,0.0018470991674184867,15574925430.0,17314636337298.219,17299061411868.219,3444,5728,0.0,0,0,True,,0.9357385412134024,3444.0,15574925430.0,-0.018222318578260954
Panama,PAN,591,2014,Exports,world_relative,0.9066560372776794,0.9449517584640864,0.7349790031589207,1.0,0.0024571385887311747,13776299709.0,17180906869482.68,17167130569773.68,3487,5695,0.0,0,0,True,,0.9297524996719972,3487.0,13776299709.0,-0.02309646239431784
Panama,PAN,591,2015,Exports,world_relative,0.8962467816913618,0.9435947708199139,0.7629656593648778,1.0,0.003021749003137752,12042760998.0,14886939159151.531,14874896398153.531,3237,5604,0.0,0,0,True,,0.9283069262422668,3237.0,12042760998.0,-0.032060144550905
Panama,PAN,591,2016,Exports,world_relative,0.8890522323815133,0.9411006655708346,0.7672519412597725,1.0,0.0033389150004922447,10842217254.0,14463507424510.889,14452665207256.889,3075,5573,0.0,0,0,True,,0.9260990431670068,3075.0,10842217254.0,-0.037046810785493434
Panama,PAN,591,2017,Exports,world_relative,0.8804747045205729,0.9361690516000425,0.7597229710458786,1.0,0.0033171236563488424,11089526431.0,15912918159251.652,15901828632820.652,3145,5687,0.0,0,0,True,,0.9258749121903612,3145.0,11089526431.0,-0.04540020766978836
Panama,PAN,591,2018,Exports,world_relative,0.8893194730250895,0.9468559353699078,0.7334709176181998,1.0,0.003910480798495766,11478703477.0,17639705152038.016,17628226448561.016,3146,5667,0.0,0,0,True,,0.93291047981452,3146.0,11478703477.0,-0.04359100678943051
Panama,PAN,591,2019,Exports,world_relative,0.8767201275019829,0.9348408174585459,0.7371239426623327,1.0,0.003661407788177721,10476801467.0,17270046559346.42,17259569757879.42,3168,5523,0.0,0,0,True,,0.9293469535476488,3168.0,10476801467.0,-0.05262682604566593
Panama,PAN,591,2020,Exports,world_relative,0.8518971802155789,0.9299419498580664,0.7640458675653765,1.0,0.004901181537557777,8657931326.0,16099571053208.256,16090913121882.256,3086,5495,0.0,0,0,True,,0.9253574095735068,3086.0,8657931326.0,-0.07346022935792784
Panama,PAN,591,2021,Exports,world_relative,0.9918417473908847,0.99222974114826,0.17540655791540535,1.0,0.003594495441049454,3781922651.0,20230697024887.18,20226915102236.18,405,5489,0.0,0,0,True,,0.9750336566704634,405.0,3781922651.0,0.01680809072042133
Panama,PAN,591,2022,Exports,world_relative,0.9918965399657372,0.991755013876727,0.1649729537162028,0.9999999999999999,0.0031806613044315156,3652153568.0,22120815369208.133,22117163215640.133,430,5839,0.0,0,0,True,,0.9749141040296972,430.0,3652153568.0,0.016982435936039986
Panama,PAN,591,2023,Exports,world_relative,0.9903329078312512,0.9906288422442544,0.1878375827076847,1.0,0.0034249710339351656,3366813480.0,21325007050203.67,21321640236723.67,522,5806,0.0,0,0,True,,0.9760469879494964,522.0,3366813480.0,0.01428591988175476
Panama,PAN,591,2024,Exports,world_relative,0.9584524433397161,0.9341023988433704,0.5825689763626491,1.0,0.0013276638057704954,1158357714.0,20562489519169.527,20561331161455.527,1859,5800,0.0,0,0,True,,0.9456669483703496,1859.0,1158357714.0,0.01278549496936654
Peru,PER,604,1992,Exports,world_relative,0.9819579388895355,0.9821422476533328,0.501044616808579,1.0,0.0009751760433402289,3359300784.0,2374826502111.0,2371467201327.0,1696,5036,0.0,0,0,True,,0.9677829802286786,1696.0,3359300784.0,0.01417495866085694
Peru,PER,604,1994,Exports,world_relative,0.9804820122975685,0.9804170507116957,0.6405248848424907,1.0,0.0008403422947023991,4388895544.0,3636838351757.0,3632449456213.0,2174,5036,0.0,0,0,True,,0.9731034083381528,2174.0,4388895544.0,0.007378603959415697
Peru,PER,604,1995,Exports,world_relative,0.9757645326480376,0.963711331636761,0.641161669487296,1.0,0.0016756802641403616,5439694564.0,4343603232603.0,4338163538039.0,2188,5036,0.0,0,0,True,,0.9747968789611312,2188.0,5439694564.0,0.0009676536869064334
Peru,PER,604,1996,Exports,world_relative,0.9700225454162507,0.9520352695916657,0.633890004087722,1.0,0.0025275470381274944,5835009736.0,4650994076708.0,4645159066972.0,2435,5384,0.0,0,0,True,,0.9745781892418606,2435.0,5835009736.0,-0.004555643825609912
Peru,PER,604,1997,Exports,world_relative,0.9710257400629098,0.9588053085767646,0.6395242777762196,0.9999998401902469,0.00196076336696795,6739263271.0,4735993736441.0,4729254473170.0,2489,5376,1.5980975318689253e-07,0,0,True,,0.973052878936108,2489.0,6739263271.0,-0.0020271388731982753
Peru,PER,604,1998,Exports,world_relative,0.9672521489521524,0.9636729105246731,0.7873522108292763,1.0,0.0016264302371629606,5671804044.0,4800267515662.0,4794595711618.0,2854,5377,0.0,0,0,True,,0.9685609914569232,2854.0,5671804044.0,-0.001308842504770813
Peru,PER,604,1999,Exports,world_relative,0.969830940437342,0.9570213889483667,0.7763065007179697,1.0,0.0017098968583463508,5932053067.0,5131446891996.0,5125514838929.0,2868,5363,0.0,0,0,True,,0.971154000896679,2868.0,5932053067.0,-0.0013230604593370554
Peru,PER,604,2000,Exports,world_relative,0.9665419554350259,0.931030279198249,0.7929466009295961,0.9999999999999999,0.0030233236598731167,6322416298.0,5817244525651.065,5810922109353.065,2770,5338,0.0,0,0,True,,0.9763061275125138,2770.0,6322416298.0,-0.00976417207748792
Peru,PER,604,2001,Exports,world_relative,0.9608318924899738,0.9339820716465508,0.7955459317293172,1.0,0.002778749199445039,6825606292.0,5632048942793.863,5625223336501.863,2879,5274,0.0,0,0,True,,0.96934301615742,2879.0,6825606292.0,-0.008511123667446219
Peru,PER,604,2002,Exports,world_relative,0.9629120064677886,0.9307810462409337,0.824351267077009,1.0,0.0023240653013119525,7663181700.0,5923913766916.5625,5916250585216.5625,3112,5570,0.0,0,0,True,,0.9733338104146476,3112.0,7663181700.0,-0.010421803946858987
Peru,PER,604,2003,Exports,world_relative,0.9618666461152966,0.9323775749302268,0.8258797455246113,1.0,0.0030194724586765686,9026620847.0,6921292294244.205,6912265673397.205,3191,5579,0.0,0,0,True,,0.9751535932151094,3191.0,9026620847.0,-0.013286947099812818
Peru,PER,604,2004,Exports,world_relative,0.9661518611514555,0.9405347031911311,0.8344068568921532,1.0,0.0020610670499802263,12726489052.0,8351471957607.767,8338745468555.767,3249,5577,0.0,0,0,True,,0.9769886330167898,3249.0,12726489052.0,-0.010836771865334383
Peru,PER,604,2005,Exports,world_relative,0.9593188007743217,0.9232208008566472,0.8464377486305572,1.0,0.003096326113642748,17114272392.0,9463776638949.371,9446662366557.371,3400,5541,0.0,0,0,True,,0.9795077146876924,3400.0,17114272392.0,-0.020188913913370632
Peru,PER,604,2006,Exports,world_relative,0.9575915156407958,0.9060159514149163,0.8605725139745001,1.0,0.0041374916612215585,23764892045.0,11029272427409.55,11005507535364.55,3450,5520,0.0,0,0,True,,0.9822947051952164,3450.0,23764892045.0,-0.024703189554420635
Peru,PER,604,2007,Exports,world_relative,0.9575502607866171,0.9091829623754664,0.7745746810718548,1.0,0.004214810311634851,28068892162.0,12696329386535.996,12668260494373.996,3337,5784,0.0,0,0,True,,0.9814143379697172,3337.0,28068892162.0,-0.02386407718310013
Peru,PER,604,2008,Exports,world_relative,0.9504663925737238,0.8939063651945216,0.8664551936779421,1.0,0.0051158946539618146,31288146400.0,14679230251059.18,14647942104659.18,3342,5668,0.0,0,0,True,,0.9784448000816336,3342.0,31288146400.0,-0.027978407507909808
Peru,PER,604,2009,Exports,world_relative,0.9513792996406036,0.9315506264242892,0.876809054543074,1.0,0.00435357437023022,26738220916.0,11155952807789.14,11129214586873.14,3357,5601,0.0,0,0,True,,0.977712417157718,3357.0,26738220916.0,-0.026333117517114313
Peru,PER,604,2010,Exports,world_relative,0.9435713902645028,0.9174455525261977,0.8730437656303649,1.0,0.005175731115044039,38402049782.60999,13603195025663.61,13564792975880.998,3450,5533,0.0,0,0,True,,0.978457976431373,3450.0,38402049782.61,-0.03488658616687024
Peru,PER,604,2011,Exports,world_relative,0.941677599971513,0.9060123563405594,0.8898267147438219,1.0,0.005773325457520646,46380984381.67,16465456215640.959,16419075231259.29,3466,5430,0.0,0,0,True,,0.9790469842094964,3466.0,46380984381.67,-0.037369384237983416
Peru,PER,604,2012,Exports,world_relative,0.9238618365175492,0.9150584454492867,0.8879905025717807,1.0000000000000002,0.007964243943480605,52326688912.35,16687135437611.117,16634808748698.77,3568,5738,0.0,0,0,True,,0.9745729088691948,3568.0,52326688912.35,-0.050711072351645625
Peru,PER,604,2013,Exports,world_relative,0.9173729039413796,0.9080561817721468,0.8918010140133344,1.0,0.008200955039932728,48114276785.340004,17314636337298.219,17266522060512.877,3579,5728,0.0,0,0,True,,0.9732429419438476,3579.0,48114276785.34,-0.05587003800246804
Peru,PER,604,2014,Exports,world_relative,0.926639933325049,0.906493990738418,0.870910661982465,1.0000000000000002,0.006655871175150628,35577631985.229996,17180906869482.68,17145329237497.447,3456,5695,0.0,0,0,True,,0.9742048773584192,3456.0,35577631985.23,-0.04756494403337019
Peru,PER,604,2015,Exports,world_relative,0.938359863372903,0.9462277063630338,0.9016824468272974,1.0,0.004544876443753669,37277753335.2,14886939159151.531,14849661405816.332,3510,5604,0.0,0,0,True,,0.9697322597383812,3510.0,37277753335.2,-0.03137239636547817
Peru,PER,604,2016,Exports,world_relative,0.9490140817527222,0.9602114379869238,0.8779579945709994,1.0,0.005610751862734777,31855136024.43,14463507424510.889,14431652288486.46,3276,5573,0.0,0,0,True,,0.9792117790313124,3276.0,31855136024.43,-0.03019769727859023
Peru,PER,604,2017,Exports,world_relative,0.9518626278488731,0.9572225214010969,0.8718933384446401,1.0000000000000002,0.005163384496814553,39406282040.92,15912918159251.652,15873511877210.73,3334,5687,0.0,0,0,True,,0.9815598711248084,3334.0,39406282040.92,-0.02969724327593526
Peru,PER,604,2018,Exports,world_relative,0.9524060806794218,0.9480439740938754,0.8704666591819218,1.0,0.004883884766740482,42385010078.11,17639705152038.016,17597320141959.9,3327,5667,0.0,0,0,True,,0.981737658647651,3327.0,42385010078.11,-0.02933157796822916
Peru,PER,604,2019,Exports,world_relative,0.9517251710913542,0.9486790374558547,0.8583498600897973,1.0000000000000004,0.004704748552291106,39928137777.54999,17270046559346.42,17230118421568.87,3343,5523,0.0,0,0,True,,0.9811260665787512,3343.0,39928137777.549995,-0.029400895487396994
Peru,PER,604,2020,Exports,world_relative,0.951101473833523,0.9583364197720502,0.8773463088603171,1.0,0.004722558899030591,38757093937.57,16099571053208.256,16060813959270.686,3471,5495,0.0,0,0,True,,0.9780991206694778,3471.0,38757093937.57001,-0.026997646835954847
Peru,PER,604,2021,Exports,world_relative,0.9511676579411239,0.9485333510733245,0.8938042723347845,0.9999999999999998,0.0044461530165383605,56259982453.62601,20230697024887.18,20174437042433.555,3664,5489,0.0,0,0,True,,0.9804999928951368,3664.0,56259982453.626,-0.029332334954012884
Peru,PER,604,2022,Exports,world_relative,0.944782728102573,0.9294676757518687,0.8945175927591935,0.9999999999999999,0.004717067776833976,58172194621.028,22120815369208.133,22062643174587.11,3783,5839,0.0,0,0,True,,0.9791543746737844,3783.0,58172194621.02799,-0.03437164657121139
Peru,PER,604,2023,Exports,world_relative,0.9526797408622586,0.9488656505356481,0.8919968595901914,1.0000000000000002,0.004543000376480691,64354953947.29999,21325007050203.67,21260652096256.375,3775,5806,0.0,0,0,True,,0.9814413628983176,3775.0,64354953947.3,-0.02876162203605903
Peru,PER,604,2024,Exports,world_relative,0.9533650947135711,0.9551228614711308,0.8777720686260562,1.0,0.005104730274945361,74053783276.54001,20562489519169.527,20488435735892.99,3681,5800,0.0,0,0,True,,0.982860848891633,3681.0,74053783276.54001,-0.02949575417806194
Poland,POL,616,1994,Exports,world_relative,0.8446716273588518,0.856930583918049,0.837407664549917,1.0,0.0008799492550686776,17194369008.0,3636838351757.0,3619643982749.0,3102,5036,0.0,0,0,True,,0.8337325783405147,3102.0,17194369008.0,0.010939049018337088
Poland,POL,616,1995,Exports,world_relative,0.8290699807358634,0.837359427477452,0.8542834254921379,0.9999999999999999,0.0009422503811022229,22826270048.0,4343603232603.0,4320776962555.0,2974,5036,0.0,0,0,True,,0.8240661946533192,2974.0,22826270048.0,0.005003786082544148
Poland,POL,616,1996,Exports,world_relative,0.8158033793800845,0.8383523414475125,0.8353537847718391,1.0,0.0009408776977808945,24389860022.0,4650994076708.0,4626604216686.0,3095,5384,0.0,0,0,True,,0.8194993004647708,3095.0,24389860022.0,-0.0036959210846863044
Poland,POL,616,1997,Exports,world_relative,0.8009939508188331,0.8110463925641543,0.8549435537316563,1.0,0.0009243059401352396,25700724657.0,4735993736441.0,4710293011784.0,3112,5377,0.0,0,0,True,,0.813171316057933,3112.0,25700724657.0,-0.012177365239099958
Poland,POL,616,1998,Exports,world_relative,0.7882241090904385,0.8061685723177497,0.8521841572419137,1.0,0.0010869306756899294,28156752992.0,4800267515662.0,4772110762670.0,3178,5377,0.0,0,0,True,,0.8182263661814659,3178.0,28156752992.0,-0.03000225709102744
Poland,POL,616,1999,Exports,world_relative,0.7916463016955233,0.8107375671289961,0.8354838303866585,0.9999999999999999,0.001147316899638871,26730631000.0,5131446891996.0,5104716260996.0,3107,5363,0.0,0,0,True,,0.8290439905397211,3107.0,26730631000.0,-0.03739768884419781
Poland,POL,616,2000,Exports,world_relative,0.7926409868912411,0.8027565215087473,0.8955313645372682,1.0,0.0015164857521147881,30953185000.0,5817244525651.065,5786291340651.065,3141,5338,0.0,0,0,True,,0.8377355881328636,3141.0,30953185000.0,-0.04509460124162257
Poland,POL,616,2001,Exports,world_relative,0.7879870546679552,0.7946954299772293,0.881195420491911,1.0,0.0016039041259918083,35364030000.0,5632048942793.863,5596684912793.863,3181,5274,0.0,0,0,True,,0.8430520558397481,3181.0,35364030000.0,-0.055065001171792916
Poland,POL,616,2002,Exports,world_relative,0.7826413289469301,0.7844450382415872,0.8937163604515737,1.0,0.0014677767788083933,40250506000.0,5923913766916.5625,5883663260916.5625,3272,5570,0.0,0,0,True,,0.8444373841701831,3272.0,40250506000.0,-0.061796055223253044
Poland,POL,616,2003,Exports,world_relative,0.7798774009794156,0.7963960880082348,0.9081187620101414,1.0,0.0014358545279617035,52751314000.0,6921292294244.205,6868540980244.205,3375,5579,0.0,0,0,True,,0.8484976185764355,3375.0,52751314000.0,-0.06862021759701986
Poland,POL,616,2004,Exports,world_relative,0.7580055775092109,0.7989917005998913,0.98137268051706,1.0,0.0016810404813875166,73774835531.0,8351471957607.767,8277697122076.767,4902,5577,0.0,0,0,True,,0.8900160395195242,4902.0,73774835531.0,-0.1320104620103133
Poland,POL,616,2005,Exports,world_relative,0.7473511185515838,0.7795299913710847,0.9803885086040065,0.9999999999999999,0.0018489453930475564,89362448025.0,9463776638949.371,9374414190924.371,4806,5541,0.0,0,0,True,,0.8851466344748142,4806.0,89362448025.0,-0.13779551592323047
Poland,POL,616,2006,Exports,world_relative,0.7361256283972818,0.7804520957614329,0.9668742014520504,1.0,0.0020330538278903717,109563691885.0,11029272427409.55,10919708735524.55,4830,5520,0.0,0,0,True,,0.885890112699389,4830.0,109563691885.0,-0.1497644843021072
Poland,POL,616,2007,Exports,world_relative,0.7327464807946832,0.768714420895577,0.9637593425433078,1.0,0.0018315609476620281,138743891452.0,12696329386535.996,12557585495083.996,4721,5784,0.0,0,0,True,,0.8805770847667778,4721.0,138743891452.0,-0.14783060397209458
Poland,POL,616,2008,Exports,world_relative,0.7268342188429846,0.7863878973229771,0.9662520526296265,1.0,0.0019631129203236545,171796711466.0,14679230251059.18,14507433539593.18,4710,5668,0.0,0,0,True,,0.880919334614434,4710.0,171796711466.0,-0.15408511577144934
Poland,POL,616,2009,Exports,world_relative,0.7300252624272553,0.7994278308398891,0.9729312811542041,1.0,0.0020699495100295847,136594502134.0,11155952807789.14,11019358305655.14,4705,5601,0.0,0,0,True,,0.8876380718491292,4705.0,136594502134.0,-0.15761280942187395
Poland,POL,616,2010,Exports,world_relative,0.7308797418467243,0.7936906992738975,0.9708326235897462,1.0,0.002027950959420136,157002677937.0,13603195025663.61,13446192347726.61,4699,5533,0.0,0,0,True,,0.8871830222841652,4699.0,157002677937.0,-0.1563032804374409
Poland,POL,616,2011,Exports,world_relative,0.7233151821634989,0.7666728468293281,0.9694701060749549,0.9999999999999999,0.0020820653269972805,187988980499.0,16465456215640.959,16277467235141.959,4755,5430,0.0,0,0,True,,0.8844325808520961,4755.0,187988980499.0,-0.1611173986885972
Poland,POL,616,2012,Exports,world_relative,0.7146597686690271,0.752831128718129,0.9679921792059412,1.0,0.002197218288461045,179470234647.0,16687135437611.117,16507665202964.117,4857,5738,0.0,0,0,True,,0.8803135130331123,4857.0,179470234647.0,-0.1656537443640852
Poland,POL,616,2013,Exports,world_relative,0.7071961742364696,0.7422299395982155,0.9725817458164782,1.0,0.0022539758002918927,203606661977.0,17314636337298.219,17111029675321.219,4870,5728,0.0,0,0,True,,0.8771952457987464,4870.0,203606661977.0,-0.16999907156227678
Poland,POL,616,2014,Exports,world_relative,0.6956798265153138,0.7523494439698776,0.9672249572840432,1.0,0.0022688922012910557,214386793119.0,17180906869482.68,16966520076363.68,4869,5695,0.0,0,0,True,,0.8777104169028507,4869.0,214386793119.0,-0.18203059038753688
Poland,POL,616,2015,Exports,world_relative,0.6813992713275362,0.7428286664306042,0.9774810788179751,1.0,0.0019804394615319434,194346797856.0,14886939159151.531,14692592361295.531,4899,5604,0.0,0,0,True,,0.8768396182926717,4899.0,194346797856.0,-0.19544034696513546
Poland,POL,616,2016,Exports,world_relative,0.6722524491029046,0.7213707240093606,0.9830269744807858,1.0,0.0017961764423195777,196290245058.0,14463507424510.889,14267217179452.889,4874,5573,0.0,0,0,True,,0.8722591802901021,4874.0,196290245058.0,-0.20000673118719747
Poland,POL,616,2017,Exports,world_relative,0.6796660050568585,0.7203191374831392,0.9775031008655299,1.0,0.0016907787478436184,221029824156.0,15912918159251.652,15691888335095.652,4978,5687,0.0,0,0,True,,0.8720687155592948,4978.0,221029824156.0,-0.1924027105024363
Poland,POL,616,2018,Exports,world_relative,0.6827559627121954,0.7040659330158799,0.981195553401847,1.0,0.0015928521664253367,261517388022.0,17639705152038.016,17378187764016.012,5014,5667,0.0,0,0,True,,0.8682519764523815,5014.0,261517388022.0,-0.1854960137401861
Poland,POL,616,2019,Exports,world_relative,0.7034028631506499,0.7250985741329642,0.9222620861351852,1.0,0.001542588493131273,251443835740.0,17270046559346.42,17018602723606.42,4779,5523,0.0,0,0,True,,0.8699441271447079,4779.0,251443835740.0,-0.166541263994058
Poland,POL,616,2020,Exports,world_relative,0.700306088495663,0.7296222037885786,0.9114227649051609,1.0,0.0014386905292463204,253981738333.0,16099571053208.256,15845589314875.256,4736,5495,0.0,0,0,True,,0.8678197385546833,4736.0,253981738333.0,-0.1675136500590203
Poland,POL,616,2021,Exports,world_relative,0.7086983022450968,0.7312519704481155,0.8992993142261275,1.0,0.001346295765256979,317624470208.0,20230697024887.18,19913072554679.18,4770,5489,0.0,0,0,True,,0.8674615188526567,4770.0,317624470208.0,-0.15876321660755988
Poland,POL,616,2022,Exports,world_relative,0.6819107166024548,0.7103144003357102,0.9719874300392477,1.0,0.0014768133371261425,364673740993.0,22120815369208.133,21756141628215.133,5255,5839,0.0,0,0,True,,0.8675082070070548,5255.0,364673740993.0,-0.18559749040459994
Poland,POL,616,2023,Exports,world_relative,0.6714261019232187,0.7136083092313648,0.9796123572068726,1.0,0.001583987683536969,381338949927.0,21325007050203.67,20943668100276.67,5264,5806,0.0,0,0,True,,0.8718416903272255,5264.0,381338949927.0,-0.20041558840400675
Poland,POL,616,2024,Exports,world_relative,0.6656750736291805,0.7012893498801713,0.9828057672446,1.0,0.0015479800977532994,378603002972.0,20562489519169.527,20183886516197.527,5208,5800,0.0,0,0,True,,0.8711648496283213,5211.0,379704654454.0,-0.20548977599914076
Russia,RUS,643,1996,Exports,world_relative,0.9021674699319798,0.9519082576225986,0.8767497268544066,0.9999999892481642,0.00809829916428719,74684920105.0,4650994076708.0,4576309156603.0,4479,5383,1.075183583072804e-08,0,0,True,,0.9567630967630169,4479.0,74684920105.0,-0.054595626831037025
Russia,RUS,643,1997,Exports,world_relative,0.91180612169295,0.9574089272295421,0.9229526077408079,1.0,0.0070542640036378055,74328010809.0,4735993736441.0,4661665725632.0,4488,5377,0.0,0,0,True,,0.963254702835638,4488.0,74328010809.0,-0.05144858114268802
Russia,RUS,643,1998,Exports,world_relative,0.9085925724453932,0.9543449246029803,0.960473638971707,1.0,0.0048967465279984934,64770124819.0,4800267515662.0,4735497390843.0,4455,5377,0.0,0,0,True,,0.9603233547370202,4455.0,64770124819.0,-0.051730782291627087
Russia,RUS,643,1999,Exports,world_relative,0.9130431536550947,0.9566786928721676,0.924925493862139,1.0,0.007827852886718202,62314273632.0,5131446891996.0,5069132618364.0,4426,5363,0.0,0,0,True,,0.9610698987318154,4426.0,62314273632.0,-0.04802674507672067
Russia,RUS,643,2000,Exports,world_relative,0.8761407343310218,0.9287341894278643,0.9670668442145097,1.0,0.016880529324353563,90947925149.0,5817244525651.065,5726296600502.065,4536,5338,0.0,0,0,True,,0.9666972548181184,4536.0,90947925149.0,-0.09055652048709661
Russia,RUS,643,2001,Exports,world_relative,0.8776692980571347,0.9339564392134252,0.9641523151678565,1.0,0.016140002208002747,87397323146.0,5632048942793.863,5544651619647.863,4480,5274,0.0,0,0,True,,0.9670569155773374,4480.0,87397323146.0,-0.08938761752020274
Russia,RUS,643,2002,Exports,world_relative,0.8805387450115044,0.9409051260851812,0.9595482704370808,0.9999999999999999,0.015598064483192538,94340196953.0,5923913766916.5625,5829573569963.5625,4488,5570,0.0,0,0,True,,0.9694391969745122,4488.0,94340196953.0,-0.08890045196300778
Russia,RUS,643,2003,Exports,world_relative,0.8764880381423998,0.9389482767846062,0.9587714353368737,1.0,0.01735637248552358,118370098711.0,6921292294244.205,6802922195533.205,4473,5579,0.0,0,0,True,,0.9702230349417666,4473.0,118370098711.0,-0.09373499679936681
Russia,RUS,643,2004,Exports,world_relative,0.8704937649379777,0.939226495157595,0.954448692428723,1.0,0.01878830314864445,162053320226.0,8351471957607.767,8189418637381.767,4458,5577,0.0,0,0,True,,0.9718866568352194,4458.0,162053320226.0,-0.10139289189724165
Russia,RUS,643,2005,Exports,world_relative,0.857890165977118,0.9242310321839189,0.9563644183077334,1.0,0.025383994829581594,221099109497.0,9463776638949.371,9242677529452.371,4378,5541,0.0,0,0,True,,0.9752499324251678,4378.0,221099109497.0,-0.1173597664480498
Russia,RUS,643,2006,Exports,world_relative,0.8530439062172539,0.915192536194446,0.9485626449461919,0.9999999999999999,0.02781149992156465,276708685916.0,11029272427409.55,10752563741493.55,4423,5520,0.0,0,0,True,,0.977069401699499,4423.0,276708685916.0,-0.12402549548224506
Russia,RUS,643,2007,Exports,world_relative,0.8541761305663964,0.9226112036312661,0.9394071124775877,1.0,0.025238146402787452,323794549288.0,12696329386535.996,12372534837247.996,4253,5784,0.0,0,0,True,,0.9754553112726844,4253.0,323794549288.0,-0.12127918070628796
Russia,RUS,643,2008,Exports,world_relative,0.8348729325755405,0.8975166630171159,0.939284069022305,1.0,0.033987302213194216,429663301132.0,14679230251059.18,14249566949927.18,4197,5668,0.0,0,0,True,,0.9789575688243616,4197.0,429663301132.0,-0.14408463624882106
Russia,RUS,643,2009,Exports,world_relative,0.8584337422052435,0.9233276560542308,0.9389610837291461,1.0,0.024104331846976232,271285719943.0,11155952807789.14,10884667087846.14,4170,5601,0.0,0,0,True,,0.9761347404996864,4170.0,271285719943.0,-0.11770099829444292
Russia,RUS,643,2010,Exports,world_relative,0.8566089348648036,0.9141359499023941,0.9339995863556301,1.0,0.02878188068857773,354351182998.0,13603195025663.61,13248843842665.61,4025,5533,0.0,0,0,True,,0.9820799371682012,4025.0,354351182998.0,-0.12547100230339758
Russia,RUS,643,2011,Exports,world_relative,0.8404032022473074,0.9005708029949105,0.9320337388082502,1.0,0.03463082808346158,460968857496.0,16465456215640.959,16004487358144.959,4082,5430,0.0,0,0,True,,0.9830654177831546,4082.0,460968857496.0,-0.14266221553584724
Russia,RUS,643,2012,Exports,world_relative,0.8221325812799174,0.899423839487046,0.9813092999497717,1.0,0.032873467843603656,512055163811.0,16687135437611.117,16175080273800.121,4630,5738,0.0,0,0,True,,0.9784571685255936,4630.0,512055163811.0,-0.15632458724567622
Russia,RUS,643,2013,Exports,world_relative,0.8150117386461551,0.8943394733970947,0.990232788348635,1.0,0.03299912894611898,514057754472.0,17314636337298.219,16800578582826.219,4731,5728,0.0,0,0,True,,0.9773703581912134,4731.0,514057754472.0,-0.16235861954505837
Russia,RUS,643,2014,Exports,world_relative,0.8250116177493938,0.9040870464683755,0.9914933642891532,1.0,0.027716444970214048,486186538436.0,17180906869482.68,16694720331046.68,4757,5695,0.0,0,0,True,,0.9767453347662192,4757.0,486186538436.0,-0.15173371701682536
Russia,RUS,643,2015,Exports,world_relative,0.855776758957854,0.9319971549831235,0.9849680241676091,1.0,0.015368026715650322,333110788549.0,14886939159151.531,14553828370602.531,4757,5604,0.0,0,0,True,,0.9720264396676586,4757.0,333110788549.0,-0.11624968070980457
Russia,RUS,643,2016,Exports,world_relative,0.8437086121575118,0.9386515580558551,0.9676884442112389,1.0,0.013841759644286553,256504341622.72,14463507424510.889,14207003082888.172,4422,5573,0.0,0,0,True,,0.9630619520250724,4813.0,260747538737.14,-0.11935333986756058
Russia,RUS,643,2017,Exports,world_relative,0.8427117843416614,0.9383293135500542,0.9590353675429297,1.0,0.013785036886872111,320943632935.74,15912918159251.652,15591974526315.91,4553,5687,0.0,0,0,True,,0.9652536752040266,4925.0,321816317267.34,-0.12254189086236522
Russia,RUS,643,2018,Exports,world_relative,0.8317723783674159,0.9275598657105453,0.9822257323846011,0.9999999999999999,0.02134100528756419,387037097923.00006,17639705152038.016,17252668054115.012,4931,5667,0.0,0,0,True,,0.9675655820658218,4930.0,387008427195.26,-0.13579320369840586
Russia,RUS,643,2019,Exports,world_relative,0.8228426387264043,0.9278340924382398,0.9855887116190587,0.9999999999999998,0.02039927842067407,371077659453.55005,17270046559346.42,16898968899892.871,4972,5523,0.0,0,0,True,,0.9647051119302984,4972.0,371077659453.5501,-0.1418624732038941
Russia,RUS,643,2020,Exports,world_relative,0.8324264068009243,0.933654174545299,0.981513327709829,1.0,0.012476671005850114,297475968640.462,16099571053208.256,15802095084567.793,4936,5495,0.0,0,0,True,,0.9586481201389252,4936.0,297475968640.462,-0.12622171333800092
Russia,RUS,643,2021,Exports,world_relative,0.8186534497181203,0.9294630670321116,0.9799808765155651,1.0000000000000004,0.014829988958373324,418969913919.41895,20230697024887.18,19811727110967.76,4946,5489,0.0,0,0,True,,0.960805338179674,4946.0,418969913919.419,-0.1421518884615537
Rwanda,RWA,646,1996,Exports,world_relative,0.9968924050981688,0.9956106635278857,0.10293140334798018,1.0,0.001076401853894839,9757476.0,4650994076708.0,4650984319232.0,142,5384,0.0,0,0,True,,0.941579526693462,142.0,9757476.0,0.05531287840470678
Rwanda,RWA,646,1997,Exports,world_relative,0.9982592034824062,0.9969526402456129,0.07193733749231662,1.0,0.0007226891792340667,41745955.0,4735993736441.0,4735951990486.0,147,5377,0.0,0,0,True,,0.9528346676094148,147.0,41745955.0,0.045424535872991334
Rwanda,RWA,646,1998,Exports,world_relative,0.9986268524026976,0.9955064566287825,0.0643521136995748,1.0,0.000450527995570768,36286349.0,4800267515662.0,4800231229313.0,86,5377,0.0,0,0,True,,0.9326369164209628,86.0,36286349.0,0.06598993598173475
Rwanda,RWA,646,1999,Exports,world_relative,0.9977971004111801,0.9975798366372011,0.04818613989931555,1.0,0.0010129796241024475,56589024.0,5131446891996.0,5131390302972.0,82,5363,0.0,0,0,True,,0.9445776721820756,82.0,56589024.0,0.053219428229104526
Rwanda,RWA,646,2001,Exports,world_relative,0.9793058562910797,0.9754566049883016,0.22166667449545308,1.0000000000000002,0.016470523788981502,186706568.0,5632048942793.863,5631862236225.863,249,5274,0.0,0,0,True,,0.9810859779900932,249.0,186706568.0,-0.0017801216990135371
Rwanda,RWA,646,2002,Exports,world_relative,0.9949702247637374,0.9624142502758654,0.23218728375470482,1.0,0.0005830263759043318,37329699.0,5923913766916.5625,5923876437217.5625,262,5570,0.0,0,0,True,,0.9476137111866408,262.0,37329699.0,0.04735651357709658
Rwanda,RWA,646,2003,Exports,world_relative,0.9944829479979225,0.9735822172361177,0.2432560884397208,1.0,0.000693271133705541,51156377.0,6921292294244.205,6921241137867.205,268,5579,0.0,0,0,True,,0.9454126745090096,268.0,51156377.0,0.04907027348891291
Rwanda,RWA,646,2004,Exports,world_relative,0.9961749503766584,0.9799916850179771,0.2640985928523607,1.0,0.0005980100607890517,99163238.0,8351471957607.767,8351372794369.767,379,5577,0.0,0,0,True,,0.9692708613264468,379.0,99163238.0,0.026904089050211577
Rwanda,RWA,646,2005,Exports,world_relative,0.9916608393960034,0.9666323097331712,0.3383859244361369,1.0,0.0008993282737872148,149908317.0,9463776638949.371,9463626730632.371,514,5541,0.0,0,0,True,,0.9629975786718644,514.0,149908317.0,0.02866326072413894
Rwanda,RWA,646,2006,Exports,world_relative,0.9919897192368187,0.9587613804371625,0.3121976160395454,1.0,0.000830856394059436,143309312.0,11029272427409.55,11029129118097.55,462,5520,0.0,0,0,True,,0.96683523663896,462.0,143309312.0,0.025154482597858685
Rwanda,RWA,646,2007,Exports,world_relative,0.9909514848824201,0.9433614488537466,0.3125910726497084,1.0,0.0006153756164931983,183512794.0,12696329386535.996,12696145873741.996,649,5784,0.0,0,0,True,,0.9643431050755896,649.0,183512794.0,0.026608379806830507
Rwanda,RWA,646,2008,Exports,world_relative,0.9961498722474678,0.9588318457476648,0.40662770571614476,1.0000000000000002,0.00037730752432638153,397722749.0,14679230251059.18,14678832528310.18,686,5668,0.0,0,0,True,,0.9774850583236704,686.0,397722749.0,0.018664813923797374
Rwanda,RWA,646,2009,Exports,world_relative,0.9886868363048738,0.9578960135632258,0.4209957985144612,1.0,0.0008923612501648368,252722960.0,11155952807789.14,11155700084829.14,722,5601,0.0,0,0,True,,0.958446925757487,722.0,252722960.0,0.030239910547386728
Rwanda,RWA,646,2010,Exports,world_relative,0.9915451763971095,0.9421723968781873,0.443831850182971,1.0,0.0005601021069737065,240106360.00599998,13603195025663.61,13602954919303.604,789,5533,0.0,0,0,True,,0.9680007622807796,789.0,240106360.006,0.023544414116329904
Rwanda,RWA,646,2011,Exports,world_relative,0.9853709822483671,0.9365390247058751,0.4723561153886056,1.0,0.0019550329225026153,400075916.78000003,16465456215640.959,16465056139724.18,884,5430,0.0,0,0,True,,0.977223854589119,884.0,400075916.78,0.008147127659248077
Rwanda,RWA,646,2012,Exports,world_relative,0.9869086057402572,0.9561055627121376,0.29806637135539926,1.0,0.0025811108495288173,387130823.81799996,16687135437611.117,16686748306787.299,511,5738,0.0,0,0,True,,0.9681132876202228,511.0,387130823.818,0.018795318120034432
Rwanda,RWA,646,2013,Exports,world_relative,0.9763078804514573,0.9450655377175744,0.49546160937641487,1.0,0.003834342619787423,622448945.237,17314636337298.219,17314013888352.98,1063,5728,0.0,0,0,True,,0.9693312975524842,1063.0,622448945.237,0.006976582898973183
Rwanda,RWA,646,2014,Exports,world_relative,0.9687031372255728,0.9474314595928862,0.5328864861790934,1.0,0.005463329454678216,615823959.785,17180906869482.68,17180291045522.89,1116,5695,0.0,0,0,True,,0.9698596578763756,1116.0,615823959.7850001,-0.0011565206508028503
Rwanda,RWA,646,2015,Exports,world_relative,0.9623936757723285,0.9383106586095072,0.5678631385815616,0.9999999999999999,0.004228131594264259,593622990.6630001,14886939159151.531,14886345536160.871,1187,5604,0.0,0,0,True,,0.9629422322726346,1187.0,593622990.6630001,-0.0005485565003061632
Rwanda,RWA,646,2016,Exports,world_relative,0.961753532453903,0.9473248929712033,0.5091288330705549,1.0000000000000002,0.005693841985167472,613073671.517,14463507424510.889,14462894350839.375,1055,5573,0.0,0,0,True,,0.9636610199154853,1055.0,613073671.517,-0.0019074874615822024
Rwanda,RWA,646,2017,Exports,world_relative,0.9701458585377913,0.9460569998870061,0.5682210016771765,0.9999999999999998,0.004415833070305518,942567241.8920001,15912918159251.652,15911975592009.76,1372,5687,0.0,0,0,True,,0.9754858725593798,1372.0,942567241.892,-0.005340014021588457
Rwanda,RWA,646,2018,Exports,world_relative,0.9615495497769303,0.9386069004948613,0.6566873058391411,1.0,0.0040413933110047305,999954636.441,17639705152038.016,17638705197401.57,2151,5667,0.0,0,0,True,,0.9760870882960392,2151.0,999954636.441,-0.014537538519108884
Rwanda,RWA,646,2019,Exports,world_relative,0.9561062601692639,0.955448401073454,0.7281436571330071,0.9999999999999999,0.006313101362373752,1131956067.38,17270046559346.42,17268914603279.041,2344,5523,0.0,0,0,True,,0.9790874693061437,2344.0,1131956067.38,-0.022981209136879732
Rwanda,RWA,646,2020,Exports,world_relative,0.9613440085353441,0.9744026216373644,0.7175616465325121,1.0,0.009476507648447487,1431176312.56,16099571053208.256,16098139876895.695,2166,5495,0.0,0,0,True,,0.9798792339845692,2166.0,1431176312.56,-0.018535225449225146
Rwanda,RWA,646,2021,Exports,world_relative,0.9587441907716759,0.9611766828119118,0.7174526665716929,1.0000000000000002,0.004998329626137939,1562504482.6999998,20230697024887.18,20229134520404.484,2369,5489,0.0,0,0,True,,0.9749467096162898,2369.0,1562504482.7,-0.016202518844613878
Rwanda,RWA,646,2022,Exports,world_relative,0.9590197424427545,0.958410581698179,0.6187392835453335,0.9999997045714251,0.006211726450651258,2019269801.94,22120815369208.133,22118796099406.195,2419,5838,2.954285749367759e-07,0,0,True,,0.976011901371286,2419.0,2019269801.94,-0.016992158928531564
Senegal,SEN,686,1996,Exports,world_relative,0.9838553349469153,0.9595888570647728,0.36369311172358765,1.0,0.0008737090444730741,409322528.0,4650994076708.0,4650584754180.0,899,5384,0.0,0,0,True,,0.9474195730906584,899.0,409322528.0,0.036435761856256965
Senegal,SEN,686,1997,Exports,world_relative,0.9858964822924186,0.9701097543102647,0.3849175068106316,1.0,0.0007181556053980696,344527506.0,4735993736441.0,4735649208935.0,913,5377,0.0,0,0,True,,0.9541190312857432,913.0,344527506.0,0.031777451006675395
Senegal,SEN,686,1998,Exports,world_relative,0.9813714314302227,0.9728665892599383,0.4506685585860058,1.0,0.0010050858643379026,517367629.0,4800267515662.0,4799750148033.0,1203,5377,0.0,0,0,True,,0.9551217456744256,1203.0,517367629.0,0.026249685755797003
Senegal,SEN,686,1999,Exports,world_relative,0.9750457339541604,0.9298126248720914,0.507996204603405,1.0,0.000860152523214716,471319844.0,5131446891996.0,5130975572152.0,1267,5363,0.0,0,0,True,,0.9458886951644052,1267.0,471319844.0,0.029157038789755174
Senegal,SEN,686,2000,Exports,world_relative,0.971336873198459,0.9428912290739179,0.5220709748954988,1.0,0.004482304659830159,692816303.0,5817244525651.065,5816551709348.065,1251,5338,0.0,0,0,True,,0.9597619564533486,1251.0,692816303.0,0.011574916745110353
Senegal,SEN,686,2001,Exports,world_relative,0.9649474846893488,0.9504463125521292,0.5498895178334247,1.0,0.005192386328149241,781521923.0,5632048942793.863,5631267420870.863,1320,5274,0.0,0,0,True,,0.9606095335238174,1320.0,781521923.0,0.004337951165531373
Senegal,SEN,686,2002,Exports,world_relative,0.9762576949905867,0.9443591840660915,0.5393275783976051,1.0,0.0023968726430537214,689960746.0,5923913766916.5625,5923223806170.5625,1360,5570,0.0,0,0,True,,0.9625140252927816,1360.0,689960746.0,0.01374366969780505
Senegal,SEN,686,2003,Exports,world_relative,0.957819656014455,0.9344152412729461,0.5959599736527684,0.9999999999999999,0.004280042846386927,1154226208.0,6921292294244.205,6920138068036.205,1527,5579,0.0,0,0,True,,0.9566760631961576,1527.0,1154226208.0,0.0011435928182973454
Senegal,SEN,686,2004,Exports,world_relative,0.9566988143530625,0.9388558114199427,0.6262507218411305,0.9999999999999998,0.004215496902064927,1315412322.0,8351471957607.767,8350156545285.767,1726,5577,0.0,0,0,True,,0.9578375894130056,1726.0,1315412322.0,-0.0011387750599430868
Senegal,SEN,686,2005,Exports,world_relative,0.935551308728978,0.9122376280102507,0.6683471408053259,1.0,0.006961972144547694,1470807208.0,9463776638949.371,9462305831741.371,1844,5541,0.0,0,0,True,,0.956108413802905,1844.0,1470807208.0,-0.02055710507392705
Senegal,SEN,686,2006,Exports,world_relative,0.9262438145718314,0.9197881240502044,0.6840285796985264,0.9999999999999999,0.00877490347635038,1491548547.0,11029272427409.55,11027780878862.55,1847,5520,0.0,0,0,True,,0.956315881747025,1847.0,1491548547.0,-0.030072067175193617
Senegal,SEN,686,2007,Exports,world_relative,0.9518887973630292,0.9618930625767821,0.5423092289684661,1.0,0.00471092619430267,1546227244.0,12696329386535.996,12694783159291.996,1848,5784,0.0,0,0,True,,0.9483837775817264,1848.0,1546227244.0,0.0035050197813027983
Senegal,SEN,686,2008,Exports,world_relative,0.9343940004244141,0.9585682829452001,0.6093577238605272,0.9999999999999998,0.011263786647792767,2168583987.0,14679230251059.18,14677061667072.18,1857,5668,0.0,0,0,True,,0.9585837650788152,1857.0,2168583987.0,-0.024189764654401036
Senegal,SEN,686,2009,Exports,world_relative,0.9419854409918619,0.9585779352301599,0.6187971703574249,1.0,0.006851462472922396,2017383962.0,11155952807789.14,11153935423827.14,1734,5601,0.0,0,0,True,,0.958875374802258,1734.0,2017383962.0,-0.016889933810396163
Senegal,SEN,686,2010,Exports,world_relative,0.9461582025804897,0.9576908103568043,0.5810316758173422,0.9999999999999998,0.007053155890557288,2085655888.9970002,13603195025663.61,13601109369774.613,1767,5533,0.0,0,0,True,,0.9599975120807668,1767.0,2085655888.997,-0.01383930950027712
Senegal,SEN,686,2011,Exports,world_relative,0.9513244390272623,0.9491846846808797,0.6754528526057296,1.0,0.006141434940676615,2541461402.0,16465456215640.959,16462914754238.959,1789,5430,0.0,0,0,True,,0.9630075057334706,1789.0,2541461402.0,-0.011683066706208334
Senegal,SEN,686,2012,Exports,world_relative,0.9439050118078817,0.9392830203394543,0.6569246719393117,1.0,0.00759238536358985,2531076684.0,16687135437611.117,16684604360927.117,1747,5738,0.0,0,0,True,,0.9599940976178488,1747.0,2531076684.0,-0.016089085809967152
Senegal,SEN,686,2013,Exports,world_relative,0.9469118912314177,0.9420665324586427,0.5478551620801904,1.0,0.008312350711568064,2659128456.0,17314636337298.219,17311977208842.219,1771,5728,0.0,0,0,True,,0.9606140098725062,1771.0,2659128456.0,-0.013702118641088501
Senegal,SEN,686,2014,Exports,world_relative,0.9518997787502519,0.9498818627196726,0.5394566713234319,0.9999909459869928,0.0068854047880259825,2748615446.0,17180906869482.68,17178158254036.68,1763,5694,9.054013007245539e-06,0,0,True,,0.9563376144360096,1763.0,2748615446.0,-0.0044378356857577295
Senegal,SEN,686,2015,Exports,world_relative,0.9485787995130979,0.9453859327999675,0.6796462423944292,1.0,0.0052534294619314996,2449072015.0,14886939159151.531,14884490087136.531,1819,5604,0.0,0,0,True,,0.958639093892018,1819.0,2449072015.0,-0.010060294378920087
Senegal,SEN,686,2016,Exports,world_relative,0.9492495638399755,0.9426729942055716,0.6838902141763538,1.0,0.004548171914176736,2537016035.0,14463507424510.889,14460970408475.889,1848,5573,0.0,0,0,True,,0.9575184127442596,1848.0,2537016035.0,-0.008268848904284143
Senegal,SEN,686,2017,Exports,world_relative,0.9485647878290643,0.9425427607806013,0.6523960014754314,1.0000000000000002,0.005289988056386811,2950066356.369,15912918159251.652,15909968092895.283,1846,5687,0.0,0,0,True,,0.9580482887199356,1846.0,2950066356.369,-0.009483500890871355
Senegal,SEN,686,2018,Exports,world_relative,0.9532836665778556,0.9422482611438516,0.6558107614931735,1.0,0.006010008791766561,3570812625.573,17639705152038.016,17636134339412.438,1805,5667,0.0,0,0,True,,0.9630524004839008,1805.0,3570812625.5730004,-0.009768733906045268
Senegal,SEN,686,2019,Exports,world_relative,0.9547076232902394,0.949845150367333,0.698473613004722,1.0,0.006642705225535568,4139401798.835,17270046559346.42,17265907157547.584,1875,5523,0.0,0,0,True,,0.9686859825398496,1875.0,4139401798.835,-0.013978359249610217
Senegal,SEN,686,2020,Exports,world_relative,0.952299032287594,0.9572613431735636,0.6680224473755076,0.9999999999999999,0.006091426098722123,3912808993.704,16099571053208.256,16095658244214.553,1792,5495,0.0,0,0,True,,0.96517995250014,1792.0,3912808993.704001,-0.012880920212545943
Senegal,SEN,686,2021,Exports,world_relative,0.9545076583515437,0.9536157060408614,0.6826791048086371,1.0,0.005763023350255951,5176517921.232,20230697024887.18,20225520506965.95,1908,5489,0.0,0,0,True,,0.9682498944742955,1908.0,5176517921.232,-0.013742236122751827
Senegal,SEN,686,2022,Exports,world_relative,0.9554336718109004,0.9508637210293376,0.6908377499324918,1.0,0.006840379037289892,5697088485.327,22120815369208.133,22115118280722.805,1905,5839,0.0,0,0,True,,0.9709531951509518,1905.0,5697088485.327,-0.015519523340051355
Senegal,SEN,686,2023,Exports,world_relative,0.9463516256407999,0.9458104934306248,0.691134697541909,0.9999999999999998,0.007609451863407914,5312176853.26,21325007050203.67,21319694873350.414,2067,5806,0.0,0,0,True,,0.9709576855340578,2067.0,5312176853.259999,-0.024606059893257926
Senegal,SEN,686,2024,Exports,world_relative,0.9221171436642205,0.9172852784727119,0.7193537539832209,1.0,0.011976858672367419,6305879310.250999,20562489519169.527,20556183639859.28,2089,5800,0.0,0,0,True,,0.9728605867858316,2089.0,6305879310.251001,-0.050743443121611165
Singapore,SGP,702,1989,Exports,world_relative,0.7987301274851648,0.8767341690219819,0.9739805582939407,1.0,0.002183063287231956,44105676916.0,849811111830.0,805705434914.0,4821,5033,0.0,0,0,True,,0.9136672657106464,4821.0,44105676916.0,-0.11493713822548157
Singapore,SGP,702,1990,Exports,world_relative,0.8087521928648468,0.8941070473455355,0.9773793119141773,0.9999998304252548,0.0023489397951734995,52065535942.0,964479726160.0,912414190218.0,4816,5034,1.6957474537158966e-07,0,0,True,,0.9176104520723918,4816.0,52065535942.0,-0.108858259207545
Singapore,SGP,702,1991,Exports,world_relative,0.8009074546271723,0.8928265765398959,0.9767530398437259,0.9999999999999998,0.0023677350046447452,58148611996.0,1869438734616.0,1811290122620.0,4813,5035,0.0,0,0,True,,0.9159810381830988,4813.0,58148611996.0,-0.11507358355592656
Singapore,SGP,702,1992,Exports,world_relative,0.7922886583107549,0.8984593251450309,0.9627212683225529,1.0,0.002694501784810276,62632210878.0,2374826502111.0,2312194291233.0,4782,5036,0.0,0,0,True,,0.918471718604736,4782.0,62632210878.0,-0.12618306029398108
Singapore,SGP,702,1993,Exports,world_relative,0.7797956473546837,0.8975274220857682,0.9659144417845946,1.0,0.0031506429137726534,72863807356.0,2718912702757.0,2646048895401.0,4804,5036,0.0,0,0,True,,0.919991767842662,4804.0,72863807356.0,-0.14019612048797836
Singapore,SGP,702,1994,Exports,world_relative,0.7771167310008579,0.9061415248078487,0.9692300270018163,1.0,0.0034655203299889625,95634930830.0,3636838351757.0,3541203420927.0,4849,5036,0.0,0,0,True,,0.9225226522687524,4849.0,95634930830.0,-0.14540592126789453
Singapore,SGP,702,1995,Exports,world_relative,0.7756813438082631,0.9068681531348979,0.9741686339300609,1.0,0.0041681014138827575,115623146637.0,4343603232603.0,4227980085966.0,4791,5036,0.0,0,0,True,,0.927733173254886,4791.0,115623146637.0,-0.15205182944662288
Singapore,SGP,702,1996,Exports,world_relative,0.8451118092962964,0.9253280351674952,0.8529708934798619,1.0,0.0023580071765651623,121911716483.0,4650994076708.0,4529082360225.0,4739,5384,0.0,0,0,True,,0.9291275266283984,4739.0,121911716483.0,-0.084015717332102
Singapore,SGP,702,1997,Exports,world_relative,0.7825405220282631,0.9146938853157613,0.9665473871808108,1.0,0.004311789843364277,121475994483.0,4735993736441.0,4614517741958.0,4846,5377,0.0,0,0,True,,0.9320981597525656,4846.0,121475994483.0,-0.14955763772430253
Singapore,SGP,702,1998,Exports,world_relative,0.795177668965451,0.9171185234212902,0.9500566458612898,1.0,0.0042781437916659185,108415088166.0,4800267515662.0,4691852427496.0,4831,5377,0.0,0,0,True,,0.9377820167288942,4831.0,108415088166.0,-0.14260434776344322
Singapore,SGP,702,1999,Exports,world_relative,0.7946201611691288,0.914563341911605,0.941228688223075,0.9999999999999999,0.004467319549343605,113381829055.0,5131446891996.0,5018065062941.0,4835,5363,0.0,0,0,True,,0.9398761849253898,4835.0,113381829055.0,-0.145256023756261
Singapore,SGP,702,2000,Exports,world_relative,0.7751741525011895,0.8959444112277515,0.9255857834061716,1.0,0.006515265714184927,133441390704.0,5817244525651.065,5683803134947.065,4798,5338,0.0,0,0,True,,0.9454686462007128,4798.0,133441390704.0,-0.17029449369952332
Singapore,SGP,702,2001,Exports,world_relative,0.7822666626873309,0.9013030059759087,0.9353447008488163,1.0,0.005992287239683581,117088522633.0,5632048942793.863,5514960420160.863,4794,5274,0.0,0,0,True,,0.9430043407021294,4794.0,117088522633.0,-0.16073767801479844
Singapore,SGP,702,2002,Exports,world_relative,0.7931674602464385,0.9045257963011099,0.9250153518628055,1.0,0.005021553816687155,120590012895.0,5923913766916.5625,5803323754021.5625,4881,5570,0.0,0,0,True,,0.9433341508209704,4881.0,120590012895.0,-0.1501666905745319
Singapore,SGP,702,2003,Exports,world_relative,0.7806851483914741,0.8999571875865309,0.961633392569667,1.0,0.005037734261828429,154587588083.0,6921292294244.205,6766704706161.205,4727,5579,0.0,0,0,True,,0.9355876667017492,4727.0,154587588083.0,-0.15490251831027513
Singapore,SGP,702,2004,Exports,world_relative,0.7851507781646604,0.8986511326031347,0.9544064736162591,1.0,0.005404641148880975,192465579269.0,8351471957607.767,8159006378338.767,4730,5577,0.0,0,0,True,,0.9405952215436733,4730.0,192465579269.0,-0.15544444337901286
Singapore,SGP,702,2005,Exports,world_relative,0.7818726207687212,0.9107400352749718,0.8750883782597411,1.0,0.005100516040189866,148236661944.0,9463776638949.371,9315539977005.371,4354,5541,0.0,0,0,True,,0.9222276908559572,4354.0,148236661944.0,-0.14035507008723602
Singapore,SGP,702,2006,Exports,world_relative,0.7739211376858749,0.9106311002406119,0.8851469080101613,1.0,0.0060645493790056175,172989938745.0,11029272427409.55,10856282488664.55,4343,5520,0.0,0,0,True,,0.9241189168326138,4343.0,172989938745.0,-0.15019777914673893
Singapore,SGP,702,2007,Exports,world_relative,0.8096783547871792,0.9157494433962868,0.9414612654468928,1.0,0.005329727267667585,281269019944.0,12696329386535.996,12415060366591.996,4491,5784,0.0,0,0,True,,0.9434435273826004,4491.0,281269019944.0,-0.1337651725954212
Singapore,SGP,702,2008,Exports,world_relative,0.7892434062073016,0.91445529316633,0.9430230594204076,1.0,0.007437088356055817,313073430153.0,14679230251059.18,14366156820906.18,4497,5668,0.0,0,0,True,,0.9423927846003776,4497.0,313073430153.0,-0.15314937839307596
Singapore,SGP,702,2009,Exports,world_relative,0.7835777393029308,0.9048858550710377,0.9372350406715739,0.9999999999999999,0.006260839309502821,250230917213.0,11155952807789.14,10905721890576.14,4488,5601,0.0,0,0,True,,0.9440500479411542,4488.0,250230917213.0,-0.16047230863822337
Singapore,SGP,702,2010,Exports,world_relative,0.7975267842221629,0.9173054248821351,0.9242726513289871,1.0,0.006189541917509436,305958034677.165,13603195025663.61,13297236990986.443,4457,5533,0.0,0,0,True,,0.9446936123011788,4489.0,306055539540.378,-0.14716682807901582
Singapore,SGP,702,2011,Exports,world_relative,0.8033617291661442,0.9282918254370857,0.9583271463593988,1.0,0.007209431581598848,355992273994.554,16465456215640.959,16109463941646.406,4604,5430,0.0,0,0,True,,0.945339841012977,4604.0,355992273994.554,-0.14197811184683273
Singapore,SGP,702,2012,Exports,world_relative,0.7852456624468306,0.9120112480732946,0.9722187200265788,1.0,0.007481649963600689,382189788607.378,16687135437611.117,16304945649003.74,4734,5738,0.0,0,0,True,,0.9480216770421076,4734.0,382189788607.378,-0.16277601459527702
Singapore,SGP,702,2013,Exports,world_relative,0.7735590721323589,0.9051266065037323,0.9717305444658713,0.9999999999999999,0.007706461529369989,386797113392.92303,17314636337298.219,16927839223905.297,4733,5728,0.0,0,0,True,,0.9478626977815838,4733.0,386797113392.92303,-0.17430362564922497
Singapore,SGP,702,2014,Exports,world_relative,0.7702421148309806,0.902863184785106,0.9815462993083462,1.0,0.007202385220042188,383189518992.407,17180906869482.68,16797717350490.271,4713,5695,0.0,0,0,True,,0.9460493731616026,4713.0,383189518992.407,-0.17580725833062205
Singapore,SGP,702,2015,Exports,world_relative,0.7618819230257978,0.8883137266557635,0.982788910496208,1.0,0.005738534013230708,338102181293.469,14886939159151.531,14548836977858.062,4713,5604,0.0,0,0,True,,0.9464938445970624,4713.0,338102181293.469,-0.1846119215712646
Singapore,SGP,702,2016,Exports,world_relative,0.7620933468734563,0.8841874131821463,0.9783518892211291,0.9999999999999999,0.005204283368483777,322134653328.426,14463507424510.889,14141372771182.465,4702,5573,0.0,0,0,True,,0.946011892065229,4702.0,322134653328.426,-0.18391854519177264
Singapore,SGP,702,2017,Exports,world_relative,0.7734497816295279,0.890740491465864,0.9562717971080028,0.9999999995717335,0.005807986609799741,351832543636.14606,15912918159251.652,15561085615615.506,4712,5686,4.2826623837227054e-10,0,0,True,,0.9499194404269752,4695.0,351782571945.592,-0.17646965879744725
Singapore,SGP,702,2018,Exports,world_relative,0.7553232163883473,0.8830781708143437,0.9862556839104034,1.0000000000000002,0.006267545520332626,385298317843.54895,17639705152038.016,17254406834194.46,4817,5667,0.0,0,0,True,,0.9508375941170972,4817.0,385298317843.549,-0.1955143777287499
Singapore,SGP,702,2019,Exports,world_relative,0.7553922458706634,0.8812157350982398,0.9877899365263222,1.0,0.005953356178172681,368806245318.943,17270046559346.42,16901240314027.479,4818,5523,0.0,0,0,True,,0.951062007682876,4818.0,368806245318.943,-0.19566976181221252
Singapore,SGP,702,2020,Exports,world_relative,0.7656593843723692,0.8797321497006406,0.9850906612485177,1.0,0.005457778178800194,353398118394.42,16099571053208.256,15746172934813.834,4774,5495,0.0,0,0,True,,0.9538900817690024,4774.0,353398118394.42,-0.18823069739663312
Singapore,SGP,702,2021,Exports,world_relative,0.7673805326342277,0.8816272817400735,0.9701159019017299,0.9999999999999999,0.0061693353027406405,432540256889.68805,20230697024887.18,19798156767997.492,4747,5489,0.0,0,0,True,,0.9556010843283752,4747.0,432540256889.688,-0.18822055169414753
Singapore,SGP,702,2022,Exports,world_relative,0.7733968971427297,0.8902776002502458,0.9724111987995514,1.0000000000000002,0.007174157280095978,479438490384.27795,22120815369208.133,21641376878823.86,4953,5839,0.0,0,0,True,,0.9585616434978051,4943.0,479301974955.125,-0.1851647463550754
Singapore,SGP,702,2023,Exports,world_relative,0.7685321156552376,0.8880931341634845,0.9865666715201867,1.0,0.006715764120384504,443033453805.292,21325007050203.67,20881973596398.383,4987,5806,0.0,0,0,True,,0.9585374653577908,4987.0,443033453805.292,-0.19000534970255323
Singapore,SGP,702,2024,Exports,world_relative,0.7681015224807798,0.8886023697945584,0.9882763682450653,1.0,0.006763425860769242,470216803889.96594,20562489519169.527,20092272715279.562,4990,5800,0.0,0,0,True,,0.9609059094985004,4990.0,470216803889.966,-0.19280438701772062
Slovakia,SVK,703,1994,Exports,world_relative,0.8336819779923398,0.82958125479227,0.9395002085667972,1.0,0.0011738897524564591,6690227222.0,3636838351757.0,3630148124535.0,4197,5036,0.0,0,0,True,,0.8879154631115924,4197.0,6690227222.0,-0.054233485119252633
Slovakia,SVK,703,1995,Exports,world_relative,0.8395423037162653,0.8489838616529396,0.805644989501368,1.0,0.0011648334005742212,8374272643.0,4343603232603.0,4335228959960.0,2986,5036,0.0,0,0,True,,0.8622851619810101,2986.0,8374272643.0,-0.02274285826474487
Slovakia,SVK,703,1996,Exports,world_relative,0.8355743657166594,0.8942289970292225,0.6943351424000239,1.0,0.0017634433524465285,7490881586.0,4650994076708.0,4643503195122.0,2842,5384,0.0,0,0,True,,0.8680115521311031,2842.0,7490881586.0,-0.03243718641444371
Slovakia,SVK,703,1997,Exports,world_relative,0.8106544188644822,0.8669567462389995,0.9337471995094752,1.0,0.001771230606016519,9633901557.0,4735993736441.0,4726359834884.0,4288,5377,0.0,0,0,True,,0.8962197712795523,4288.0,9633901557.0,-0.08556535241507013
Slovakia,SVK,703,1998,Exports,world_relative,0.8021377998646522,0.915892419900211,0.9347865205227444,0.9999999999999999,0.0035939930250760486,10718080657.0,4800267515662.0,4789549435005.0,4226,5377,0.0,0,0,True,,0.904706724832059,4226.0,10718080657.0,-0.10256892496740688
Slovakia,SVK,703,1999,Exports,world_relative,0.8036000226011193,0.903796913085437,0.9423293101476113,1.0,0.003459486813571116,10056773255.0,5131446891996.0,5121390118741.0,4183,5363,0.0,0,0,True,,0.9068465541216018,4183.0,10056773255.0,-0.10324653152048247
Slovakia,SVK,703,2000,Exports,world_relative,0.8089512764068612,0.9135408636572319,0.9461290016709358,1.0,0.005415030748940791,11884547578.0,5817244525651.065,5805359978073.065,4202,5338,0.0,0,0,True,,0.9198419691315448,4202.0,11884547578.0,-0.11089069272468366
Slovakia,SVK,703,2001,Exports,world_relative,0.795742257756969,0.905053282831184,0.9587425043152786,1.0,0.004930758305860724,12635923084.0,5632048942793.863,5619413019709.863,4252,5274,0.0,0,0,True,,0.91524494851688,4252.0,12635923084.0,-0.11950269075991093
Slovakia,SVK,703,2002,Exports,world_relative,0.797451208266135,0.9128981611509243,0.9408675504879438,1.0,0.004547714406032841,14477417305.0,5923913766916.5625,5909436349611.5625,4334,5570,0.0,0,0,True,,0.915468915097639,4334.0,14477417305.0,-0.11801770683150392
Slovakia,SVK,703,2003,Exports,world_relative,0.8081942433420918,0.9222680208601208,0.9539170842187663,0.9999999999999999,0.005190292881092002,21916964525.0,6921292294244.205,6899375329719.205,4333,5579,0.0,0,0,True,,0.9267780412121216,4333.0,21916964525.0,-0.11858379787002982
Slovakia,SVK,703,2004,Exports,world_relative,0.7814836801749622,0.8824203291336856,0.9416387123253905,1.0,0.003954832731188954,27842956275.0,8351471957607.767,8323629001332.767,4232,5577,0.0,0,0,True,,0.9214269050157278,4232.0,27842956275.0,-0.1399432248407656
Slovakia,SVK,703,2005,Exports,world_relative,0.7741146744877991,0.8642886357242899,0.8057732711510042,1.0,0.0037809739088608407,31268414639.0,9463776638949.371,9432508224310.371,3227,5541,0.0,0,0,True,,0.8951464527729791,3227.0,31268414639.0,-0.12103177828517997
Slovakia,SVK,703,2006,Exports,world_relative,0.7790135209846486,0.8723589989411236,0.7897279382102228,1.0,0.00402579779279842,40544527406.0,11029272427409.55,10988727900003.55,3134,5520,0.0,0,0,True,,0.8976358193064431,3134.0,40544527406.0,-0.1186222983217945
Slovakia,SVK,703,2007,Exports,world_relative,0.7853324976465461,0.8739998714798597,0.8576879814468237,1.0,0.003496451917730019,56945350843.0,12696329386535.996,12639384035692.996,3131,5784,0.0,0,0,True,,0.897835602233438,3131.0,56945350843.0,-0.11250310458689183
Slovakia,SVK,703,2008,Exports,world_relative,0.78490336457839,0.8709240693017676,0.7713289235303882,1.0,0.0037254492879056243,68693266637.0,14679230251059.18,14610536984422.18,3106,5668,0.0,0,0,True,,0.9003674900384837,3106.0,68693266637.0,-0.11546412546009366
Slovakia,SVK,703,2009,Exports,world_relative,0.7739273719011313,0.8637414401495792,0.9460521758996401,1.0,0.0033734198337966766,55502593700.0,11155952807789.14,11100450214089.14,4115,5601,0.0,0,0,True,,0.9171913259447648,4115.0,55502593700.0,-0.14326395404363357
Slovakia,SVK,703,2010,Exports,world_relative,0.7617664405261811,0.8566920944202022,0.9510680497137817,1.0,0.0036510152007889476,65234012244.119,13603195025663.61,13537961013419.488,4094,5533,0.0,0,0,True,,0.918949966159877,4094.0,65234012244.119,-0.15718352563369586
Slovakia,SVK,703,2011,Exports,world_relative,0.7648524110372885,0.8625622925278891,0.9449813164844869,1.0,0.003922063842181489,78864074304.523,16465456215640.959,16386592141336.434,4124,5430,0.0,0,0,True,,0.9183212332384731,4124.0,78843082339.73799,-0.15346882220118463
Slovakia,SVK,703,2012,Exports,world_relative,0.7818552046687465,0.8567683469032247,0.9314181803030004,1.0,0.0033336167746021964,79838936660.51,16687135437611.117,16607296500950.61,4227,5738,0.0,0,0,True,,0.9229872019655576,4227.0,79838936660.51001,-0.14113199729681114
Slovakia,SVK,703,2013,Exports,world_relative,0.7761060329516776,0.8530442751395694,0.9422224566352223,1.0000000000000002,0.0036073636223222026,85141896808.90799,17314636337298.219,17229494440489.31,4241,5728,0.0,0,0,True,,0.9255691595987632,4241.0,85141896808.90799,-0.1494631266470856
Slovakia,SVK,703,2014,Exports,world_relative,0.7678866992979809,0.8562628230204627,0.9336777548295819,0.9999999999999998,0.0036456759430554177,85684849786.845,17180906869482.68,17095222019695.832,4246,5695,0.0,0,0,True,,0.9254517358756084,4246.0,85689338528.683,-0.15756503657762744
Slovakia,SVK,703,2015,Exports,world_relative,0.7651276295758478,0.8628688877841485,0.9401630703738585,1.0,0.00375762649330761,74939091833.233,14886939159151.531,14812000067318.299,4241,5604,0.0,0,0,True,,0.927092846265874,4241.0,74939091833.233,-0.16196521669002617
Slovakia,SVK,703,2016,Exports,world_relative,0.7645424264546967,0.8689962035112287,0.9468448873642339,1.0,0.003930028393085287,76877796453.207,14463507424510.889,14386629628057.684,4222,5573,0.0,0,0,True,,0.929296623358371,4222.0,76877796453.207,-0.16475419690367432
Slovakia,SVK,703,2017,Exports,world_relative,0.7654958201992719,0.8722083667225741,0.9471646075066298,1.0,0.00398303053513517,82900959819.78,15912918159251.652,15830017199431.871,4213,5687,0.0,0,0,True,,0.9278987982846744,4258.0,83003411086.732,-0.1624029780854025
Slovakia,SVK,703,2018,Exports,world_relative,0.7720681895755251,0.887440363860833,0.953856838596857,1.0,0.004161741301621249,90007040436.35,17639705152038.016,17549698111601.66,4339,5667,0.0,0,0,True,,0.9271201236707932,4339.0,90007040436.35,-0.15505193409526807
Slovakia,SVK,703,2019,Exports,world_relative,0.7766218248617682,0.8804374360896523,0.9526528227894038,1.0,0.003916929221611561,89287127835.712,17270046559346.42,17180759431510.709,4315,5523,0.0,0,0,True,,0.928540376707303,4374.0,89561294789.45201,-0.15191855184553482
Slovakia,SVK,703,2020,Exports,world_relative,0.7755636239047673,0.8783439824849949,0.955051912138849,1.0,0.003457517340202774,86895514008.74802,16099571053208.256,16012675539199.508,4404,5495,0.0,0,0,True,,0.9293411156963012,4404.0,86895514008.748,-0.15377749179153388
Slovakia,SVK,703,2021,Exports,world_relative,0.7790824876309737,0.8614290976528296,0.9510459247745993,1.0,0.0028240366498663684,104017725102.72198,20230697024887.18,20126679299784.46,4395,5489,0.0,0,0,True,,0.9283446183072614,4439.0,104180199774.826,-0.1492621306762878
Slovakia,SVK,703,2022,Exports,world_relative,0.7786175104097055,0.8538730384269185,0.9367269822454536,1.0,0.002740120774820023,108013508248.514,22120815369208.133,22012801860959.62,4578,5839,0.0,0,0,True,,0.9274829380130888,4578.0,108013508248.514,-0.14886542760338328
Slovakia,SVK,703,2023,Exports,world_relative,0.7682286052575925,0.8682500984071533,0.9614819224497513,1.0,0.0033139884101946243,117058774304.46,21325007050203.67,21207948275899.215,4671,5806,0.0,0,0,True,,0.9314767562480306,4671.0,117058774304.46,-0.1632481509904381
Slovakia,SVK,703,2024,Exports,world_relative,0.7738106796820093,0.8707596490385685,0.9520166883498935,1.0,0.0032022384105732118,115322054684.552,20562489519169.527,20447167464484.977,4627,5800,0.0,0,0,True,,0.9312834347046016,4627.0,115322054684.552,-0.15747275502259228
Slovenia,SVN,705,1994,Exports,world_relative,0.8252298475124162,0.8848563968540945,0.8974855968696869,1.0,0.0015420479593638886,6814146027.0,3636838351757.0,3630024205730.0,3811,5036,0.0,0,0,True,,0.8818259058569118,3811.0,6814146027.0,-0.05659605834449555
Slovenia,SVN,705,1995,Exports,world_relative,0.8274722322433954,0.8971448488731718,0.901009231936863,1.0,0.0015101519155964823,8298047454.0,4343603232603.0,4335305185149.0,3832,5036,0.0,0,0,True,,0.8858476688575463,3832.0,8298047454.0,-0.0583754366141509
Slovenia,SVN,705,1996,Exports,world_relative,0.8284313308385278,0.9063874473428489,0.8417898229138011,1.0,0.0015649709700643064,8309592335.0,4650994076708.0,4642684484373.0,4091,5384,0.0,0,0,True,,0.887601292462243,4091.0,8309592335.0,-0.05916996162371513
Slovenia,SVN,705,1997,Exports,world_relative,0.8374256613114126,0.9049348683408015,0.8861449940121611,1.0,0.0014828229276386412,8368686889.0,4735993736441.0,4727625049552.0,4075,5377,0.0,0,0,True,,0.892112083140302,4075.0,8368686889.0,-0.05468642182888939
Slovenia,SVN,705,1998,Exports,world_relative,0.82511439624882,0.885272692604609,0.918074469585884,0.9999999999999999,0.0016988260321562075,9046759362.0,4800267515662.0,4791220756300.0,4089,5377,0.0,0,0,True,,0.8957988669251307,4089.0,9046759362.0,-0.07068447067631067
Slovenia,SVN,705,1999,Exports,world_relative,0.8283093883764252,0.878567078724622,0.8640488445780863,1.0,0.0016260504463572354,8545113261.0,5131446891996.0,5122901778735.0,4047,5363,0.0,0,0,True,,0.8951011582420432,4047.0,8545113261.0,-0.06679176986561797
Slovenia,SVN,705,2000,Exports,world_relative,0.835886871406431,0.8661355090399141,0.8725375912092104,1.0,0.0015605231969809037,8712694675.0,5817244525651.065,5808531830976.065,4130,5338,0.0,0,0,True,,0.8993118568593708,4130.0,8712694675.0,-0.06342498545293973
Slovenia,SVN,705,2001,Exports,world_relative,0.8290507647727651,0.8603855163243047,0.9309045919532393,1.0,0.0015596998370994268,9235234461.0,5632048942793.863,5622813708332.863,4146,5274,0.0,0,0,True,,0.8978315043969458,4146.0,9235234461.0,-0.06878073962418074
Slovenia,SVN,705,2002,Exports,world_relative,0.8334275646847982,0.8761419962229149,0.9226009163134252,1.0,0.0016351061401288286,10340065635.0,5923913766916.5625,5913573701281.5625,4266,5570,0.0,0,0,True,,0.90422385169688,4266.0,10340065635.0,-0.07079628701208185
Slovenia,SVN,705,2003,Exports,world_relative,0.8322843551793234,0.8828560590907086,0.9355463951656373,0.9999999999999999,0.0017404002880237897,12742451091.0,6921292294244.205,6908549843153.205,4242,5579,0.0,0,0,True,,0.9048997251255464,4242.0,12742451091.0,-0.07261536994622297
Slovenia,SVN,705,2004,Exports,world_relative,0.824316132866586,0.8844985041822488,0.953309327389741,1.0,0.0019004945578498188,15845851643.0,8351471957607.767,8335626105964.767,4506,5577,0.0,0,0,True,,0.908938940667812,4506.0,15845851643.0,-0.084622807801226
Slovenia,SVN,705,2005,Exports,world_relative,0.8194310753090193,0.8763272696160742,0.9313160703885386,1.0,0.001983052369390002,17868527605.0,9463776638949.371,9445908111344.371,4292,5541,0.0,0,0,True,,0.90438870649488,4292.0,17868527605.0,-0.08495763118586075
Slovenia,SVN,705,2006,Exports,world_relative,0.8115842872412519,0.8742155890609383,0.9414237995791958,1.0,0.002085046206560536,20948387905.0,11029272427409.55,11008324039504.55,4340,5520,0.0,0,0,True,,0.9047836467957612,4340.0,20948387905.0,-0.09319935955450931
Slovenia,SVN,705,2007,Exports,world_relative,0.7969780960604167,0.8781544379108882,0.8792687369937717,0.9999999999999999,0.0024199605977592523,26507294687.0,12696329386535.996,12669822091848.996,4321,5784,0.0,0,0,True,,0.9052318986561112,4321.0,26507294687.0,-0.1082538025956945
Slovenia,SVN,705,2008,Exports,world_relative,0.7866697520194942,0.8654280318538995,0.9498534773470009,1.0,0.0026348460269199616,29187137747.0,14679230251059.18,14650043113312.18,4322,5668,0.0,0,0,True,,0.9025921716421894,4322.0,29187137747.0,-0.11592241962269523
Slovenia,SVN,705,2009,Exports,world_relative,0.7805469835528531,0.8836778243934125,0.8890567219664014,1.0,0.003316680687568973,22360483517.0,11155952807789.14,11133592324272.14,4301,5601,0.0,0,0,True,,0.907644810605076,4301.0,22360483517.0,-0.12709782705222283
Slovenia,SVN,705,2010,Exports,world_relative,0.7948750044189921,0.879559910398944,0.8546900634756989,1.0,0.002950898331509774,24393134491.0,13603195025663.61,13578801891172.61,4275,5533,0.0,0,0,True,,0.9097692668295554,4275.0,24393134491.0,-0.11489426241056333
Slovenia,SVN,705,2011,Exports,world_relative,0.7977850420590531,0.8798774308250109,0.9136863131452955,1.0,0.002972703940448305,28937068418.0,16465456215640.959,16436519147222.959,4299,5430,0.0,0,0,True,,0.9106091753490086,4299.0,28937068418.0,-0.11282413328995555
Slovenia,SVN,705,2012,Exports,world_relative,0.8013442115890079,0.8820461518830468,0.9167215184633767,1.0,0.0030859458313958585,27037035950.0,16687135437611.117,16660098401661.117,4377,5738,0.0,0,0,True,,0.91247349311939,4377.0,27037035950.0,-0.11112928153038204
Slovenia,SVN,705,2013,Exports,world_relative,0.7936682877325147,0.8782491113479446,0.9473783115166201,1.0,0.0033271180626588855,28542871270.0,17314636337298.219,17286093466028.219,4360,5728,0.0,0,0,True,,0.9105628811336496,4360.0,28542871270.0,-0.11689459340113484
Slovenia,SVN,705,2014,Exports,world_relative,0.7824428560536941,0.8769455794075578,0.9293905371208238,1.0,0.0033765810070484166,30425954403.0,17180906869482.68,17150480915079.68,4366,5695,0.0,0,0,True,,0.9094129541096124,4366.0,30425954403.0,-0.1269700980559183
Slovenia,SVN,705,2015,Exports,world_relative,0.7725860571289259,0.8694306474788963,0.9109486177903406,1.0,0.003039687594201776,26498652239.0,14886939159151.531,14860440506912.531,4411,5604,0.0,0,0,True,,0.9084821388132642,4411.0,26498652239.0,-0.1358960816843383
Slovenia,SVN,705,2016,Exports,world_relative,0.7677426149522794,0.8705110865537702,0.9423117120987928,1.0,0.0030116441730736543,27434598124.53,14463507424510.889,14436072826386.361,4410,5573,0.0,0,0,True,,0.9074606871594562,4398.0,27408513343.26,-0.1397180722071768
Slovenia,SVN,705,2017,Exports,world_relative,0.7686686694259227,0.8723098157943444,0.9457815752209033,1.0,0.0029503022341712017,31796902901.92,15912918159251.652,15881121256349.73,4528,5687,0.0,0,0,True,,0.9072695742269672,4551.0,31797225266.94,-0.13860090480104448
Slovenia,SVN,705,2018,Exports,world_relative,0.7712334827341767,0.874829756364438,0.9578558727772675,1.0,0.0030583167504675225,36359263325.86,17639705152038.016,17603345888712.152,4552,5667,0.0,0,0,True,,0.9080177870114544,4552.0,36356773149.02,-0.13678430427727772
Slovenia,SVN,705,2019,Exports,world_relative,0.7757456688118214,0.8941247229237848,0.9313292618936749,1.0,0.0037194458111611227,36940012717.81,17270046559346.42,17233106546628.61,4229,5523,0.0,0,0,True,,0.91202600390528,4530.0,37418196583.02,-0.1362803350934586
Slovenia,SVN,705,2020,Exports,world_relative,0.7768116502768979,0.9171242776124726,0.9498074652520132,0.9999999999999999,0.004397655009019534,37367134718.82201,16099571053208.256,16062203918489.434,4512,5495,0.0,0,0,True,,0.913658653648737,4512.0,37367134718.822,-0.13684700337183908
Slovenia,SVN,705,2021,Exports,world_relative,0.7804984932898882,0.915403756152687,0.9539247602605666,1.0000000000000002,0.0039285957976564895,46508825849.38899,20230697024887.18,20184188199037.79,4602,5489,0.0,0,0,True,,0.9137964843995524,4602.0,46508825849.389,-0.13329799110966423
Slovenia,SVN,705,2022,Exports,world_relative,0.7918197705051584,0.9300521787301855,0.9520571451285403,1.0000000000000002,0.00560799301630578,54963232601.99899,22120815369208.133,22065852136606.14,4723,5839,0.0,0,0,True,,0.9241040564616504,4709.0,54823307192.738,-0.132284285956492
Slovenia,SVN,705,2023,Exports,world_relative,0.8024689590182535,0.9395703075976923,0.9610036509919738,1.0,0.006226324883167158,59140180879.815994,21325007050203.67,21265866869323.86,4752,5806,0.0,0,0,True,,0.9294569372699096,4774.0,59218597550.617004,-0.1269879782516561
Slovenia,SVN,705,2024,Exports,world_relative,0.8176748864079522,0.9495249388708574,0.9509822661895274,1.0000000000000002,0.00748508718354239,66482043683.703995,20562489519169.527,20496007475485.824,4736,5800,0.0,0,0,True,,0.9371544744409088,4736.0,66482043683.703995,-0.11947958803295666
South Africa,ZAF,710,2000,Exports,world_relative,0.8396996095265669,0.8851153428496407,0.9908278230589754,1.0,0.003350634654613869,22760792217.0,5817244525651.065,5794483733434.065,4839,5338,0.0,0,0,True,,0.9207933017945272,4839.0,22760792217.0,-0.08109369226796037
South Africa,ZAF,710,2001,Exports,world_relative,0.847947756422194,0.8847715471589672,0.9943720856636917,1.0,0.003340794869498005,25920932076.0,5632048942793.863,5606128010717.863,4895,5274,0.0,0,0,True,,0.930742861363459,4895.0,25920932076.0,-0.08279510494126496
South Africa,ZAF,710,2002,Exports,world_relative,0.8381932525875512,0.8968592775646781,0.9867604520294571,1.0,0.0029261032040524375,22868229121.0,5923913766916.5625,5901045537795.5625,4946,5570,0.0,0,0,True,,0.9196946075086618,4946.0,22868229121.0,-0.08150135492111066
South Africa,ZAF,710,2003,Exports,world_relative,0.8588746011506426,0.9034050175770495,0.9891408202969363,1.0,0.0024870341470167143,31593900984.0,6921292294244.205,6889698393260.205,4960,5579,0.0,0,0,True,,0.9282729272296872,4960.0,31593900984.0,-0.06939832607904461
South Africa,ZAF,710,2004,Exports,world_relative,0.8649485230448674,0.898731179114191,0.9875999490196785,1.0,0.0022265133591604556,40246408188.0,8351471957607.767,8311225549419.767,4956,5577,0.0,0,0,True,,0.9339869603503876,4956.0,40246408188.0,-0.06903843730552028
South Africa,ZAF,710,2005,Exports,world_relative,0.8618651172205007,0.8987510426343979,0.9906274670577542,1.0,0.002484954533084842,46979254863.0,9463776638949.371,9416797384086.371,4954,5541,0.0,0,0,True,,0.9374765218676276,4954.0,46979254863.0,-0.0756114046471269
South Africa,ZAF,710,2006,Exports,world_relative,0.8578244651743074,0.8452577735899574,0.9901884205012188,1.0,0.002778415998098737,52436662950.0,11029272427409.55,10976835764459.55,4960,5520,0.0,0,0,True,,0.9404016415203752,4960.0,52436662950.0,-0.08257717634606776
South Africa,ZAF,710,2007,Exports,world_relative,0.8519580872545567,0.8517560088345967,0.984494010515069,1.0,0.003721952368460107,63958365138.0,12696329386535.996,12632371021397.996,4797,5784,0.0,0,0,True,,0.9405306042016146,4797.0,63958365138.0,-0.08857251694705792
South Africa,ZAF,710,2008,Exports,world_relative,0.8667914235989996,0.8531484790942971,0.9854103336834606,1.0,0.002464711606042673,73924116611.0,14679230251059.18,14605306134448.18,4803,5668,0.0,0,0,True,,0.9425381076948544,4803.0,73924116611.0,-0.07574668409585472
South Africa,ZAF,710,2009,Exports,world_relative,0.8618969295576802,0.8667385048018106,0.9816574439662301,1.0,0.0023627159755729996,53858348190.0,11155952807789.14,11102094459599.14,4759,5601,0.0,0,0,True,,0.934885365694478,4759.0,53858348190.0,-0.07298843613679784
South Africa,ZAF,710,2010,Exports,world_relative,0.8376098083922108,0.8814895979159155,0.9974272637935044,0.9999999999999999,0.0022535527054582333,82140570292.809,13603195025663.61,13521054455370.8,4959,5533,0.0,0,0,True,,0.9191694076441111,4959.0,82284797677.93301,-0.08155959925190037
South Africa,ZAF,710,2011,Exports,world_relative,0.8535770936107461,0.8978897622525185,0.9740210203129709,1.0000000000000002,0.0025247339449673634,103994820724.17798,16465456215640.959,16361461394916.781,4593,5430,0.0,0,0,True,,0.9335580261076372,4745.0,104045027089.445,-0.07998093249689109
South Africa,ZAF,710,2012,Exports,world_relative,0.8458741376489965,0.8944035989632865,0.9912661343784697,0.9999992221690579,0.0025094154308876624,98657054954.452,16687135437611.117,16588478382656.668,5086,5737,7.778309420996668e-07,0,0,True,,0.9268615254594824,5086.0,98657054954.452,-0.08098738781048587
South Africa,ZAF,710,2013,Exports,world_relative,0.842592405174192,0.8957892410442574,0.9956776974157137,1.0,0.002721303187264867,95006729745.663,17314636337298.219,17219629607552.557,5054,5728,0.0,0,0,True,,0.9266956658384418,5054.0,95006729745.663,-0.08410326066424978
South Africa,ZAF,710,2014,Exports,world_relative,0.8323322909753273,0.8704909659315988,0.9734814600245276,0.9999999999999998,0.0026919154376853936,88216583170.47101,17180906869482.68,17092690286312.207,4617,5695,0.0,0,0,True,,0.9231046047999758,4593.0,88160635710.879,-0.09077231382464845
South Africa,ZAF,710,2015,Exports,world_relative,0.8170459489475018,0.864947183745027,0.997293761001157,0.9999999999999999,0.0026245264570208685,79810527985.43301,14886939159151.531,14807128631166.102,5056,5604,0.0,0,0,True,,0.92038451358261,5056.0,79810527985.433,-0.10333856463510815
South Africa,ZAF,710,2016,Exports,world_relative,0.8166228176807784,0.8642935821662394,0.9962954575964793,1.0,0.002681007855170098,72092468300.349,14463507424510.889,14391414956210.543,5026,5573,0.0,0,0,True,,0.9246296278664252,4552.0,71347359724.423,-0.10800681018564684
South Africa,ZAF,710,2017,Exports,world_relative,0.819602581997783,0.8616789890381559,0.9738469039405114,1.0,0.003142418698864135,82968343951.866,15912918159251.652,15829949815299.783,4758,5687,0.0,0,0,True,,0.9305486372362136,4758.0,82968343951.866,-0.1109460552384306
South Africa,ZAF,710,2018,Exports,world_relative,0.838465895469378,0.8878187723402211,0.996892871656654,1.0,0.0024694591982243113,89079139122.554,17639705152038.016,17550626012915.459,5161,5667,0.0,0,0,True,,0.9325467018247328,5161.0,89079139122.554,-0.09408080635535476
South Africa,ZAF,710,2019,Exports,world_relative,0.8459331587009824,0.8861371967836846,0.9680557492055502,0.9999999999999999,0.0024715005384486374,84346541747.71,17270046559346.42,17185700017598.71,4663,5523,0.0,0,0,True,,0.9333325429522572,4663.0,84346541747.70999,-0.0873993842512748
South Africa,ZAF,710,2020,Exports,world_relative,0.8605744002121941,0.8814134231181856,0.9661018606682679,1.0000000000000002,0.002122934756730902,79802482176.32999,16099571053208.256,16019768571031.926,4802,5495,0.0,0,0,True,,0.9408280828471404,5116.0,80481094289.677,-0.08025368263494626
South Africa,ZAF,710,2021,Exports,world_relative,0.8594273744305155,0.8680835380553397,0.9940957047164126,0.9999999999999998,0.0026620243527131636,115471758803.057,20230697024887.18,20115225266084.125,5009,5489,0.0,0,0,True,,0.946498147117991,4673.0,115222437842.504,-0.08707077268747543
South Africa,ZAF,710,2022,Exports,world_relative,0.8633049144180025,0.9027541390124115,0.9968316120029512,1.0,0.002495700694210682,121437362431.181,22120815369208.133,21999378006776.953,5359,5839,0.0,0,0,True,,0.9429199187990238,5359.0,121437362431.181,-0.07961500438102131
South Africa,ZAF,710,2023,Exports,world_relative,0.8554960477968523,0.8965612171809736,0.9960086577615009,1.0,0.0024989293238210034,110120690190.104,21325007050203.67,21214886360013.57,5328,5806,0.0,0,0,True,,0.9397864854029998,5350.0,110305258271.341,-0.08429043760614752
South Africa,ZAF,710,2024,Exports,world_relative,0.8525578039509213,0.8958396805188131,0.996567499753422,0.9999999999999999,0.002418539007096365,109670728181.423,20562489519169.527,20452818790988.105,5353,5800,0.0,0,0,True,,0.9377748050842616,5353.0,109670728181.423,-0.0852170011333403
Spain,ESP,724,1989,Exports,world_relative,0.7824346227506448,0.8714890019321098,0.9681421281630621,0.9999997480325868,0.0023036886371767536,43926315149.0,849811111830.0,805884796681.0,4754,5032,2.5196741321134847e-07,0,0,True,,0.8663504885209525,4754.0,43926315149.0,-0.08391586577030774
Spain,ESP,724,1990,Exports,world_relative,0.7708752509579965,0.870649080804579,0.9595136637855575,0.9999992644579625,0.002511910321752621,54888773105.0,964479726160.0,909590953055.0,4748,5034,7.355420373993072e-07,0,0,True,,0.8656220417417437,4748.0,54888773105.0,-0.09474679078374726
Spain,ESP,724,1991,Exports,world_relative,0.7461209049045148,0.8669343129211384,0.9692668054377168,1.0,0.002766784941483853,59435499571.0,1869438734616.0,1810003235045.0,4763,5035,0.0,0,0,True,,0.8695774734411583,4763.0,59435499571.0,-0.12345656853664355
Spain,ESP,724,1992,Exports,world_relative,0.7262058760255281,0.869001875062699,0.9662134288909303,1.0,0.0027559739216583513,63588440518.0,2374826502111.0,2311238061593.0,4768,5036,0.0,0,0,True,,0.8666712395156515,4768.0,63588440518.0,-0.1404653634901234
Spain,ESP,724,1993,Exports,world_relative,0.7237858121101168,0.8609691545567701,0.9705823719669443,1.0,0.0024922870638612645,60216693136.0,2718912702757.0,2658696009621.0,4792,5036,0.0,0,0,True,,0.8637745501426997,4792.0,60216693136.0,-0.13998873803258283
Spain,ESP,724,1994,Exports,world_relative,0.6928229480287617,0.8587534188430216,0.9776162301891542,1.0,0.002665170757767699,72505884116.0,3636838351757.0,3564332467641.0,4815,5036,0.0,0,0,True,,0.8615170425128285,4815.0,72505884116.0,-0.1686940944840668
Spain,ESP,724,1995,Exports,world_relative,0.6922076604704133,0.8637522827418822,0.9809849960267171,1.0,0.0025838629521791434,88991536404.0,4343603232603.0,4254611696199.0,4824,5036,0.0,0,0,True,,0.8584010754132556,4824.0,88991536404.0,-0.16619341494284234
Spain,ESP,724,1996,Exports,world_relative,0.6894049505474035,0.8666356268733112,0.9571943732506947,0.9999999999999999,0.002403302476220083,100897467898.0,4650994076708.0,4550096608810.0,4898,5384,0.0,0,0,True,,0.8548621303262802,4898.0,100897467898.0,-0.16545717977887675
Spain,ESP,724,1997,Exports,world_relative,0.6899082184061749,0.8509949247818485,0.9739804966472445,1.0,0.002300037729136325,104327410295.0,4735993736441.0,4631666326146.0,4970,5377,0.0,0,0,True,,0.8546299710677328,4970.0,104327410295.0,-0.16472175266155786
Spain,ESP,724,1998,Exports,world_relative,0.6711277629527447,0.859374785614051,0.9741556509227937,1.0,0.0027258497834658827,107629158213.0,4800267515662.0,4692638357449.0,4945,5377,0.0,0,0,True,,0.8503031028328254,4945.0,107629158213.0,-0.17917533988008072
Spain,ESP,724,1999,Exports,world_relative,0.6572042993015856,0.8505316448037153,0.9744345736210898,1.0,0.0029885382157626835,109941043265.0,5131446891996.0,5021505848731.0,4939,5363,0.0,0,0,True,,0.8486892186427202,4939.0,109941043265.0,-0.19148491934113454
Spain,ESP,724,2000,Exports,world_relative,0.6593611320930763,0.8552752018596156,0.9165164672192289,1.0,0.0037873962034862324,106439924611.21799,5817244525651.065,5710804601039.847,4788,5338,0.0,0,0,True,,0.8515623047592584,4788.0,106439924611.218,-0.19220117266618209
Spain,ESP,724,2001,Exports,world_relative,0.6488050193197523,0.8518710861249602,0.9152191771265086,1.0,0.0037323842800409956,107123598023.73099,5632048942793.863,5524925344770.133,4758,5274,0.0,0,0,True,,0.8490479775521089,4942.0,109082634342.465,-0.2002429582323566
Spain,ESP,724,2002,Exports,world_relative,0.6439643152423677,0.8468093368159061,0.9852468575587519,1.0000000000000002,0.00346747285096905,116126204939.25198,5923913766916.5625,5807787561977.311,5036,5570,0.0,0,0,True,,0.8512175340113426,5036.0,116126204939.252,-0.20725321876897485
Spain,ESP,724,2003,Exports,world_relative,0.6491199474708214,0.8583042085335832,0.9603543707142984,0.9999999999999999,0.0038742304682526305,143651415056.962,6921292294244.205,6777640879187.244,4717,5579,0.0,0,0,True,,0.8574857157626241,4717.0,143651415056.962,-0.20836576829180276
Spain,ESP,724,2004,Exports,world_relative,0.6497175772038141,0.8450366646907327,0.9853105029778985,1.0,0.0033889548014183484,177742920437.419,8351471957607.767,8173729037170.348,5060,5577,0.0,0,0,True,,0.8586189640658619,4753.0,163428538498.656,-0.20890138686204784
Spain,ESP,724,2005,Exports,world_relative,0.6536806462942166,0.8334432013472726,0.9855560086251793,1.0,0.0032889307743549333,189814668031.531,9463776638949.371,9273961970917.84,5064,5541,0.0,0,0,True,,0.8605756707741121,4755.0,174098958341.487,-0.2068950244798955
Spain,ESP,724,2006,Exports,world_relative,0.6621323632134367,0.8306058140913445,0.9934407783693144,1.0,0.0032383924361173173,210180356201.422,11029272427409.55,10819092071208.127,5085,5520,0.0,0,0,True,,0.858621474288275,5085.0,210180356201.422,-0.19648911107483824
Spain,ESP,724,2007,Exports,world_relative,0.6534309188316519,0.8456747601877391,0.9658216659161574,1.0,0.0034679288670549924,229016275646.80197,12696329386535.996,12467313110889.191,4541,5784,0.0,0,0,True,,0.8543965888267575,4541.0,229016275646.802,-0.20096566999510557
Spain,ESP,724,2008,Exports,world_relative,0.6658756770791757,0.8419206231713939,0.9920409087592639,1.0,0.003521365208593764,272794577377.638,14679230251059.18,14406435673681.54,4925,5668,0.0,0,0,True,,0.8519566218658827,4925.0,272794577377.638,-0.186080944786707
Spain,ESP,724,2009,Exports,world_relative,0.651443338070244,0.8443357354808977,0.9722080867066704,1.0,0.003443273317155587,196448418376.374,11155952807789.14,10959504389412.766,4511,5601,0.0,0,0,True,,0.8494916907542325,4893.0,217317768731.912,-0.19804835268398846
Spain,ESP,724,2010,Exports,world_relative,0.6622332312113518,0.840124425574363,0.9740110788845144,1.0000000000000002,0.0033116688564791717,219207843349.57297,13603195025663.61,13383987182314.035,4503,5533,0.0,0,0,True,,0.8499499427497537,4850.0,240015684789.52496,-0.18771671153840186
Spain,ESP,724,2011,Exports,world_relative,0.6649255080960587,0.8446040138350259,0.9686628076723631,0.9999999999999999,0.0035839206657734173,265239074008.501,16465456215640.959,16200217141632.459,4488,5430,0.0,0,0,True,,0.8533962048926731,4488.0,265239074008.501,-0.18847069679661443
Spain,ESP,724,2012,Exports,world_relative,0.6611606672937616,0.8471581207105358,0.968025751036899,1.0,0.003812298979214258,252950241975.284,16687135437611.117,16434185195635.834,4512,5738,0.0,0,0,True,,0.8533803464192391,4512.0,252950241975.284,-0.19221967912547755
Spain,ESP,724,2013,Exports,world_relative,0.6602728899266267,0.8384458688177806,0.9692844330715552,1.0,0.003726019623511844,273069360532.004,17314636337298.219,17041566976766.215,4538,5728,0.0,0,0,True,,0.8539382533906315,4538.0,273069360532.004,-0.19366536346400476
Spain,ESP,724,2014,Exports,world_relative,0.6407354554545679,0.7895988328768863,0.9708708637507204,0.9999999999999999,0.003905338647565583,279029303619.73804,17180906869482.68,16901877565862.938,4530,5695,0.0,0,0,True,,0.8528655059019159,4530.0,279029303619.73804,-0.212130050447348
Spain,ESP,724,2015,Exports,world_relative,0.6384210010196036,0.8064564626501407,0.9729689250774656,0.9999999999999999,0.0033053336661753537,242670650167.388,14886939159151.531,14644268508984.146,4537,5604,0.0,0,0,True,,0.8522558208019004,4537.0,242670650167.388,-0.2138348197822968
Spain,ESP,724,2016,Exports,world_relative,0.6389298603700019,0.810453970283986,0.9699593584514413,1.0,0.0031752158411659176,248788262993.73203,14463507424510.889,14214719161517.158,4545,5573,0.0,0,0,True,,0.854363082727132,4545.0,248788262993.732,-0.21543322235713014
Spain,ESP,724,2017,Exports,world_relative,0.6521403293396625,0.8059525644987188,0.9938438418387362,1.0,0.0028060933911422856,304627440523.656,15912918159251.652,15608290718727.996,5211,5687,0.0,0,0,True,,0.8541495068560998,5211.0,304627440523.656,-0.20200917751643732
Spain,ESP,724,2018,Exports,world_relative,0.6523930656908264,0.8040054229778067,0.9895638983732343,1.0,0.0029946030451403647,328998662939.396,17639705152038.016,17310706489098.615,5173,5667,0.0,0,0,True,,0.8519324656327181,5173.0,328998662939.396,-0.19953939994189163
Spain,ESP,724,2019,Exports,world_relative,0.6552768255695268,0.8020558223156571,0.9903937555943141,1.0,0.002931896749831497,318095647927.541,17270046559346.42,16951950911418.879,5188,5523,0.0,0,0,True,,0.85276527994812,5188.0,318095647927.541,-0.1974884543785932
Spain,ESP,724,2020,Exports,world_relative,0.6695253713714314,0.7957735412682756,0.9958818180908298,1.0,0.0023103614133912803,292463650368.456,16099571053208.256,15807107402839.8,5182,5495,0.0,0,0,True,,0.8505084707171324,5182.0,292463650368.456,-0.180983099345701
Spain,ESP,724,2021,Exports,world_relative,0.662385116211498,0.7876906690140746,0.9948957775557765,1.0,0.002400369571354705,367458373630.154,20230697024887.18,19863238651257.027,5197,5489,0.0,0,0,True,,0.8506172668271967,5197.0,367458373630.154,-0.18823215061569876
Spain,ESP,724,2022,Exports,world_relative,0.6482921120801799,0.8168354015370197,0.9958864762994231,1.0,0.0031904843009751926,375905208054.54,22120815369208.133,21744910161153.594,5379,5839,0.0,0,0,True,,0.8621935395032052,5373.0,376934875383.245,-0.21390142742302531
Spain,ESP,724,2023,Exports,world_relative,0.6380567243142855,0.7872224796221805,0.996947179440888,1.0,0.0029826136920072027,398314062248.369,21325007050203.67,20926692987955.305,5385,5806,0.0,0,0,True,,0.8593744324369788,5385.0,398314062248.369,-0.22131770812269325
Spain,ESP,724,2024,Exports,world_relative,0.6302432470973838,0.7763486121134511,0.9963438282556425,1.0,0.0028384903495363243,383468213566.261,20562489519169.527,20179021305603.27,5397,5800,0.0,0,0,True,,0.8586953867085407,5397.0,383468213566.261,-0.22845213961115696
Sweden,SWE,752,1992,Exports,world_relative,0.7510239732114635,0.8916270513400625,0.9561723331613651,1.0,0.0032903590498163967,55647977408.0,2374826502111.0,2319178524703.0,4701,5036,0.0,0,0,True,,0.8931814290448896,4701.0,55647977408.0,-0.1421574558334261
Sweden,SWE,752,1993,Exports,world_relative,0.7545832525692795,0.8863863695545514,0.9735535476815064,1.0,0.0031014488351667467,49579012331.0,2718912702757.0,2669333690426.0,4735,5036,0.0,0,0,True,,0.8957294810796685,4735.0,49579012331.0,-0.14114622851038905
Sweden,SWE,752,1994,Exports,world_relative,0.7519201950822054,0.8823460014776912,0.9768438582001486,1.0,0.0028444206870126736,60931853053.0,3636838351757.0,3575906498704.0,4747,5036,0.0,0,0,True,,0.8968420715114525,4748.0,60962574030.0,-0.14492187642924703
Sweden,SWE,752,1995,Exports,world_relative,0.7514813581705782,0.8842653049902329,0.9536731662984572,1.0,0.0028994349043435924,71511459290.0,4343603232603.0,4272091773313.0,4611,5036,0.0,0,0,True,,0.8990533943363082,4611.0,71511459290.0,-0.14757203616573
Sweden,SWE,752,1996,Exports,world_relative,0.760731798822362,0.8887533691342784,0.9326913400657472,1.0,0.002678068172450574,77414369079.0,4650994076708.0,4573579707629.0,4699,5384,0.0,0,0,True,,0.899619907962655,4699.0,77414369079.0,-0.13888810914029304
Sweden,SWE,752,1997,Exports,world_relative,0.7527335004244606,0.8845594391935967,0.943334648115933,1.0,0.002934613281758765,75961539319.0,4735993736441.0,4660032197122.0,4662,5377,0.0,0,0,True,,0.8981586461964732,4665.0,75963627688.0,-0.1454251457720126
Sweden,SWE,752,1998,Exports,world_relative,0.7349637079507029,0.8827436794145135,0.954296307980856,1.0,0.0031561870983390725,79591921891.0,4800267515662.0,4720675593771.0,4756,5377,0.0,0,0,True,,0.8985711944946755,4771.0,79594261859.0,-0.1636074865439726
Sweden,SWE,752,1999,Exports,world_relative,0.7335287143941891,0.8605885793505631,0.9750718435552314,1.0,0.0026357245925325568,70963176664.0,5131446891996.0,5060483715332.0,4766,5363,0.0,0,0,True,,0.8906930395665698,4779.0,70964810059.0,-0.15716432517238066
Sweden,SWE,752,2000,Exports,world_relative,0.7378320637469211,0.8742260731866843,0.9743781678152816,1.0,0.004079623457454732,82376983824.0,5817244525651.065,5734867541827.065,4713,5338,0.0,0,0,True,,0.9057613450275545,4759.0,82380842852.0,-0.16792928128063334
Sweden,SWE,752,2001,Exports,world_relative,0.7112837293350754,0.8725770728516944,0.9641175608386978,1.0,0.004155327352655231,72628959294.0,5632048942793.863,5559419983499.863,4699,5274,0.0,0,0,True,,0.8974080738640975,4755.0,72633122959.0,-0.18612434452902205
Sweden,SWE,752,2002,Exports,world_relative,0.7082369136315534,0.8630783960170214,0.9612172886166562,1.0,0.0038564134832258217,78940650820.0,5923913766916.5625,5844973116096.5625,4812,5570,0.0,0,0,True,,0.8967775538115628,4864.0,78944255175.0,-0.18854064018000938
Sweden,SWE,752,2003,Exports,world_relative,0.7030887720403838,0.8683178960971618,0.968958262015772,1.0,0.003986266072359971,96649369356.0,6921292294244.205,6824642924888.205,4814,5579,0.0,0,0,True,,0.8977602430060254,4868.0,96655014996.0,-0.19467147096564164
Sweden,SWE,752,2004,Exports,world_relative,0.6987000988071522,0.8560395426855916,0.9649442847624686,1.0,0.003869469273292319,116688205746.0,8351471957607.767,8234783751861.767,4801,5577,0.0,0,0,True,,0.900296114436588,4849.0,116693775444.0,-0.20159601562943574
Sweden,SWE,752,2005,Exports,world_relative,0.6928432529241307,0.8434695171733022,0.969244757525964,1.0,0.004016358505865885,122644527321.0,9463776638949.371,9341132111628.371,4777,5541,0.0,0,0,True,,0.9024545710053592,4827.0,122659386170.0,-0.20961131808122846
Sweden,SWE,752,2006,Exports,world_relative,0.6875211729393856,0.837502086469841,0.9677000898045424,1.0,0.004092816195781444,138987694573.0,11029272427409.55,10890284732836.55,4754,5520,0.0,0,0,True,,0.9024208200813332,4815.0,139107229019.0,-0.21489964714194754
Sweden,SWE,752,2007,Exports,world_relative,0.6944647991191617,0.8386114260096882,0.9663956219117198,1.0,0.0034382695488383323,158571878799.0,12696329386535.996,12537757507736.996,4622,5784,0.0,0,0,True,,0.8973744959074097,4690.0,158894579008.0,-0.202909696788248
Sweden,SWE,752,2008,Exports,world_relative,0.6950834300246473,0.855781935222665,0.9572932206070051,1.0,0.00406552557452438,172751562816.0,14679230251059.18,14506478688243.18,4603,5668,0.0,0,0,True,,0.8962798984441316,4654.0,172948681247.0,-0.20119646841948424
Sweden,SWE,752,2009,Exports,world_relative,0.6812124343885582,0.8508824328481291,0.9764106545587867,1.0,0.003848941148000034,124234386039.0,11155952807789.14,11031718421750.14,4583,5601,0.0,0,0,True,,0.8913495451007154,4637.0,124395377928.0,-0.21013711071215724
Sweden,SWE,752,2010,Exports,world_relative,0.6927478532810999,0.8439299652499246,0.9862017949697647,1.0,0.0038195363549094518,150844749614.0,13603195025663.61,13452350276049.61,4641,5533,0.0,0,0,True,,0.8960795591885764,4672.0,151327662318.0,-0.2033317059074765
Sweden,SWE,752,2011,Exports,world_relative,0.6980301848110239,0.8450758687680948,0.9854921935504188,1.0,0.003900371335972712,176544941707.0,16465456215640.959,16288911273933.959,4593,5430,0.0,0,0,True,,0.8977937494128319,4628.0,177470043353.0,-0.199763564601808
Sweden,SWE,752,2012,Exports,world_relative,0.6986089567575634,0.8500398743114632,0.9689915616808374,1.0,0.004113338346228948,164351242886.922,16687135437611.117,16522784194724.197,4749,5738,0.0,0,0,True,,0.897386434891829,4749.0,164351242886.922,-0.1987774781342656
Sweden,SWE,752,2013,Exports,world_relative,0.702061149639907,0.842842134341963,0.9708227328953599,0.9999999999999999,0.003954133172567113,154587728816.906,17314636337298.219,17160048608481.312,4491,5728,0.0,0,0,True,,0.8949290144108883,4491.0,154587728816.906,-0.1928678647709814
Sweden,SWE,752,2014,Exports,world_relative,0.6954598928246403,0.8436690715814669,0.9768150498964832,1.0,0.0038635185297017545,152716570834.895,17180906869482.68,17028190298647.783,4553,5695,0.0,0,0,True,,0.8964048827688571,4665.0,153028279612.94998,-0.20094498994421683
Sweden,SWE,752,2015,Exports,world_relative,0.683850170318533,0.8220835597530981,0.9684783123357252,1.0,0.0034231183038612445,129347915237.283,14886939159151.531,14757591243914.25,4462,5604,0.0,0,0,True,,0.8967876799262342,4686.0,129579249902.579,-0.2129375096077012
Sweden,SWE,752,2016,Exports,world_relative,0.6802991919228719,0.8209975351785982,0.9725295226837698,1.0000000000000002,0.0035036908872379583,128875347127.17899,14463507424510.889,14334632077383.71,4663,5573,0.0,0,0,True,,0.8932609994851364,4442.0,128692005435.508,-0.21296180756226446
Sweden,SWE,752,2017,Exports,world_relative,0.6892728053705337,0.8160142301685959,0.9818020193210795,1.0,0.0034329037508244436,146529424851.565,15912918159251.652,15766388734400.086,4854,5687,0.0,0,0,True,,0.8971318164515076,4835.0,146486069424.495,-0.20785901108097393
Sweden,SWE,752,2018,Exports,world_relative,0.6974472728061204,0.8398703500915035,0.9816969078772083,1.0,0.0036013816316106412,158516393461.346,17639705152038.016,17481188758576.668,4780,5667,0.0,0,0,True,,0.8998952422540611,4780.0,158516393461.346,-0.20244796944794075
Sweden,SWE,752,2019,Exports,world_relative,0.6869431636196348,0.8283546964936169,0.9894772947535645,0.9999999999999999,0.0035544685769110457,154327526274.36902,17270046559346.42,17115719033072.05,4872,5523,0.0,0,0,True,,0.8996842046339824,4889.0,154405771856.22302,-0.21274104101434754
Sweden,SWE,752,2020,Exports,world_relative,0.6824156040139426,0.8270561296247902,0.9898115736071451,1.0,0.003285946368972892,149435787876.266,16099571053208.256,15950135265331.988,4821,5495,0.0,0,0,True,,0.8984472230602014,4878.0,149649473885.702,-0.21603161904625878
Sweden,SWE,752,2021,Exports,world_relative,0.6908281437019451,0.8068266944815818,0.9888200083976435,1.0,0.003093766555152637,182589006478.982,20230697024887.18,20048108018408.2,4954,5489,0.0,0,0,True,,0.9008052743133592,4955.0,182598893535.29105,-0.2099771306114141
Sweden,SWE,752,2022,Exports,world_relative,0.7015875483972203,0.8388155706583769,0.9906707373723284,1.0,0.003542777528274412,189460109085.74402,22120815369208.133,21931355260122.39,5112,5839,0.0,0,0,True,,0.9056280862132232,5113.0,189565940643.29,-0.20404053781600295
Sweden,SWE,752,2023,Exports,world_relative,0.6958969967761757,0.8212725335462235,0.9910249199618898,1.0,0.003303258436304985,188949598156.513,21325007050203.67,21136057452047.164,5121,5806,0.0,0,0,True,,0.9054064365476236,5121.0,188949598156.513,-0.20950943977144798
Sweden,SWE,752,2024,Exports,world_relative,0.6942172512479796,0.8172797980650496,0.9912995612306001,0.9999999763409312,0.0030947038003126272,187984660379.217,20562489519169.527,20374504858790.312,5115,5799,2.365906872948079e-08,0,0,True,,0.9050556161250444,5115.0,187984660379.21695,-0.21083836487706475
Switzerland,CHE,757,1988,Exports,world_relative,0.8758108354497351,0.7688330111389572,0.9799065229564203,0.9998066212428399,0.0006496276146423622,50711340501.0,457950101829.0,407238761328.0,4812,5004,0.00019337875715998121,0,0,True,,0.865567481122167,4812.0,50711340501.0,0.010243354327568177
Switzerland,CHE,757,1989,Exports,world_relative,0.8820866733925307,0.796437749336455,0.9544166828859756,1.0,0.0005961884334652147,51535644602.0,849811111830.0,798275467228.0,4768,5033,0.0,0,0,True,,0.870510938013729,4768.0,51535644602.0,0.011575735378801633
Switzerland,CHE,757,1990,Exports,world_relative,0.8816163675997327,0.7902973346421432,0.9390359387991885,0.9999997450692976,0.0006044896272297368,63793806875.0,964479726160.0,900685919285.0,4751,5034,2.5493070247189256e-07,0,0,True,,0.8704448184015636,4751.0,63793806875.0,0.011171549198169095
Switzerland,CHE,757,1991,Exports,world_relative,0.8292264027359418,0.7657053918677282,0.9520069942869032,1.0,0.0007957761962959507,61531727193.0,1869438734616.0,1807907007423.0,4750,5035,0.0,0,0,True,,0.8704124919484233,4750.0,61531727193.0,-0.04118608921248146
Switzerland,CHE,757,1992,Exports,world_relative,0.8247289894435249,0.7861599789879936,0.9481916485939123,1.0,0.0008916441496201543,65674942717.0,2374826502111.0,2309151559394.0,4673,5036,0.0,0,0,True,,0.8731839907185475,4673.0,65674942717.0,-0.04845500127502256
Switzerland,CHE,757,1993,Exports,world_relative,0.8229761106959629,0.809772060624258,0.9542004482002362,1.0,0.0009747185395691716,63184556229.0,2718912702757.0,2655728146528.0,4690,5036,0.0,0,0,True,,0.8783595597126412,4690.0,63184556229.0,-0.055383449016678354
Switzerland,CHE,757,1994,Exports,world_relative,0.8140309363982797,0.8219667871920223,0.9617258794311427,1.0,0.001023815238423541,70360020206.0,3636838351757.0,3566478331551.0,4720,5036,0.0,0,0,True,,0.8801178561599792,4720.0,70360020206.0,-0.06608691976169945
Switzerland,CHE,757,1995,Exports,world_relative,0.809424733937281,0.8136028004642647,0.9572217594836108,1.0,0.0010474693215466746,81641108982.0,4343603232603.0,4261962123621.0,4689,5036,0.0,0,0,True,,0.8798763382832064,4689.0,81641108982.0,-0.07045160434592546
Switzerland,CHE,757,1996,Exports,world_relative,0.8172653829767528,0.8369551916805991,0.9434724718865937,1.0,0.0010347386243648267,79776969804.0,4650994076708.0,4571217106904.0,4785,5384,0.0,0,0,True,,0.8834294518735788,4785.0,79776969804.0,-0.06616406889682602
Switzerland,CHE,757,1997,Exports,world_relative,0.8167671061013677,0.834441486376968,0.9544750524586604,1.0,0.001140494842012603,76149943159.0,4735993736441.0,4659843793282.0,4759,5377,0.0,0,0,True,,0.885705378976348,4759.0,76149943159.0,-0.06893827287498033
Switzerland,CHE,757,1998,Exports,world_relative,0.8091574049579441,0.8427910736299736,0.9601090726234263,1.0,0.0012939525154377694,78855642881.0,4800267515662.0,4721411872781.0,4791,5377,0.0,0,0,True,,0.88504930064891,4791.0,78855642881.0,-0.07589189569096588
Switzerland,CHE,757,1999,Exports,world_relative,0.8106056666665399,0.8461218527389238,0.9620703113269234,1.0,0.0014603088424739114,80299720493.0,5131446891996.0,5051147171503.0,4770,5363,0.0,0,0,True,,0.8902069256510554,4770.0,80299720493.0,-0.07960125898451553
Switzerland,CHE,757,2000,Exports,world_relative,0.8200597819699382,0.8321677046516568,0.9508607308229304,1.0,0.0015343419447195156,78038577616.479,5817244525651.065,5739205948034.586,4542,5338,0.0,0,0,True,,0.8916002820106836,4542.0,78038577616.479,-0.07154050004074541
Switzerland,CHE,757,2001,Exports,world_relative,0.8193407637782154,0.8652622396376838,0.9468727606629013,1.0,0.00184134981945156,79639275165.399,5632048942793.863,5552409667628.464,4531,5274,0.0,0,0,True,,0.8943120574964822,4517.0,79637974344.003,-0.07497129371826683
Switzerland,CHE,757,2002,Exports,world_relative,0.8244043709443309,0.889372333834533,0.9452454896276656,1.0,0.0021685878975446983,89532049121.813,5923913766916.5625,5834381717794.75,4616,5570,0.0,0,0,True,,0.9025982154317174,4604.0,89531553335.809,-0.07819384448738642
Switzerland,CHE,757,2003,Exports,world_relative,0.8217454998884176,0.8968417154757429,0.9442317698374065,1.0,0.002311859612490356,101977319613.258,6921292294244.205,6819314974630.948,4597,5579,0.0,0,0,True,,0.9036276160863532,4597.0,101977319613.258,-0.08188211619793562
Switzerland,CHE,757,2004,Exports,world_relative,0.8249255819219591,0.9016772550972787,0.9486267386382778,0.9999999999999999,0.002430242354551351,119568702083.03001,8351471957607.767,8231903255524.737,4604,5577,0.0,0,0,True,,0.9057995318276268,4603.0,119568701340.661,-0.08087394990566776
Switzerland,CHE,757,2005,Exports,world_relative,0.8300615006975869,0.9075095346868003,0.9480093036407491,1.0,0.0025818641063856166,127354616897.76599,9463776638949.371,9336422022051.605,4646,5541,0.0,0,0,True,,0.9096990187253956,4640.0,127352710065.512,-0.07963751802780872
Switzerland,CHE,757,2006,Exports,world_relative,0.8388577219373149,0.9137559632200991,0.9518124977618063,1.0,0.0027033961982194875,143501761115.936,11029272427409.55,10885770666293.613,4605,5520,0.0,0,0,True,,0.9139125213618908,4605.0,143501676240.90002,-0.07505479942457594
Switzerland,CHE,757,2007,Exports,world_relative,0.8367430958823809,0.9177768402488531,0.9554449609058278,0.9999999999999999,0.0026356744840246517,166893459814.074,12696329386535.996,12529435926721.92,4491,5784,0.0,0,0,True,,0.9105191951117924,4466.0,166835169532.872,-0.07377609922941142
Switzerland,CHE,757,2008,Exports,world_relative,0.8454021787833856,0.9202747997154193,0.966463710516254,1.0,0.0026522656758801444,195466673208.36398,14679230251059.18,14483763577850.814,4667,5668,0.0,0,0,True,,0.9158960572082092,4474.0,193952829902.92,-0.07049387842482358
Switzerland,CHE,757,2009,Exports,world_relative,0.8383777183732728,0.934284481209263,0.9394880397123306,1.0,0.003815257659931191,167242180177.869,11155952807789.14,10988710627611.27,4407,5601,0.0,0,0,True,,0.9224520168894944,4407.0,167242180177.86902,-0.08407429851622161
Switzerland,CHE,757,2010,Exports,world_relative,0.8568329369379516,0.9308759630681227,0.961607685342741,1.0,0.0028745443391703478,191371620975.0,13603195025663.61,13411823404688.61,4658,5533,0.0,0,0,True,,0.9278165108778862,4658.0,191371620975.0,-0.0709835739399346
Switzerland,CHE,757,2011,Exports,world_relative,0.8644261324255232,0.929366737912735,0.9526255618695201,1.0,0.00258637043743384,230086369013.0,16465456215640.959,16235369846627.959,4663,5430,0.0,0,0,True,,0.9300001929037648,4663.0,230086369013.0,-0.06557406047824155
Switzerland,CHE,757,2012,Exports,world_relative,0.8827981799684429,0.9577051104320278,0.9561419901970813,1.0,0.005964053063205067,305805275417.182,16687135437611.117,16381330162193.938,4458,5738,0.0,0,0,True,,0.9504925441291954,4458.0,305805275417.182,-0.06769436416075247
Switzerland,CHE,757,2013,Exports,world_relative,0.8948018554074335,0.9631553419396146,0.9562064195227754,0.9999999999999998,0.006463709979563215,350908714038.92804,17314636337298.219,16963727623259.29,4473,5728,0.0,0,0,True,,0.9569541284967408,4500.0,350952027832.41,-0.062152273089307264
Switzerland,CHE,757,2014,Exports,world_relative,0.8808424616504373,0.9504328135822846,0.9650744812969236,1.0,0.004614652287735041,304456064020.536,17180906869482.68,16876450805462.143,4500,5695,0.0,0,0,True,,0.949980609622732,4500.0,304456064020.536,-0.06913814797229467
Switzerland,CHE,757,2015,Exports,world_relative,0.87495650463424,0.9502532090463854,0.9715973256363141,0.9999999999999999,0.005129468569584464,283500233969.849,14886939159151.531,14603438925181.682,4560,5604,0.0,0,0,True,,0.9527482172493134,4560.0,283500233969.849,-0.07779171261507334
Switzerland,CHE,757,2016,Exports,world_relative,0.8734508624805771,0.9528630782139735,0.9737713859251801,1.0,0.006147835164994585,296611599944.069,14463507424510.889,14166895824566.82,4640,5573,0.0,0,0,True,,0.9560833268730152,4640.0,296611599944.069,-0.0826324643924381
Switzerland,CHE,757,2017,Exports,world_relative,0.870942376460178,0.9487131568396421,0.9653938656183424,0.9999999999999999,0.00505111567392806,292708374000.924,15912918159251.652,15620209785250.725,4675,5687,0.0,0,0,True,,0.9527342568097104,4642.0,292683012713.99097,-0.08179188034953233
Switzerland,CHE,757,2018,Exports,world_relative,0.8717956507340728,0.9450814679370949,0.9626835598387977,1.0,0.004411944751571098,303157383731.573,17639705152038.016,17336547768306.44,4683,5667,0.0,0,0,True,,0.952218492059176,4683.0,303157383731.573,-0.08042284132510313
Switzerland,CHE,757,2019,Exports,world_relative,0.8705013335409761,0.9448548694630249,0.9663026217315502,0.9999999999999999,0.004827819239231496,306986696388.38403,17270046559346.42,16963059862958.037,4689,5523,0.0,0,0,True,,0.9545162441624157,4689.0,306986696388.38403,-0.08401491062143951
Switzerland,CHE,757,2020,Exports,world_relative,0.8649357363885894,0.9475973204295586,0.9680524670516539,0.9999999999999999,0.006627840885786804,313594479115.34,16099571053208.256,15785976574092.914,4691,5495,0.0,0,0,True,,0.9565942534022412,4658.0,313569766559.20996,-0.0916585170136518
Switzerland,CHE,757,2021,Exports,world_relative,0.8766662826291244,0.9494968549802035,0.9643139273263395,0.9999999999999998,0.005177201263512465,373570956903.47205,20230697024887.18,19857126067983.707,4651,5489,0.0,0,0,True,,0.9581455562099644,4678.0,373598479241.87695,-0.08147927358084006
Switzerland,CHE,757,2022,Exports,world_relative,0.8845448602532832,0.9506081834677665,0.9714490276053916,1.0,0.004975784863813971,398659531757.152,22120815369208.133,21722155837450.984,5045,5839,0.0,0,0,True,,0.9617309925170752,5043.0,398429117853.92194,-0.077186132263792
Switzerland,CHE,757,2023,Exports,world_relative,0.8828221626670687,0.9511710432371446,0.9788161462074024,1.0,0.005410671533211046,418781854196.337,21325007050203.67,20906225196007.336,5037,5806,0.0,0,0,True,,0.9630940619587736,5037.0,418781854196.337,-0.08027189929170486
Switzerland,CHE,757,2024,Exports,world_relative,0.8831335979643646,0.9507861542315088,0.9899967849745286,1.0,0.005994814144762269,440834767933.728,20562489519169.527,20121654751235.797,5076,5800,0.0,0,0,True,,0.965339125490503,5076.0,440834767933.728,-0.08220552752613841
Turkey,TUR,792,1989,Exports,world_relative,0.9299368228810478,0.892087539502582,0.7993882198462016,0.9999965702227772,0.0006714711236883452,11627285800.0,849811111830.0,838183826030.0,3601,5032,3.4297772228149756e-06,0,0,True,,0.917712903406527,3601.0,11627285800.0,0.012223919474520839
Turkey,TUR,792,1990,Exports,world_relative,0.9316453004699389,0.889829985427113,0.8123173705438158,1.0,0.0007453065291245737,12959217403.0,964479726160.0,951520508757.0,3536,5035,0.0,0,0,True,,0.922281689597928,3536.0,12959217403.0,0.009363610872010875
Turkey,TUR,792,1991,Exports,world_relative,0.9373216874459311,0.8978015205964361,0.8020042899057562,1.0,0.0006997320678256683,13593446109.0,1869438734616.0,1855845288507.0,3509,5035,0.0,0,0,True,,0.9234610007394486,3509.0,13593446109.0,0.01386068670648255
Turkey,TUR,792,1992,Exports,world_relative,0.9203664673134653,0.8908541092597918,0.8230602398046822,1.0,0.0007983061172705787,14714608125.0,2374826502111.0,2360111893986.0,3654,5036,0.0,0,0,True,,0.9200656881064722,3654.0,14714608125.0,0.0003007792069931181
Turkey,TUR,792,1993,Exports,world_relative,0.9190471295513747,0.8781154721503627,0.8562356565352651,1.0,0.0006696949819875913,15348912704.0,2718912702757.0,2703563790053.0,3742,5036,0.0,0,0,True,,0.9200106421941084,3742.0,15348912704.0,-0.0009635126427337548
Turkey,TUR,792,1994,Exports,world_relative,0.9037949031091649,0.8629583748738389,0.9064824323447372,1.0,0.0006521856203977554,18105990972.0,3636838351757.0,3618732360785.0,4058,5036,0.0,0,0,True,,0.91507412937821,4058.0,18105990972.0,-0.011279226269045095
Turkey,TUR,792,1995,Exports,world_relative,0.8984121470651296,0.8729790724823009,0.9245854443312864,1.0,0.0007815393520027259,21598624609.0,4343603232603.0,4322004607994.0,4137,5036,0.0,0,0,True,,0.9122614625524744,4137.0,21598624609.0,-0.013849315487344804
Turkey,TUR,792,1996,Exports,world_relative,0.8886288418121389,0.8683873802972281,0.9220867132714481,1.0,0.0007871179114918131,22788815437.0,4650994076708.0,4628205261271.0,4484,5384,0.0,0,0,True,,0.9075010167455326,4484.0,22788815437.0,-0.01887217493339377
Turkey,TUR,792,1997,Exports,world_relative,0.884234373702033,0.8456550777075075,0.941775082096744,1.0,0.000696505112352418,26005111027.0,4735993736441.0,4709988625414.0,4570,5377,0.0,0,0,True,,0.9049639361995744,4570.0,26005111027.0,-0.02072956249754143
Turkey,TUR,792,1998,Exports,world_relative,0.8729382250390096,0.8440287200326088,0.9429760174435814,1.0000000000000002,0.0008096715645912371,26619811318.0,4800267515662.0,4773647704344.0,4544,5377,0.0,0,0,True,,0.9026634104335542,4544.0,26619811318.0,-0.029725185394544607
Turkey,TUR,792,1999,Exports,world_relative,0.8585466091898182,0.8577706053181811,0.9541178787624629,0.9999999999999999,0.0013118612615136134,26587173645.0,5131446891996.0,5104859718351.0,4502,5363,0.0,0,0,True,,0.9025760883582964,4502.0,26587173645.0,-0.044029479168478214
Turkey,TUR,792,2000,Exports,world_relative,0.8561627090899838,0.8498243342524814,0.9549759828200659,1.0,0.0015396785310472741,27026779349.0,5817244525651.065,5790217746302.065,4511,5338,0.0,0,0,True,,0.9039470666915784,4503.0,27098662528.0,-0.04778435760159461
Turkey,TUR,792,2001,Exports,world_relative,0.8449924830999979,0.8403763346722388,0.9576449390514556,1.0,0.0015224727931203532,31023256880.0,5632048942793.863,5601025685913.863,4509,5274,0.0,0,0,True,,0.90230238637697,4509.0,31023256880.0,-0.05730990327697216
Turkey,TUR,792,2002,Exports,world_relative,0.8482179466201262,0.85643215058527,0.9393246459229343,0.9999999999999999,0.0015423519346871493,35258530870.0,5923913766916.5625,5888655236046.5625,4348,5570,0.0,0,0,True,,0.9003688509751835,4348.0,35258530870.0,-0.052150904355057315
Turkey,TUR,792,2003,Exports,world_relative,0.8341934561655414,0.8604597547022346,0.9568852575474525,1.0,0.0017203153979774778,45642633972.0,6921292294244.205,6875649660272.205,4543,5579,0.0,0,0,True,,0.9022433256663264,4556.0,46435558694.0,-0.06804986950078495
Turkey,TUR,792,2004,Exports,world_relative,0.8316695679060689,0.8798633315359179,0.8798446780783099,1.0,0.0020433241180340127,59728596791.0,8351471957607.767,8291743360816.767,4330,5577,0.0,0,0,True,,0.9052351160741714,4330.0,59728596791.0,-0.07356554816810246
Turkey,TUR,792,2005,Exports,world_relative,0.8258512178535297,0.8646925293765488,0.9420223787820905,1.0,0.0021106400072179628,71626625483.0,9463776638949.371,9392150013466.371,4484,5541,0.0,0,0,True,,0.9030525955049415,4484.0,71626625483.0,-0.07720137765141188
Turkey,TUR,792,2006,Exports,world_relative,0.8071242333047769,0.8620752150490113,0.8893141599075277,1.0,0.0024225431263066605,80903974294.0,11029272427409.55,10948368453115.55,4466,5520,0.0,0,0,True,,0.902385553504648,4466.0,80903974294.0,-0.0952613201998711
Turkey,TUR,792,2007,Exports,world_relative,0.7994406590849126,0.8655850988029563,0.8836543652683564,1.0,0.0025065392360817374,101918668757.0,12696329386535.996,12594410717778.996,4261,5784,0.0,0,0,True,,0.8970663945615589,4261.0,101918668757.0,-0.09762573547664632
Turkey,TUR,792,2008,Exports,world_relative,0.7991374164353215,0.8739472774536933,0.8873829867822247,0.9999999999999999,0.0029866004458260946,127598696941.0,14679230251059.18,14551631554118.18,4452,5668,0.0,0,0,True,,0.9021718496262128,4452.0,127598696941.0,-0.10303443319089123
Turkey,TUR,792,2009,Exports,world_relative,0.7966011914992264,0.858984702107493,0.9592310492413655,1.0,0.0023681386768963715,95927961188.0,11155952807789.14,11060024846601.14,4278,5601,0.0,0,0,True,,0.8938007189902173,4278.0,95927961188.0,-0.09719952749099092
Turkey,TUR,792,2010,Exports,world_relative,0.7978797855945764,0.8470128591525611,0.8962971776182928,1.0,0.0021499544039467727,112283990932.0,13603195025663.61,13490911034731.61,4571,5533,0.0,0,0,True,,0.889092866902403,4571.0,112283990932.0,-0.09121308130782657
Turkey,TUR,792,2011,Exports,world_relative,0.793704946435456,0.8521275303851064,0.9638084912743194,1.0,0.0023705760205769795,132791673548.0,16465456215640.959,16332664542092.959,4589,5430,0.0,0,0,True,,0.8879394429972736,4589.0,132791673548.0,-0.0942344965618176
Turkey,TUR,792,2012,Exports,world_relative,0.7900438397907558,0.893637789736241,0.874881346428166,1.0,0.003819716203965726,150453684677.0,16687135437611.117,16536681752934.121,4674,5738,0.0,0,0,True,,0.8965534848489933,4674.0,150453684677.0,-0.10650964505823757
Turkey,TUR,792,2013,Exports,world_relative,0.7664704010364661,0.8610284569027755,0.9659505956448873,1.0,0.003212758976127653,159363364861.0,17314636337298.219,17155272972437.219,4732,5728,0.0,0,0,True,,0.8857750460689702,4732.0,159363364861.0,-0.11930464503250404
Turkey,TUR,792,2014,Exports,world_relative,0.7656547826010545,0.8414425714445006,0.8945190104624107,1.0,0.00257786925514553,163223136100.0,17180906869482.68,17017683733382.68,4762,5695,0.0,0,0,True,,0.8838493877725939,4764.0,163886560168.0,-0.11819460517153946
Turkey,TUR,792,2015,Exports,world_relative,0.7586462543211093,0.8504438245897482,0.9185843712399631,1.0,0.0025386351121791167,148082915028.0,14886939159151.531,14738856244123.531,4736,5604,0.0,0,0,True,,0.8848318445244543,4737.0,148880448130.0,-0.12618559020334497
Turkey,TUR,792,2016,Exports,world_relative,0.7587345778049043,0.8543018633944591,0.9357294342096694,1.0,0.0026325213064548932,147404444810.0,14463507424510.889,14316102979700.889,4735,5573,0.0,0,0,True,,0.8861699777210086,4735.0,147404444810.0,-0.1274353999161043
Turkey,TUR,792,2017,Exports,world_relative,0.7565423420537182,0.8420983529775414,0.9145072265488947,1.0,0.002515707171903084,154424877502.0,15912918159251.652,15758493281749.652,4460,5687,0.0,0,0,True,,0.8861662245954045,4460.0,154424877502.0,-0.12962388254168633
Turkey,TUR,792,2018,Exports,world_relative,0.7642761650473016,0.8249870741058759,0.895799458913517,1.0,0.0021039104718175708,166806356516.0,17639705152038.016,17472898795522.012,4462,5667,0.0,0,0,True,,0.8811516303985505,4462.0,166806356516.0,-0.11687546535124893
Turkey,TUR,792,2019,Exports,world_relative,0.7550126265324626,0.8379942312316319,0.9155424984008014,1.0,0.0022654275497628567,171930812283.0,17270046559346.42,17098115747063.42,4688,5523,0.0,0,0,True,,0.8807219760939062,4688.0,171930812283.0,-0.12570934956144364
Turkey,TUR,792,2020,Exports,world_relative,0.7612662284109638,0.8127731076254533,0.9415644583381931,1.0,0.0016859150699052557,167441668834.0,16099571053208.256,15932129384374.256,4861,5495,0.0,0,0,True,,0.8760443166299055,4861.0,167441668834.0,-0.11477808821894164
Turkey,TUR,792,2021,Exports,world_relative,0.7648879046517857,0.829429285371426,0.9311218524030245,1.0,0.0017610371859180542,222333696881.0,20230697024887.18,20008363328006.18,4937,5489,0.0,0,0,True,,0.8765104196687512,4937.0,222333696881.0,-0.11162251501696552
Turkey,TUR,792,2022,Exports,world_relative,0.7567702363165522,0.8596005799788002,0.9115588792212133,0.9999999999999999,0.00225785127122674,249105888735.0,22120815369208.133,21871709480473.133,5143,5839,0.0,0,0,True,,0.8730542380841506,5143.0,249105888735.0,-0.11628400176759845
Turkey,TUR,792,2023,Exports,world_relative,0.73835807464176,0.8578444190322664,0.9278692610135507,1.0,0.0025634673772973477,249914534288.0,21325007050203.67,21075092515915.67,5154,5806,0.0,0,0,True,,0.875575291531784,5154.0,249914534288.0,-0.13721721689002409
Turkey,TUR,792,2024,Exports,world_relative,0.7351632862601696,0.8606707076258948,0.9354529550501144,1.0,0.002536825280112927,254982397156.0,20562489519169.527,20307507122013.527,5148,5800,0.0,0,0,True,,0.8744100745757559,5148.0,254982397156.0,-0.13924678831558635
Uganda,UGA,800,1994,Exports,world_relative,0.9948003197715225,0.9955874920695953,0.2916093331568662,0.9999999999999998,0.0018552136035787168,449107478.0,3636838351757.0,3636389244279.0,643,5036,0.0,0,0,True,,0.9827769208112498,643.0,449107478.0,0.012023398960272713
Uganda,UGA,800,1995,Exports,world_relative,0.9917582985601746,0.9929045899921398,0.33296682515345843,1.0,0.0017372110611212567,575277420.0,4343603232603.0,4343027955183.0,806,5036,0.0,0,0,True,,0.9771049145517569,806.0,575277420.0,0.014653384008417758
Uganda,UGA,800,1996,Exports,world_relative,0.9930894977524211,0.9928162484117824,0.25984410628114835,1.0,0.0012165492706865209,714734345.0,4650994076708.0,4650279342363.0,656,5384,0.0,0,0,True,,0.9731196406988452,656.0,714734345.0,0.0199698570535759
Uganda,UGA,800,1997,Exports,world_relative,0.9898736211694619,0.9904706886851896,0.30772918061929266,0.9999999999999998,0.0012480873602352838,402403197.0,4735993736441.0,4735591333244.0,914,5377,0.0,0,0,True,,0.9689936759130048,914.0,402403197.0,0.02087994525645709
Uganda,UGA,800,1998,Exports,world_relative,0.9923650501706173,0.990618613878369,0.28675885866760403,1.0,0.0011144046886321839,509850852.0,4800267515662.0,4799757664810.0,787,5377,0.0,0,0,True,,0.9730597312239772,787.0,509850852.0,0.019305318946640115
Uganda,UGA,800,1999,Exports,world_relative,0.9938169729112527,0.9896564706313731,0.3378635871319296,1.0,0.0008514912333356098,505700680.0,5131446891996.0,5130941191316.0,724,5363,0.0,0,0,True,,0.9748582264718068,724.0,505700680.0,0.01895874643944595
Uganda,UGA,800,2000,Exports,world_relative,0.9894932627923522,0.9688719343116414,0.36348393774507487,0.9999999999999998,0.0012834403057834522,402823581.0,5817244525651.065,5816841702070.065,644,5338,0.0,0,0,True,,0.9590266428367944,644.0,402823581.0,0.030466619955557772
Uganda,UGA,800,2001,Exports,world_relative,0.9866263623219516,0.9651680611746639,0.4490630132497949,0.9999999999999999,0.0012421198392440242,450527182.0,5632048942793.863,5631598415611.863,971,5274,0.0,0,0,True,,0.9617578088375596,971.0,450527182.0,0.024868553484391986
Uganda,UGA,800,2002,Exports,world_relative,0.9873995254425318,0.9686690604944319,0.48439563936203234,1.0,0.0008575867521590675,461256900.0,5923913766916.5625,5923452510016.5625,999,5570,0.0,0,0,True,,0.9660019995011102,999.0,461256900.0,0.021397525941421636
Uganda,UGA,800,2003,Exports,world_relative,0.9807318527401941,0.9603596324474583,0.5035347705780537,1.0,0.0011337577723715682,531512466.0,6921292294244.205,6920760781778.205,1220,5579,0.0,0,0,True,,0.961745420294466,1220.0,531512466.0,0.018986432445728174
Uganda,UGA,800,2004,Exports,world_relative,0.9797834251369959,0.957336637501141,0.492794770064061,1.0,0.00114024578007999,653063195.0,8351471957607.767,8350818894412.767,1269,5577,0.0,0,0,True,,0.9613827525600004,1269.0,653063195.0,0.018400672576995514
Uganda,UGA,800,2005,Exports,world_relative,0.9785218929460777,0.9518133651676156,0.5257625282401532,1.0,0.0013323343924175886,812746553.0,9463776638949.371,9462963892396.371,1485,5541,0.0,0,0,True,,0.9652179514565932,1485.0,812746553.0,0.01330394148948455
Uganda,UGA,800,2006,Exports,world_relative,0.9733599349656149,0.9539518662113455,0.6359910745768731,1.0,0.002202968498435854,962000925.0,11029272427409.55,11028310426484.55,1538,5520,0.0,0,0,True,,0.9693467193873632,1538.0,962000925.0,0.004013215578251739
Uganda,UGA,800,2007,Exports,world_relative,0.9742264597644092,0.9495958426141516,0.5635573770610233,1.0,0.0012475683862166382,1336173621.0,12696329386535.996,12694993212914.996,1995,5784,0.0,0,0,True,,0.9664564612418663,1995.0,1336173621.0,0.007769998522542898
Uganda,UGA,800,2008,Exports,world_relative,0.9683250586025705,0.9425030811385362,0.7129032239792377,1.0,0.0015439375887856613,1720414259.0,14679230251059.18,14677509836800.18,2106,5668,0.0,0,0,True,,0.965472747177866,2106.0,1720414259.0,0.0028523114247044346
Uganda,UGA,800,2009,Exports,world_relative,0.9599954421055267,0.9482325531818153,0.7137674150964322,1.0,0.0021659161759859133,1564104298.0,11155952807789.14,11154388703491.14,2116,5601,0.0,0,0,True,,0.962994829418695,2116.0,1564104298.0,-0.002999387313168289
Uganda,UGA,800,2010,Exports,world_relative,0.9578246141054235,0.9412262559252411,0.7465535794613496,1.0,0.0019797248295368923,1617535133.0,13603195025663.61,13601577490530.61,2239,5533,0.0,0,0,True,,0.9577112071491688,2239.0,1617535133.0,0.00011340695625472463
Uganda,UGA,800,2011,Exports,world_relative,0.9593613864744112,0.9469650410546702,0.7403998886067171,0.9999999999999999,0.0021529350299209723,2158923569.0,16465456215640.959,16463297292071.959,2286,5430,0.0,0,0,True,,0.9619531768612082,2286.0,2158923569.0,-0.0025917903867970216
Uganda,UGA,800,2012,Exports,world_relative,0.9519190266989974,0.9453763122991442,0.7699791971741508,1.0,0.0024506315391353973,2238072866.0,16687135437611.117,16684897364745.117,2466,5738,0.0,0,0,True,,0.959020623637137,2466.0,2238072866.0,-0.007101596938139609
Uganda,UGA,800,2013,Exports,world_relative,0.9549865406038287,0.9390563697808675,0.7713492931824808,1.0,0.0019849763190882552,2375804565.0,17314636337298.219,17312260532733.219,2567,5728,0.0,0,0,True,,0.9596669868104816,2567.0,2375804565.0,-0.004680446206652866
Uganda,UGA,800,2014,Exports,world_relative,0.9620664863255164,0.9485040085759731,0.7902572959045007,1.0,0.0019667033302241256,2224427644.0,17180906869482.68,17178682441838.68,2574,5695,0.0,0,0,True,,0.9611562772976489,2574.0,2224427644.0,0.0009102090278675368
Uganda,UGA,800,2015,Exports,world_relative,0.9555453130462983,0.9333653790276587,0.7716416009858071,1.0,0.0018435828132519832,2217614351.0,14886939159151.531,14884721544800.531,2586,5604,0.0,0,0,True,,0.9585536264447104,2586.0,2217614351.0,-0.0030083133984121213
Uganda,UGA,800,2016,Exports,world_relative,0.9617970655696358,0.9481140345412473,0.7599655074355027,1.0,0.0015130357766766065,2288044504.0,14463507424510.889,14461219380006.889,2505,5573,0.0,0,0,True,,0.9578031240442312,2505.0,2288044504.0,0.003993941525404665
Uganda,UGA,800,2017,Exports,world_relative,0.9713066235686625,0.9561410637364223,0.7067914667199524,0.9999999999999998,0.0014009504354114111,2691465945.6900005,15912918159251.652,15910226693305.96,2297,5687,0.0,0,0,True,,0.9647168723842804,2297.0,2691465945.6899996,0.006589751184382098
Uganda,UGA,800,2018,Exports,world_relative,0.9709319090438256,0.9572371058422582,0.7447867925759764,1.0000000000000002,0.0015592000885485823,2854913256.5199995,17639705152038.016,17636850238781.492,2336,5667,0.0,0,0,True,,0.9652574954492712,2336.0,2854913256.52,0.0056744135945544505
Uganda,UGA,800,2019,Exports,world_relative,0.9715270918351218,0.9723862659967936,0.734211503396846,1.0,0.0027982934973781676,3518810939.08,17270046559346.42,17266527748407.338,2384,5523,0.0,0,0,True,,0.9730042369171276,2384.0,3518810939.0800004,-0.001477145082005804
Uganda,UGA,800,2020,Exports,world_relative,0.9740077526166016,0.9795960564762637,0.7071970567709911,1.0,0.002939644671117009,4143225879.0,16099571053208.256,16095427827329.256,2272,5495,0.0,0,0,True,,0.9752426345516676,2272.0,4143225879.0,-0.0012348819350660456
Uganda,UGA,800,2021,Exports,world_relative,0.9645924054060481,0.9640081056408215,0.7687076997807256,1.0000000000000004,0.002524480769703654,3965128740.5199995,20230697024887.18,20226731896146.664,2471,5489,0.0,0,0,True,,0.9679757353851426,2471.0,3965128740.52,-0.003383329979094518
Uganda,UGA,800,2022,Exports,world_relative,0.9632686365451546,0.9394376319965765,0.7323291052858194,1.0,0.0014672275058721825,3562486885.51,22120815369208.133,22117252882322.625,2491,5839,0.0,0,0,True,,0.9559999941103448,2491.0,3562486885.51,0.007268642434809847
Uganda,UGA,800,2023,Exports,world_relative,0.9672146859963675,0.9740981706647287,0.7524348957606877,1.0,0.0033633603214651762,6302862217.94,21325007050203.67,21318704187985.734,2616,5806,0.0,0,0,True,,0.9728524052794074,2616.0,6302862217.940001,-0.00563771928303991
Uganda,UGA,800,2024,Exports,world_relative,0.9742310991928234,0.9819430289281377,0.7647349832732314,1.0,0.0036028125543790934,8039344375.93,20562489519169.527,20554450174793.598,2636,5800,0.0,0,0,True,,0.9787712957855736,2636.0,8039344375.93,-0.00454019659275029
United Arab Emirates,ARE,784,1991,Exports,world_relative,0.9951031122812595,0.9965974170686119,0.08076907382255633,1.0000000000000002,0.0022011542806020575,485589881.0,1869438734616.0,1868953144735.0,158,5035,0.0,0,0,True,,0.9643817807347794,158.0,485589881.0,0.030721331546480046
United Arab Emirates,ARE,784,1992,Exports,world_relative,0.9944808385216231,0.9962123884667887,0.057669959928925346,1.0,0.0015826229909058818,504472830.0,2374826502111.0,2374322029281.0,178,5036,0.0,0,0,True,,0.9590324759902712,178.0,504472830.0,0.03544836253135186
United Arab Emirates,ARE,784,1993,Exports,world_relative,0.9931749151295847,0.9952869991028334,0.0747786603043437,1.0,0.001292243365060221,580019747.0,2718912702757.0,2718332683010.0,235,5036,0.0,0,0,True,,0.9503393893859008,235.0,580019747.0,0.04283552574368388
United Arab Emirates,ARE,784,2005,Exports,world_relative,0.8243545660581171,0.9250176109773133,0.9630455414696704,1.0,0.034118944073667765,81801065301.0,9463776638949.371,9381975573648.371,4485,5541,0.0,0,0,True,,0.9709446023243048,4485.0,81801065301.0,-0.14659003626618772
United Arab Emirates,ARE,784,2007,Exports,world_relative,0.8415012641308447,0.9267279239018148,0.8932736811570562,0.9999999821052257,0.033345921193123025,121711511070.0,12696329386535.996,12574617875465.994,4681,5783,1.7894774133133274e-08,0,0,True,,0.9730243066177856,4681.0,121711511070.0,-0.1315230424869409
United Arab Emirates,ARE,784,2008,Exports,world_relative,0.8283172392224473,0.9079787515183654,0.9750807455742341,1.0,0.04351420729698073,163141563357.0,14679230251059.18,14516088687702.18,4506,5668,0.0,0,0,True,,0.9775297841609608,4506.0,163141563357.0,-0.14921254493851355
United Arab Emirates,ARE,784,2012,Exports,world_relative,0.7546901044921703,0.8992857407438105,0.9822353061342055,1.0,0.032114946941191796,271006142920.0,16687135437611.117,16416129294691.117,4712,5738,0.0,0,0,True,,0.9671812629096296,4712.0,271006143268.0,-0.21249115841745925
United Arab Emirates,ARE,784,2013,Exports,world_relative,0.8021635632125257,0.9065733349133347,0.9597138502481205,1.0,0.03990140261256521,231025691745.13898,17314636337298.219,17083610645553.078,4280,5728,0.0,0,0,True,,0.976188700657146,4661.0,232859047053.83804,-0.17402513744462034
United Arab Emirates,ARE,784,2014,Exports,world_relative,0.7797938131245739,0.9064429805006069,0.9562353315063118,1.0,0.028673124917079466,202058961518.286,17180906869482.68,16978847907964.395,4304,5695,0.0,0,0,True,,0.9705436691830348,4698.0,204023364415.63403,-0.19074985605846095
United Arab Emirates,ARE,784,2015,Exports,world_relative,0.8107662019011781,0.9098555430893954,0.9677136214774524,0.9999999999999999,0.013543583460209294,163220711209.29,14886939159151.531,14723718447942.242,4298,5604,0.0,0,0,True,,0.9654660832770916,4684.0,165514561740.042,-0.1546998813759135
United Arab Emirates,ARE,784,2016,Exports,world_relative,0.8126585557167086,0.9066745903724992,0.9688568894745326,1.0,0.011734080395858298,149172349277.49097,14463507424510.889,14314335075233.4,4410,5573,0.0,0,0,True,,0.965566970625386,4684.0,150891564524.85297,-0.15290841490867735
United Arab Emirates,ARE,784,2017,Exports,world_relative,0.770004164723497,0.89683886877464,0.9641455531741776,0.9999999999999998,0.01081340556986455,209877281829.36304,15912918159251.652,15703040877422.287,4727,5687,0.0,0,0,True,,0.9586355702416614,4727.0,209877281829.363,-0.18863140551816437
United Arab Emirates,ARE,784,2018,Exports,world_relative,0.7670169777656226,0.9098533803064203,0.9863848448840299,1.0,0.017893308299954846,290745970446.045,17639705152038.016,17348959181591.967,4941,5667,0.0,0,0,True,,0.9623732157175032,4918.0,289682497144.833,-0.19535623795188062
United Arab Emirates,ARE,784,2019,Exports,world_relative,0.8114794689611694,0.9252490468930431,0.9942304554767123,1.0,0.020135275554073788,389358934663.09296,17270046559346.42,16880687624683.328,4965,5523,0.0,0,0,True,,0.9700968342820632,4965.0,389358934663.093,-0.15861736532089377
United Arab Emirates,ARE,784,2020,Exports,world_relative,0.8235625220261158,0.9340520668936038,0.9936586934274251,0.9999999999999999,0.01491833645271937,335253692404.0901,16099571053208.256,15764317360804.164,4958,5495,0.0,0,0,True,,0.9679612413276008,4958.0,335253692404.09,-0.14439871930148496
United Arab Emirates,ARE,784,2021,Exports,world_relative,0.8154805725838807,0.9204409115846137,0.9948410045888786,0.9999999999999999,0.015200189188047348,425122240271.131,20230697024887.18,19805574784616.05,4956,5489,0.0,0,0,True,,0.968708361926754,4964.0,424465734698.44495,-0.1532277893428733
United Arab Emirates,ARE,784,2022,Exports,world_relative,0.8054669272511414,0.9212544102725109,0.9946929245772853,1.0,0.01998072427074783,511575233185.765,22120815369208.133,21609240136022.37,5178,5839,0.0,0,0,True,,0.968650373689071,5178.0,511575233185.765,-0.1631834464379296
United Arab Emirates,ARE,784,2023,Exports,world_relative,0.8076896441440289,0.9241120021554464,0.9958031850430895,1.0,0.017836548802150628,551400163099.877,21325007050203.67,20773606887103.797,5196,5806,0.0,0,0,True,,0.969915855780946,5196.0,551400163099.8771,-0.16222621163691708
United Kingdom,GBR,826,1993,Exports,world_relative,0.5645176204269221,0.8162060372044346,0.9808183688231956,1.0,0.004014656919724025,166022998037.0,2718912702757.0,2552889704720.0,4898,5036,0.0,0,0,True,,0.8372757216400328,4898.0,166022998037.0,-0.2727581012131107
United Kingdom,GBR,826,1994,Exports,world_relative,0.5475427939549,0.819722512341544,0.9800025158747517,1.0,0.003859232161154818,197249821210.0,3636838351757.0,3439588530547.0,4900,5036,0.0,0,0,True,,0.8379965139355072,4900.0,197249821210.0,-0.2904537199806072
United Kingdom,GBR,826,1995,Exports,world_relative,0.541794497367659,0.8156824324317452,0.9775585956137592,1.0,0.003858778959734171,232778498142.0,4343603232603.0,4110824734461.0,4900,5036,0.0,0,0,True,,0.8411201654973783,4900.0,232778498142.0,-0.2993256681297194
United Kingdom,GBR,826,1996,Exports,world_relative,0.5404082802767893,0.8253266942042923,0.9615828289735895,1.0,0.00404283718952295,251905299119.0,4650994076708.0,4399088777589.0,4999,5384,0.0,0,0,True,,0.8415474959568081,4999.0,251905299119.0,-0.3011392156800188
United Kingdom,GBR,826,1997,Exports,world_relative,0.5581725592793042,0.8063285364933537,0.9726223441428961,0.9999999131586824,0.0036811213286810137,268869711494.0,4735993736441.0,4467124024947.0,4965,5376,8.684131756700698e-08,0,0,True,,0.8474403924410336,5013.0,271940124255.0,-0.28926783316172944
United Kingdom,GBR,826,1998,Exports,world_relative,0.5445812998658158,0.7882903778193772,0.9755181389076981,1.0000000000000002,0.003591750809239432,260452663598.0,4800267515662.0,4539814852064.0,4943,5377,0.0,0,0,True,,0.846967892735544,5007.0,263464218843.0,-0.30238659286972813
United Kingdom,GBR,826,1999,Exports,world_relative,0.5300732209401193,0.7933314059175154,0.9810428465925538,1.0,0.004495097577692575,259496696313.0,5131446891996.0,4871950195683.0,4997,5363,0.0,0,0,True,,0.8571272128769474,4997.0,259496696313.0,-0.32705399193682805
United Kingdom,GBR,826,2000,Exports,world_relative,0.5239076890625869,0.8003325767236847,0.9695778954407229,0.9999999999999999,0.006812900158075445,271801756341.0,5817244525651.065,5545442769310.065,4941,5338,0.0,0,0,True,,0.8702072799366993,4941.0,271801756341.0,-0.34629959087411244
United Kingdom,GBR,826,2001,Exports,world_relative,0.5313535312137964,0.8103113036282111,0.9714827011394764,1.0,0.0066205306690824885,257573696302.0,5632048942793.863,5374475246491.863,4975,5274,0.0,0,0,True,,0.8717901839845623,4975.0,257573696302.0,-0.34043665277076596
United Kingdom,GBR,826,2002,Exports,world_relative,0.5283977336879854,0.8116040034848053,0.9647317410278863,1.0,0.006893903952716529,269944689854.0,5923913766916.5625,5653969077062.5625,5072,5570,0.0,0,0,True,,0.8764491258030382,5072.0,269944689854.0,-0.34805139211505287
United Kingdom,GBR,826,2003,Exports,world_relative,0.5337908412849376,0.8100161766003127,0.9691453748706911,1.0,0.006451785975631061,294541327594.0,6921292294244.205,6626750966650.205,5055,5579,0.0,0,0,True,,0.8688690378154527,5055.0,294541327594.0,-0.33507819653051507
United Kingdom,GBR,826,2004,Exports,world_relative,0.5283286287157262,0.8055912677931982,0.9684257220807393,1.0,0.006363870309922229,334429933291.0,8351471957607.767,8017042024316.767,5071,5577,0.0,0,0,True,,0.8679830139809273,5071.0,334429933291.0,-0.3396543852652011
United Kingdom,GBR,826,2005,Exports,world_relative,0.5328753289083356,0.8016266420779442,0.9792497591931164,1.0,0.007639471446981683,367332842648.0,9463776638949.371,9096443796301.371,5078,5541,0.0,0,0,True,,0.8762056749233347,5078.0,367332901287.0,-0.3433303460149991
United Kingdom,GBR,826,2006,Exports,world_relative,0.5603696250876006,0.8145560046127219,0.9760827377702866,1.0,0.008540582657871342,435427565379.0,11029272427409.55,10593844862030.55,5082,5520,0.0,0,0,True,,0.8880528368468854,5082.0,435427565379.0,-0.32768321175928483
United Kingdom,GBR,826,2007,Exports,world_relative,0.546740486580149,0.8216427771369202,0.9658469194328001,1.0,0.007304154562254264,424760884651.0,12696329386535.996,12271568501884.996,4914,5784,0.0,0,0,True,,0.8692223356490636,4914.0,424760884651.0,-0.32248184906891464
United Kingdom,GBR,826,2008,Exports,world_relative,0.5413177593517837,0.8154457802071433,0.9787577279016039,1.0,0.00980179754544672,441658022394.0,14679230251059.18,14237572228665.18,4919,5668,0.0,0,0,True,,0.8737859922477509,4919.0,441658022394.0,-0.33246823289596716
United Kingdom,GBR,826,2009,Exports,world_relative,0.5989344869853569,0.8407792542299151,0.8887547812801098,1.0,0.007586426292635492,316274820312.0,11155952807789.14,10839677987477.14,4692,5601,0.0,0,0,True,,0.8734685167754628,4692.0,316274820312.0,-0.2745340297901059
United Kingdom,GBR,826,2010,Exports,world_relative,0.5677713457575867,0.8235824588065751,0.9853803364678038,1.0,0.008294598414911314,387018137711.0,13603195025663.61,13216176887952.61,4928,5533,0.0,0,0,True,,0.879610865358186,4928.0,387018137711.0,-0.3118395196005993
United Kingdom,GBR,826,2011,Exports,world_relative,0.5764303837547777,0.8118677350654137,0.9842528193537738,1.0,0.008928871142659327,451451313183.0,16465456215640.959,16014004902457.959,4915,5430,0.0,0,0,True,,0.8808409431471638,4915.0,451451313183.0,-0.30441055939238604
United Kingdom,GBR,826,2012,Exports,world_relative,0.5872845560718016,0.820166109247371,0.9794028277130007,1.0,0.009526113271151816,438775646298.0,16687135437611.117,16248359791313.121,5066,5738,0.0,0,0,True,,0.8893424460276871,5057.0,436166672781.0,-0.30205788995588545
United Kingdom,GBR,826,2013,Exports,world_relative,0.6371961041655984,0.8166866307728611,0.9819896021371505,1.0,0.00863306329199012,516660236750.0,17314636337298.219,16797976100548.219,5057,5728,0.0,0,0,True,,0.9010234802553752,5057.0,516660236750.0,-0.2638273760897768
United Kingdom,GBR,826,2014,Exports,world_relative,0.5920655228749848,0.8096327791349975,0.9923582044546673,1.0,0.00783574591070241,497576918759.0,17180906869482.68,16683329950723.68,5051,5695,0.0,0,0,True,,0.8911397348521664,5051.0,497576918759.0,-0.29907421197718154
United Kingdom,GBR,826,2015,Exports,world_relative,0.6313583798340482,0.8168914568966829,0.9906162237542294,1.0,0.004900846652118604,450419861624.0,14886939159151.531,14436519297527.531,5045,5604,0.0,0,0,True,,0.8934422027620363,5050.0,452727394395.0,-0.26208382292798815
United Kingdom,GBR,826,2016,Exports,world_relative,0.606787909880237,0.8097009670223075,0.9914401660278142,1.0,0.004691431581088037,399408440925.0,14463507424510.889,14064098983585.889,5057,5573,0.0,0,0,True,,0.8882593254865696,5057.0,399408440925.0,-0.2814714156063326
United Kingdom,GBR,826,2017,Exports,world_relative,0.6243487032587915,0.8236831354042591,0.9657396897638331,1.0,0.004878635438207685,417340091153.61,15912918159251.652,15495578068098.04,4704,5687,0.0,0,0,True,,0.8886133174140758,4704.0,417340091153.61,-0.26426461415528424
United Kingdom,GBR,826,2018,Exports,world_relative,0.6212534585498339,0.8341226295493773,0.9893345093836755,1.0,0.006372275536017331,460630240042.518,17639705152038.016,17179074911995.494,4991,5667,0.0,0,0,True,,0.8979425970827799,5131.0,462383517077.689,-0.27668913853294597
United Kingdom,GBR,826,2019,Exports,world_relative,0.6216942479988421,0.8243931144683553,0.9728842552561432,1.0,0.005889484760292072,441790869175.697,17270046559346.42,16828255690170.723,4787,5523,0.0,0,0,True,,0.8951275806640819,5209.0,450442777147.016,-0.27343333266523984
United Kingdom,GBR,826,2020,Exports,world_relative,0.6286828085690402,0.8218186255180847,0.968511072169955,0.9999999999999999,0.00437598283223908,370911813930.443,16099571053208.256,15728659239277.812,4742,5495,0.0,0,0,True,,0.8887560706729081,4742.0,370911813930.443,-0.26007326210386783
United Kingdom,GBR,826,2021,Exports,world_relative,0.6632228346628198,0.8331561983772089,0.973450560636933,0.9999999999999999,0.004657034229579509,432015436477.1011,20230697024887.18,19798681588410.08,4719,5489,0.0,0,0,True,,0.8997723796035515,5085.0,439075097841.53705,-0.23654954494073166
United Kingdom,GBR,826,2022,Exports,world_relative,0.6777706983067703,0.8354962201073963,0.9919839977204359,1.0,0.006029771343280241,518596107641.736,22120815369208.133,21602219261566.4,5315,5839,0.0,0,0,True,,0.914600781484429,5315.0,518596107641.736,-0.23683008317765875
United Kingdom,GBR,826,2023,Exports,world_relative,0.6747331954117661,0.834645906772125,0.9929862603981787,1.0,0.004987981126064797,494424017923.989,21325007050203.67,20830583032279.688,5282,5806,0.0,0,0,True,,0.9107232445101804,5282.0,494424017923.98895,-0.23599004909841426
United Kingdom,GBR,826,2024,Exports,world_relative,0.6740866113039475,0.8361983617254992,0.9937563550267953,0.9999999999999999,0.004608453781603395,494267654806.1271,20562489519169.527,20068221864363.402,5276,5800,0.0,0,0,True,,0.911060005666716,5276.0,494267654806.12695,-0.23697339436276843
United States,USA,842,1991,Exports,world_relative,0.6397189770463132,0.8165559041293987,0.9791215364580591,1.0,0.002751082971296139,407964035594.0,1869438734616.0,1461474699022.0,4983,5035,0.0,0,0,True,,0.835708941636701,4983.0,407964035594.0,-0.19598996459038776
United States,USA,842,1992,Exports,world_relative,0.6189307687284623,0.8207724938712618,0.9838688372300866,1.0,0.0027496268828273696,432603207741.0,2374826502111.0,1942223294370.0,4978,5036,0.0,0,0,True,,0.8350045874594183,4978.0,432603207741.0,-0.216073818730956
United States,USA,842,1993,Exports,world_relative,0.6106561384380285,0.8192722723731996,0.9775277430326081,1.0,0.0028432020049265205,437583265959.0,2718912702757.0,2281329436798.0,4894,5036,0.0,0,0,True,,0.8364675823585375,4980.0,449672656348.0,-0.225811443920509
United States,USA,842,1994,Exports,world_relative,0.5897270268418171,0.8259185022857458,0.9818380800891026,0.9999999999999998,0.0029859662913144518,482172408669.0,3636838351757.0,3154665943088.0,4888,5036,0.0,0,0,True,,0.8365103588731364,4986.0,495661469571.0,-0.2467833320313193
United States,USA,842,1995,Exports,world_relative,0.5778186613370967,0.8306807312357772,0.9807574086953101,1.0,0.0031515867630449402,550567009295.0,4343603232603.0,3793036223308.0,4952,5036,0.0,0,0,True,,0.8371137567154356,4985.0,565264734100.0,-0.25929509537833895
United States,USA,842,1996,Exports,world_relative,0.6069764557021468,0.8156380991411402,0.9596805675893247,1.0,0.00254658911827344,587743667096.0,4650994076708.0,4063250409612.0,4964,5384,0.0,0,0,True,,0.83724444933776,5081.0,603441693385.0,-0.23026799363561323
United States,USA,842,1997,Exports,world_relative,0.5817121227983179,0.8042643261596922,0.9693190607352737,1.0,0.0028018681437058327,651371303839.0,4735993736441.0,4084622432602.0,4905,5377,0.0,0,0,True,,0.8354867074779471,5078.0,666901804820.0,-0.2537745846796292
United States,USA,842,1998,Exports,world_relative,0.5776437790754005,0.8047747900096714,0.9740995209406664,1.0,0.002912858999087454,645204666845.0,4800267515662.0,4155062848817.0,4921,5377,0.0,0,0,True,,0.8380803205413028,5081.0,659600574757.0,-0.2604365414659022
United States,USA,842,1999,Exports,world_relative,0.5744636329725744,0.8031568458485013,0.9744455492110844,1.0,0.003201616810808731,656748108894.0,5131446891996.0,4474698783102.0,4921,5363,0.0,0,0,True,,0.8419943589839061,5083.0,671343538828.0,-0.26753072601133165
United States,USA,842,2000,Exports,world_relative,0.5729704782831215,0.7874569675043372,0.9954056038955745,1.0,0.0035751215027353565,739814668116.0,5817244525651.065,5077429857535.064,5030,5338,0.0,0,0,True,,0.8520641685999442,5059.0,740748348505.0,-0.27909369031682263
United States,USA,842,2001,Exports,world_relative,0.5694528649110759,0.7813767166882032,0.9939526253027736,1.0,0.003319825029084103,687403599211.0,5632048942793.863,4944645343582.863,5014,5274,0.0,0,0,True,,0.8497960022986246,5047.0,688893684045.0,-0.2803431373875487
United States,USA,842,2002,Exports,world_relative,0.5714963909144873,0.7948286525203311,0.9857711142589014,0.9999999725009134,0.0033930572742809483,653258059859.0,5923913766916.5625,5270655707057.562,5096,5569,2.749908666090912e-08,0,0,True,,0.8508548964500253,5154.0,654446298754.0,-0.279358505535538
United States,USA,842,2003,Exports,world_relative,0.568929198548897,0.7937537519585225,0.9865723248165957,0.9999999999999999,0.0034068877336602826,683002255597.0,6921292294244.205,6238290038647.206,5090,5579,0.0,0,0,True,,0.8512052499248659,5154.0,684312829603.0,-0.2822760513759689
United States,USA,842,2004,Exports,world_relative,0.5542053306752222,0.7821344800414894,0.9876445066614954,1.0,0.003325471893592058,725961511832.0,8351471957607.767,7625510445775.767,5089,5577,0.0,0,0,True,,0.8433910585327562,5139.0,727592430071.0,-0.28918572785753405
United States,USA,842,2005,Exports,world_relative,0.5601286446796442,0.7656594962823935,0.9896489942057018,1.0,0.003266215331075143,796856149452.0,9463776638949.371,8666920489497.371,5071,5541,0.0,0,0,True,,0.8435760895897697,5136.0,798752204310.0,-0.2834474449101255
United States,USA,842,2006,Exports,world_relative,0.585528084190516,0.7646035944225592,0.9888873314665492,1.0,0.0033114832315388736,982793672483.0,11029272427409.55,10046478754926.55,5014,5520,0.0,0,0,True,,0.8568133513714291,5138.0,984980473945.0,-0.27128526718091306
United States,USA,842,2007,Exports,world_relative,0.5845195617566997,0.7492794756143751,0.9843572883484834,1.0,0.0028806053435708164,1099403993909.0,12696329386535.996,11596925392626.996,4917,5784,0.0,0,0,True,,0.8546824101196848,4956.0,1102498638378.0,-0.2701628483629851
United States,USA,842,2008,Exports,world_relative,0.5851196342899234,0.7622249678967346,0.9781873656133071,1.0,0.003507006692788286,1230007717061.0,14679230251059.18,13449222533998.178,4693,5668,0.0,0,0,True,,0.8567690508471517,4960.0,1231628470524.0,-0.2716494165572283
United States,USA,842,2009,Exports,world_relative,0.5498591050148196,0.7527333502258983,0.9911300404642729,1.0,0.003284974775095268,922025372755.0,11155952807789.14,10233927435034.14,4915,5601,0.0,0,0,True,,0.8467584263685866,4972.0,924814791655.0,-0.29689932135376695
United States,USA,842,2010,Exports,world_relative,0.5508369737794487,0.758102460982307,0.9790646206933672,1.0,0.0034906212971381268,1131153730305.0,13603195025663.61,12472041295358.61,4687,5533,0.0,0,0,True,,0.8510643942463776,4964.0,1133231322163.0,-0.30022742046692885
United States,USA,842,2011,Exports,world_relative,0.5583659038474468,0.7911895456211113,0.9729882979347628,1.0,0.004173770075125004,1319806732479.0,16465456215640.959,15145649483161.959,4688,5430,0.0,0,0,True,,0.8576620456964159,4959.0,1321915756204.0,-0.29929614184896913
United States,USA,842,2012,Exports,world_relative,0.5421614123061635,0.7866861092407431,0.9726613986333811,1.0,0.004608573943738141,1365205518980.0,16687135437611.117,15321929918631.121,4694,5738,0.0,0,0,True,,0.8607095107703278,5034.0,1367648610182.0,-0.3185480984641642
United States,USA,842,2013,Exports,world_relative,0.5378198308473829,0.7764626753730689,0.973950088661233,0.9999999999999999,0.005022773763393237,1382496722007.0,17314636337298.219,15932139615291.219,4718,5728,0.0,0,0,True,,0.8629076066142367,5038.0,1384619912068.0,-0.32508777576685377
United States,USA,842,2014,Exports,world_relative,0.5231674370972467,0.7557977010999619,0.9737399354645824,1.0,0.005001437409762942,1412734755023.0,17180906869482.68,15768172114459.68,4702,5695,0.0,0,0,True,,0.8559756665144536,4711.0,1412939394084.0,-0.3328082294172069
United States,USA,842,2015,Exports,world_relative,0.5146935670717778,0.7351886741920654,0.9771382940756406,1.0,0.0039006311162101256,1296601719787.0,14886939159151.531,13590337439364.531,4700,5604,0.0,0,0,True,,0.8612328100093134,5036.0,1298029158828.0,-0.3465392429375356
United States,USA,842,2016,Exports,world_relative,0.5122204093748681,0.7231604046210715,0.9980346252546463,1.0,0.003682754832737875,1279708234696.0,14463507424510.889,13183799189814.89,5154,5573,0.0,0,0,True,,0.8587566417708605,5167.0,1289841215471.0,-0.3465362323959924
United States,USA,842,2017,Exports,world_relative,0.5133232785854411,0.7396674624940679,0.9657865247182916,1.0,0.0041178201332389384,1329956061821.0,15912918159251.652,14582962097430.652,4768,5687,0.0,0,0,True,,0.8636672784098529,5257.0,1370777145764.0,-0.3503439998244118
United States,USA,842,2018,Exports,world_relative,0.5060047902081862,0.7652746067510009,0.9690160018056189,1.0,0.005498336786543018,1435986436782.0,17639705152038.016,16203718715256.012,4796,5667,0.0,0,0,True,,0.8691453993228093,5286.0,1475934939074.0,-0.3631406091146231
United States,USA,842,2019,Exports,world_relative,0.48903075201359497,0.7792639822153277,0.9952986423916919,1.0,0.00587237513129222,1468656007258.0,17270046559346.42,15801390552088.418,5273,5523,0.0,0,0,True,,0.8724996605223407,5263.0,1457897817643.0,-0.38346890850874576
United States,USA,842,2020,Exports,world_relative,0.5078104440056953,0.7679910202855305,0.9687042360813879,0.9999999834811537,0.004827316313835511,1267400855671.0,16099571053208.256,14832170197537.254,4789,5494,1.6518846351035366e-08,0,0,True,,0.8705051237379031,4789.0,1267401006020.0,-0.3626946797322078
United States,USA,842,2021,Exports,world_relative,0.5035193686908427,0.7762515084364089,0.9724414221032904,1.0,0.00552970720010334,1565693059602.0,20230697024887.18,18665003965285.18,4775,5489,0.0,0,0,True,,0.8823124272250664,5242.0,1586740463208.0,-0.37879305853422374
United States,USA,842,2022,Exports,world_relative,0.5009303840474633,0.8041977854791359,0.9975607587708517,1.0,0.007343500363493287,1905342892488.0,22120815369208.133,20215472476720.133,5521,5839,0.0,0,0,True,,0.8877555743354479,5521.0,1905342892488.0,-0.3868251902879847
United States,USA,842,2023,Exports,world_relative,0.48683989654313653,0.8037307318813077,0.9988414896991173,1.0,0.0066622431314044325,1823162611415.0,21325007050203.67,19501844438788.67,5513,5806,0.0,0,0,True,,0.8868475255187789,5513.0,1823162611415.0,-0.40000762897564235
United States,USA,842,2024,Exports,world_relative,0.5001783025573636,0.8055209277279904,0.998342528914803,1.0,0.006061075287887791,1861265103937.0,20562489519169.527,18701224415232.527,5517,5800,0.0,0,0,True,,0.8880914462857219,5517.0,1861265103937.0,-0.3879131437283583
Zimbabwe,ZWE,716,1995,Exports,world_relative,0.9633400786267308,0.9507611535002914,0.7626941962749041,1.0,0.0006665236913997197,1845422543.0,4343603232603.0,4341757810060.0,2839,5036,0.0,0,0,True,,0.95688590412483,2839.0,1845422543.0,0.006454174501900778
Zimbabwe,ZWE,716,2000,Exports,world_relative,0.9663585513146196,0.9276602805442494,0.7348505096902402,1.0000000000000002,0.0006405286386104866,1594750679.87,5817244525651.065,5815649774971.195,2899,5338,0.0,0,0,True,,0.954872103021631,2899.0,1594750679.87,0.011486448292988616
Zimbabwe,ZWE,716,2001,Exports,world_relative,0.9953267788874939,0.9906442765611481,0.5951348564570458,1.0000000000000002,0.0005770043203575604,1102458484.07,5632048942793.863,5630946484309.793,1430,5274,0.0,0,0,True,,0.9897110492558144,1430.0,1102458484.07,0.005615729631679445
Zimbabwe,ZWE,716,2002,Exports,world_relative,0.9737481806666283,0.9424660135703938,0.7458033437564341,0.9999999999999999,0.0006300149000928503,2142578951.275,5923913766916.5625,5921771187965.287,2830,5570,0.0,0,0,True,,0.964753896650949,2830.0,2142578951.275,0.008994284015679255
Zimbabwe,ZWE,716,2003,Exports,world_relative,0.9721738688039443,0.9380881605186684,0.6939078284906872,0.9999999999999999,0.0006531020660509779,1506816169.098,6921292294244.205,6919785478075.107,2477,5579,0.0,0,0,True,,0.9602976523175052,2477.0,1506816169.0979998,0.011876216486439106
Zimbabwe,ZWE,716,2004,Exports,world_relative,0.9780904741439854,0.9614999394772394,0.6826507197415134,1.0,0.000575590026393608,2711482411.3459997,8351471957607.767,8348760475196.421,2289,5577,0.0,0,0,True,,0.9611786776052906,2289.0,2711482411.346,0.01691179653869479
Zimbabwe,ZWE,716,2005,Exports,world_relative,0.9834329724631272,0.9718258151493337,0.6147003213736246,1.0,0.0005675995977454861,1878268248.361,9463776638949.371,9461898370701.01,1918,5541,0.0,0,0,True,,0.9674374315844588,1918.0,1878268248.361,0.01599554087866839
Zimbabwe,ZWE,716,2006,Exports,world_relative,0.9911015608826764,0.9824411519603454,0.6078695428767992,1.0,0.0006570064659864995,5773676470.191999,11029272427409.55,11023498750939.36,1957,5520,0.0,0,0,True,,0.9869465738567708,1957.0,5773676470.192,0.004154987025905665
Zimbabwe,ZWE,716,2007,Exports,world_relative,0.9771720895442229,0.956056792361612,0.6204064110240557,1.0,0.0012109029364642668,2640950132.182,12696329386535.996,12693688436403.812,1876,5784,0.0,0,0,True,,0.972023906106779,1876.0,2640950132.182,0.005148183437443832
Zimbabwe,ZWE,716,2008,Exports,world_relative,0.9876001663920889,0.9549398200159445,0.5285528405608292,1.0,0.0005977634625110806,1166271396.9359999,14679230251059.18,14678063979662.242,1567,5668,0.0,0,0,True,,0.971946908890444,1567.0,1166271396.936,0.015653257501644924
Zimbabwe,ZWE,716,2009,Exports,world_relative,0.9868297636067591,0.9597535761093976,0.5909468571591694,0.9999999999999999,0.0006103199229562282,1795126716.7549999,11155952807789.14,11154157681072.387,1433,5601,0.0,0,0,True,,0.973062037547062,1433.0,1795126716.755,0.013767726059697116
Zimbabwe,ZWE,716,2010,Exports,world_relative,0.9894834343916664,0.9811157077664512,0.5541663686752467,1.0,0.0006957739992338519,2640538603.008,13603195025663.61,13600554487060.602,1507,5533,0.0,0,0,True,,0.9796745104792242,1507.0,2640538603.0080004,0.009808923912442258
Zimbabwe,ZWE,716,2011,Exports,world_relative,0.9904258883484603,0.9856815254575152,0.6252002451848782,1.0000000000000002,0.0007594824560289375,3121194291.0599995,16465456215640.959,16462335021349.898,1499,5430,0.0,0,0,True,,0.981050060616656,1499.0,3121194291.06,0.009375827731804343
Zimbabwe,ZWE,716,2012,Exports,world_relative,0.9915383475479165,0.9875682849030057,0.5306286328066667,1.0,0.0008965729674398037,3982030974.01,16687135437611.117,16683153406637.11,1520,5738,0.0,0,0,True,,0.9830946603842836,1520.0,3982030974.01,0.008443687163632863
Zimbabwe,ZWE,716,2013,Exports,world_relative,0.9881831168339205,0.9826367236037973,0.5956389336786576,0.9999999999999999,0.0013737625182713197,3898876468.3000007,17314636337298.219,17310737460829.918,1643,5728,0.0,0,0,True,,0.9820020332068992,1643.0,3898876468.3,0.0061810836270213
Zimbabwe,ZWE,716,2014,Exports,world_relative,0.9899313557476366,0.9830819279161731,0.6737993255639743,0.9999999999999999,0.0010145205516688973,3871210904.1800003,17180906869482.68,17177035658578.498,1626,5695,0.0,0,0,True,,0.9834566909405652,1626.0,3871210904.18,0.006474664807071373
Zimbabwe,ZWE,716,2015,Exports,world_relative,0.9888975096967981,0.9859091694992136,0.6408396592140927,1.0000000000000002,0.001480276665593844,3409168191.5999994,14886939159151.531,14883529990959.934,1633,5604,0.0,0,0,True,,0.9837165366989498,1633.0,3409168191.5999994,0.005180972997848365
Zimbabwe,ZWE,716,2016,Exports,world_relative,0.9917932322373886,0.9889018786346163,0.6500431599062546,1.0,0.001390895338150331,3339143040.9700003,14463507424510.889,14460168281469.922,1473,5573,0.0,0,0,True,,0.9851388288448936,1473.0,3339143040.9700003,0.006654403392495012
Zimbabwe,ZWE,716,2017,Exports,world_relative,0.9921828883782666,0.9905646832365427,0.5794986285597078,1.0,0.0013637114051204314,3479646768.14,15912918159251.652,15909438512483.512,1375,5687,0.0,0,0,True,,0.9844887409703706,1375.0,3479646768.1399994,0.007694147407895979
Zimbabwe,ZWE,716,2018,Exports,world_relative,0.9918789126077733,0.9911877111791222,0.5370440145508342,0.9999999999999999,0.0016533694178773788,4028020544.71,17639705152038.016,17635677131493.3,1395,5667,0.0,0,0,True,,0.9854053464852356,1395.0,4028020544.71,0.006473566122537688
Zimbabwe,ZWE,716,2019,Exports,world_relative,0.9911603551464673,0.9895486584929244,0.552585311519774,1.0000000000000002,0.0016411713377789414,4277771247.249999,17270046559346.42,17265768788099.168,1431,5523,0.0,0,0,True,,0.9857367727054888,1431.0,4277771247.25,0.005423582440978514
Zimbabwe,ZWE,716,2020,Exports,world_relative,0.9927086806211111,0.9903332278939743,0.5333137116931668,1.0000000000000002,0.001441260136392407,4392997266.999,16099571053208.256,16095178055941.258,1240,5495,0.0,0,0,True,,0.9862471914817136,1240.0,4392997266.999,0.0064614891393974805
Zimbabwe,ZWE,716,2021,Exports,world_relative,0.993448793200119,0.9917061416562869,0.5112136159875347,1.0,0.0017013093409390732,6034892288.650999,20230697024887.18,20224662132598.53,1265,5489,0.0,0,0,True,,0.9888110841952896,1265.0,6034892288.651001,0.0046377090048294045
Zimbabwe,ZWE,716,2022,Exports,world_relative,0.9923771419626773,0.991130331786267,0.46934730288053494,0.9999999999999998,0.0021867440992649066,6584995526.425001,22120815369208.133,22114230373681.71,1261,5839,0.0,0,0,True,,0.9886749304885004,1261.0,6584995526.425,0.0037022114741769307
Zimbabwe,ZWE,716,2023,Exports,world_relative,0.9922527154920675,0.9904769332358596,0.5023768039715855,1.0,0.0019734825619587885,7213275601.73,21325007050203.67,21317793774601.945,1241,5806,0.0,0,0,True,,0.9885853036498604,1241.0,7213275601.73,0.003667411842207091
Zimbabwe,ZWE,716,2024,Exports,world_relative,0.9913943567623769,0.9906999473409663,0.5546478611170921,1.0,0.002620798256681894,7422001438.788,20562489519169.527,20555067517730.74,1335,5800,0.0,0,0,True,,0.9890305718525154,1335.0,7422001438.788001,0.002363784909861444
