country,iso3,reporter_code,year,flow,world_relative_product_gini,world_weighted_share_gini,world_weighted_product_coverage,active_product_gini,world_relative_minus_active_product_gini,zero_weight_country_export_share,missing_benchmark_product_count
Armenia,ARM,51,1997,Exports,0.9743831138325941,0.9800463910402917,0.38142389376893654,0.923405118182484,0.050977995650110075,0.0,0
Armenia,ARM,51,1999,Exports,0.974754110931767,0.982630611063571,0.42009082834696554,0.9537517029146574,0.02100240801710962,0.0,0
Armenia,ARM,51,2000,Exports,0.9792974333648831,0.9851344746128118,0.39477638998468634,0.9529700772848746,0.02632735608000847,0.0,0
Armenia,ARM,51,2001,Exports,0.9687686994327865,0.9639129961943199,0.5282472039433925,0.9499557595592074,0.018812939873579126,0.0,0
Armenia,ARM,51,2002,Exports,0.9786950042947516,0.9850273755985791,0.4779134877177845,0.9637314297820264,0.01496357451272523,0.0,0
Armenia,ARM,51,2003,Exports,0.9792058072946891,0.9854609758470888,0.486287670797957,0.9692069850883872,0.009998822206301883,0.0,0
Armenia,ARM,51,2004,Exports,0.9790995334225241,0.9825596918013174,0.5091334880326948,0.9681732732156428,0.010926260206881255,0.0,0
Armenia,ARM,51,2005,Exports,0.9823286360076149,0.9840684441851651,0.4920589461041468,0.9774498435659478,0.0048787924416671125,0.0,0
Armenia,ARM,51,2006,Exports,0.980212745298839,0.9799241105690882,0.5295858482408884,0.9749447735724122,0.00526797172642679,0.0,0
Armenia,ARM,51,2007,Exports,0.9793159456905667,0.9742608735850653,0.514024372813829,0.9722111555083934,0.007104790182173248,0.0,0
Armenia,ARM,51,2008,Exports,0.9803856682659686,0.9754633442659623,0.45921632652268884,0.9668297909914656,0.013555877274503025,0.0,0
Armenia,ARM,51,2009,Exports,0.9764162290150796,0.9659443205344009,0.4942591328940027,0.9646024873959892,0.011813741619090434,0.0,0
Armenia,ARM,51,2010,Exports,0.9784835332647289,0.972730008520823,0.49590490684339666,0.97298273923323,0.005500794031498946,0.0,0
Armenia,ARM,51,2011,Exports,0.9754359668485453,0.9690685604496603,0.5238862112357769,0.9740109873842104,0.0014249794643348412,0.0,0
Armenia,ARM,51,2012,Exports,0.9745752293119053,0.9684166825234685,0.5328340966795885,0.9704818470613976,0.0040933822505077044,0.0,0
Armenia,ARM,51,2013,Exports,0.9746440614806776,0.9692058401624309,0.5257602245451096,0.96977348556208,0.0048705759185976305,0.0,0
Armenia,ARM,51,2014,Exports,0.9760549151842053,0.9702108039660747,0.5305730210294696,0.9694917089645458,0.006563206219659445,0.0,0
Armenia,ARM,51,2015,Exports,0.9708748277313498,0.9687930091911139,0.6688822537742543,0.968510516319426,0.002364311411923836,0.0,0
Armenia,ARM,51,2016,Exports,0.9707403832037989,0.9688436883042827,0.637505082589298,0.9724582273455472,-0.0017178441417483592,0.0,0
Armenia,ARM,51,2017,Exports,0.9695249953613282,0.971363627409307,0.7026278764378817,0.9756791161396654,-0.006154120778337213,0.0,0
Armenia,ARM,51,2018,Exports,0.9615787617154359,0.9642954694502269,0.6595064018717718,0.9692979306880214,-0.007719168972585511,0.0,0
Armenia,ARM,51,2019,Exports,0.964475459138045,0.9635557843553731,0.6997494800163058,0.9697292624563874,-0.005253803318342354,0.0,0
Armenia,ARM,51,2020,Exports,0.9658708732197411,0.9688769654925865,0.7011805738685732,0.9698687167782484,-0.003997843558507297,0.0,0
Armenia,ARM,51,2021,Exports,0.963476711555632,0.9704848261975483,0.689200654071887,0.965970727617792,-0.0024940160621600427,0.0,0
Armenia,ARM,51,2022,Exports,0.8968437403431653,0.9196418503577223,0.7577676499319193,0.9527947119810148,-0.05595097163784957,0.0,0
Armenia,ARM,51,2023,Exports,0.8950188325609939,0.9440833430264863,0.7820569371551391,0.9628770249689982,-0.06785819240800428,0.0,0
Armenia,ARM,51,2024,Exports,0.9381745538388941,0.9719915484885554,0.793235258241251,0.9780411865320212,-0.03986663269312707,0.0,0
Australia,AUS,36,1988,Exports,0.9615754627160259,0.8515694617983419,0.9585958112470878,0.9549362447769756,0.0066392179390503125,0.0002842727346848902,0
Australia,AUS,36,1989,Exports,0.9173434959589581,0.9148958697479915,0.9416106834627712,0.9556016495738292,-0.03825815361487106,0.0,0
Australia,AUS,36,1990,Exports,0.8963905700085962,0.8964921700916062,0.9524559820463379,0.9523820454749664,-0.05599147546637018,0.0,0
Australia,AUS,36,1991,Exports,0.883248338902392,0.8950030431178719,0.9617614158420961,0.9493633451746172,-0.06611500627222522,6.435464058760065e-05,0
Australia,AUS,36,1992,Exports,0.8759629977775782,0.8947780454111985,0.9710054182844758,0.9466302999388404,-0.07066730216126216,0.0,0
Australia,AUS,36,1993,Exports,0.8679767651141167,0.8837224473161823,0.9740166325668209,0.9419506756465212,-0.07397391053240454,0.0,0
Australia,AUS,36,1994,Exports,0.8648086330652182,0.8825539460191305,0.9681947559559454,0.9370527878872476,-0.0722441548220294,0.0,0
Australia,AUS,36,1995,Exports,0.8568919143402451,0.8811605873009289,0.9589852491060074,0.9336754985578744,-0.07678358421762921,0.0,0
Australia,AUS,36,1996,Exports,0.8529187574140226,0.8806005510416729,0.9520618818511833,0.9337220003420728,-0.08080324292805019,0.0,0
Australia,AUS,36,1997,Exports,0.8555631596287876,0.8830268308115957,0.9679514085054749,0.9370023567170302,-0.08143919708824265,0.0,0
Australia,AUS,36,1998,Exports,0.8606951301240372,0.8765000326298908,0.9688462801094988,0.9390982482686056,-0.07840311814456835,0.0,0
Australia,AUS,36,1999,Exports,0.8500129240508736,0.8652272356642587,0.9729054974729574,0.9361267046774716,-0.08611378062659802,0.0,0
Australia,AUS,36,2000,Exports,0.8407004416132569,0.8822233293669136,0.9809824211515283,0.9442757406910944,-0.10357529907783758,0.0,0
Australia,AUS,36,2001,Exports,0.8431530323818869,0.8719743148426277,0.9772752080677234,0.9457112145605876,-0.10255818217870072,0.0,0
Australia,AUS,36,2002,Exports,0.8449814331475932,0.8771629471380127,0.9745961334646324,0.9450810114510216,-0.10009957830342842,0.0,0
Australia,AUS,36,2003,Exports,0.8376452548308986,0.8732731529560169,0.9685460119018461,0.9422935624270056,-0.104648307596107,0.0,0
Australia,AUS,36,2004,Exports,0.8530213995532743,0.8756329227756926,0.9614026325675569,0.9470978148471708,-0.09407641529389654,0.0,0
Australia,AUS,36,2005,Exports,0.8567882055032282,0.8735943819485014,0.9618059713858144,0.9532116040594492,-0.09642339855622095,0.0,0
Australia,AUS,36,2006,Exports,0.86938715022946,0.8664197400440816,0.9633392443275609,0.9584472753829214,-0.0890601251534614,0.0,0
Australia,AUS,36,2007,Exports,0.8666004812166082,0.8780400874364152,0.9565864894513105,0.9567804135278316,-0.09017993231122345,0.0,0
Australia,AUS,36,2008,Exports,0.8838601241449994,0.8735395495457604,0.9622432673198711,0.9663749170271244,-0.08251479288212504,0.0,0
Australia,AUS,36,2009,Exports,0.8918600140608528,0.8965471650514347,0.9698051986055704,0.9651670995131774,-0.07330708545232456,0.0,0
Australia,AUS,36,2010,Exports,0.8974605861980414,0.8972176594216127,0.9675404742644762,0.9705495253864508,-0.07308893918840942,0.0,0
Australia,AUS,36,2011,Exports,0.9004139259252911,0.8903598278010563,0.9644865028473375,0.973327201158849,-0.07291327523355784,0.0,0
Australia,AUS,36,2012,Exports,0.891941127299482,0.8772182491990372,0.9596649039929179,0.9719261511340338,-0.07998502383455175,0.0,0
Australia,AUS,36,2013,Exports,0.8980383976042963,0.8761701447209425,0.9656739394276623,0.9734982287212232,-0.07545983111692689,0.0,0
Australia,AUS,36,2014,Exports,0.8978469812019026,0.8855208981525293,0.9645023988678282,0.9727823749696112,-0.07493539376770852,0.0,0
Australia,AUS,36,2015,Exports,0.9056909978138592,0.8990572974380048,0.9713934090975866,0.9686859924931426,-0.06299499467928338,0.0,0
Australia,AUS,36,2016,Exports,0.9067621744957896,0.903202698202315,0.9711781558831072,0.9689153121273724,-0.06215313763158281,0.0,0
Australia,AUS,36,2017,Exports,0.9175456019671007,0.9216736085218246,0.9674478125853728,0.973678765775251,-0.056133163808150366,0.0,0
Australia,AUS,36,2018,Exports,0.9184272098966784,0.9137591999536941,0.9695506671949897,0.9746331696513748,-0.056205959754696444,0.0,0
Australia,AUS,36,2019,Exports,0.9207055659337549,0.9195544063531244,0.9734898024388419,0.977021029135734,-0.05631546320197911,0.0,0
Australia,AUS,36,2020,Exports,0.9246278971365048,0.9246306900360333,0.9735878153632748,0.976318707342304,-0.05169081020579913,0.0,0
Australia,AUS,36,2021,Exports,0.9302951288806611,0.9340595049773537,0.9686673586895488,0.9805530499146662,-0.05025792103400506,0.0,0
Australia,AUS,36,2022,Exports,0.9365310868549852,0.9280811410325904,0.9579994170104958,0.9828155410581444,-0.04628445420315919,0.0,0
Australia,AUS,36,2023,Exports,0.9305340764882329,0.9240909862363498,0.9671924267233271,0.9811318405358664,-0.0505977640476335,0.0,0
Australia,AUS,36,2024,Exports,0.9222614041351116,0.9201639780855044,0.977149532536361,0.9785524890304804,-0.056291084895368826,0.0,0
Austria,AUT,40,1994,Exports,0.7122230428460611,0.757260007085741,0.9720504479309957,0.8549305544335015,-0.14270751158744044,0.0,0
Austria,AUT,40,1995,Exports,0.7130179146989613,0.7585041752457713,0.9485301748766719,0.8512634055103583,-0.13824549081139703,0.0,0
Austria,AUT,40,1996,Exports,0.7129948009512784,0.7910997886421455,0.9159963215459503,0.8538100436391978,-0.14081524268791934,0.0,0
Austria,AUT,40,1997,Exports,0.6930975415110041,0.7673360912725368,0.9317484916422757,0.8522317901231793,-0.15913424861217518,0.0,0
Austria,AUT,40,1998,Exports,0.6923419556834993,0.7561722621264649,0.9364794265621437,0.8577207825819229,-0.16537882689842354,0.0,0
Austria,AUT,40,1999,Exports,0.7054304366089975,0.7773252232313751,0.9250046477758617,0.8650225959976097,-0.15959215938861215,0.0,0
Austria,AUT,40,2000,Exports,0.7091842797902653,0.7389111100060518,0.9310145119933866,0.8693647084191058,-0.16018042862884052,0.0,0
Austria,AUT,40,2001,Exports,0.6963915888241529,0.7319504030662461,0.9384223300869686,0.8692959786100241,-0.1729043897858712,0.0,0
Austria,AUT,40,2002,Exports,0.6952267348953053,0.7419819466116283,0.8856210059739665,0.8727044175654421,-0.17747768267013686,0.0,0
Austria,AUT,40,2003,Exports,0.6856357910715764,0.7387596394898839,0.9080188588628235,0.8713257020333296,-0.18568991096175325,0.0,0
Austria,AUT,40,2004,Exports,0.6818042610421136,0.7838268066572495,0.9118274437529934,0.8767326108949487,-0.19492834985283514,0.0,0
Austria,AUT,40,2005,Exports,0.6851401935997341,0.7751313211580071,0.894003005400428,0.8759481980762056,-0.1908080044764715,0.0,0
Austria,AUT,40,2006,Exports,0.6979474974829755,0.7708777089219716,0.8886114725836155,0.8784506582480296,-0.18050316076505413,0.0,0
Austria,AUT,40,2007,Exports,0.685128153842557,0.7606726148177604,0.8965115970756017,0.8680002288481115,-0.18287207500555447,0.0,0
Austria,AUT,40,2008,Exports,0.6889786635941589,0.7527322661920897,0.8824086538631467,0.8652417662947209,-0.176263102700562,0.0,0
Austria,AUT,40,2009,Exports,0.688278329001666,0.7658367824733033,0.9085545558696548,0.8639301679134017,-0.17565183891173575,0.0,0
Austria,AUT,40,2010,Exports,0.6993470370829878,0.760387359305878,0.8995359130939196,0.8699092151806769,-0.17056217809768903,0.0,0
Austria,AUT,40,2011,Exports,0.6999701557797265,0.7618311128695145,0.8729226199985165,0.8683080873268225,-0.16833793154709598,0.0,0
Austria,AUT,40,2012,Exports,0.706577906684203,0.743977129508991,0.8860598001491138,0.8706063363622958,-0.16402842967809284,0.0,0
Austria,AUT,40,2013,Exports,0.7044108447251006,0.7431815416886874,0.894987520524255,0.8706481924242804,-0.16623734769917975,0.0,0
Austria,AUT,40,2014,Exports,0.6981017298745282,0.7453419957801077,0.893189174675393,0.8689036005193138,-0.17080187064478558,0.0,0
Austria,AUT,40,2015,Exports,0.6863741088754931,0.7438804249315423,0.9752248079635939,0.86906755071983,-0.1826934418443369,0.0,0
Austria,AUT,40,2016,Exports,0.6819566811864489,0.7367142799330567,0.9307069431572326,0.8681670908917225,-0.18621040970527358,0.0,0
Austria,AUT,40,2017,Exports,0.6895156425202372,0.7344466453346017,0.9305728111450358,0.8707368134742315,-0.18122117095399426,0.0,0
Austria,AUT,40,2018,Exports,0.6912282629345498,0.7457534133940193,0.9123255596173757,0.8727023289911009,-0.18147406605655114,0.0,0
Austria,AUT,40,2019,Exports,0.6931493993890007,0.753587852465885,0.9120283812934559,0.8734776688550714,-0.18032826946607072,0.0,0
Austria,AUT,40,2020,Exports,0.6868328108524573,0.7494936353723819,0.9282652729974975,0.8733930957165648,-0.18656028486410747,0.0,0
Austria,AUT,40,2021,Exports,0.6949139883797351,0.7412355283179789,0.9206078122098302,0.8751659374833192,-0.1802519491035841,0.0,0
Austria,AUT,40,2022,Exports,0.7066727131719086,0.749274509115306,0.9050036291874312,0.8778472980357475,-0.17117458486383885,0.0,0
Austria,AUT,40,2023,Exports,0.7007042454987245,0.7571752995148661,0.9161333866766984,0.8835344621409909,-0.1828302166422664,0.0,0
Austria,AUT,40,2024,Exports,0.6899687777694637,0.7672245212787513,0.9332518461723807,0.8815677137703399,-0.19159893600087619,0.0,0
Azerbaijan,AZE,31,1996,Exports,0.9867881814742737,0.9936210186069603,0.2616657603406584,0.9568558426725629,0.029932338801710867,0.0,0
Azerbaijan,AZE,31,1997,Exports,0.9791674472014394,0.9830839007330424,0.2907784948958006,0.9628912962321255,0.016276150969313896,0.0,0
Azerbaijan,AZE,31,1998,Exports,0.970062003220117,0.9697057375654057,0.37689286368375496,0.9667119154293812,0.0033500877907358673,0.0,0
Azerbaijan,AZE,31,1999,Exports,0.9582759965589365,0.9642655151306464,0.4921095048571502,0.9805014533666336,-0.022225456807697164,0.0,0
Azerbaijan,AZE,31,2000,Exports,0.9157256956990514,0.9325985252389106,0.5567227496339158,0.989967272941044,-0.07424157724199265,0.0,0
Azerbaijan,AZE,31,2001,Exports,0.9312503289362826,0.943936049126596,0.5179845849931113,0.9924213060634196,-0.06117097712713704,0.0,0
Azerbaijan,AZE,31,2002,Exports,0.9499393527579417,0.9503801194110278,0.49196460679944487,0.9907288927570692,-0.04078953999912749,0.0,0
Azerbaijan,AZE,31,2003,Exports,0.9450961446710985,0.9480124868246016,0.46562130488814935,0.990347870368178,-0.04525172569707947,0.0,0
Azerbaijan,AZE,31,2004,Exports,0.9228800301629789,0.9415054482870011,0.5194502554829143,0.9907080680765707,-0.06782803791359182,0.0,0
Azerbaijan,AZE,31,2005,Exports,0.9110400061509586,0.922062560649247,0.5378698036096337,0.989983213096328,-0.07894320694536938,0.0,0
Azerbaijan,AZE,31,2006,Exports,0.8882906481167122,0.9156728197590835,0.5581469840549086,0.9910587960272336,-0.10276814791052136,0.0,0
Azerbaijan,AZE,31,2007,Exports,0.897044424719517,0.9189416018922528,0.5612711243701001,0.989242731233275,-0.09219830651375804,0.0,0
Azerbaijan,AZE,31,2008,Exports,0.9067734115376382,0.9149007943633651,0.5616906648166405,0.9972822836719656,-0.09050887213432735,0.0,0
Azerbaijan,AZE,31,2009,Exports,0.9206640547009096,0.9344567404876232,0.5505280209353365,0.9950772855102396,-0.07441323080932993,0.0,0
Azerbaijan,AZE,31,2010,Exports,0.9150302462062269,0.9273887553616239,0.5404700786540662,0.9959007131077884,-0.08087046690156152,0.0,0
Azerbaijan,AZE,31,2011,Exports,0.9012419151357265,0.9151198361380268,0.545792868232705,0.996169412341412,-0.0949274972056855,0.0,0
Azerbaijan,AZE,31,2012,Exports,0.900888810026125,0.9158370817130772,0.5369159606986131,0.9953332535569688,-0.0944444435308438,0.0,0
Azerbaijan,AZE,31,2013,Exports,0.9003048279615473,0.9146227797153444,0.5930582751008289,0.9953099823239836,-0.09500515436243628,0.0,0
Azerbaijan,AZE,31,2014,Exports,0.9140575384594773,0.926357820107287,0.5661613132769798,0.9952539196560888,-0.08119638119661143,0.0,0
Azerbaijan,AZE,31,2015,Exports,0.9383345727527589,0.9521659140038019,0.5775856855041365,0.9939049934359638,-0.055570420683204946,0.0,0
Azerbaijan,AZE,31,2016,Exports,0.9510435718434159,0.9608105071400994,0.6897690597027404,0.995354264030662,-0.04431069218724604,0.0,0
Azerbaijan,AZE,31,2017,Exports,0.9513561113699757,0.9619780954404669,0.6876539122166074,0.9951320514245734,-0.04377594005459773,0.0,0
Azerbaijan,AZE,31,2018,Exports,0.9314356396731936,0.9432876461878977,0.7015358080747169,0.9954952372212816,-0.06405959754808799,0.0,0
Azerbaijan,AZE,31,2019,Exports,0.9354702619093462,0.9444281002072935,0.6812656259928067,0.9954523052849756,-0.0599820433756294,0.0,0
Azerbaijan,AZE,31,2020,Exports,0.9505164188124925,0.9585822158272008,0.6919556232616827,0.9939327502294404,-0.043416331416947895,0.0,0
Azerbaijan,AZE,31,2021,Exports,0.9426893939095038,0.9501359222540331,0.7212933435350031,0.99490680016735,-0.05221740625784621,0.0,0
Azerbaijan,AZE,31,2022,Exports,0.9353037312466517,0.9329670955091234,0.716763913803562,0.995624866200991,-0.06032113495433933,0.0,0
Azerbaijan,AZE,31,2023,Exports,0.9497626709050097,0.9447412785327014,0.7404402495406358,0.9947556804845484,-0.04499300957953878,0.0,0
Azerbaijan,AZE,31,2024,Exports,0.9503300879252802,0.9538003800834499,0.739136474656628,0.993710369902614,-0.04338028197733379,0.0,0
Belgium,BEL,56,1999,Exports,0.6492537909670747,0.8459919859466353,0.9707573731408206,0.8494608010134812,-0.2002070100464065,0.0,0
Belgium,BEL,56,2000,Exports,0.6495357221396566,0.8310319386588169,0.9689253662364615,0.8565949429795434,-0.20705922083988682,0.0,0
Belgium,BEL,56,2001,Exports,0.6418040139703558,0.8512782080632081,0.9791960092850733,0.8579802396267093,-0.21617622565635353,0.0,0
Belgium,BEL,56,2002,Exports,0.6571841308936589,0.8490228313004835,0.9754654684594573,0.8684470041270558,-0.21126287323339688,0.0,0
Belgium,BEL,56,2003,Exports,0.6447283767450755,0.8430583639446293,0.9787540212939814,0.8681808353349221,-0.22345245858984653,0.0,0
Belgium,BEL,56,2004,Exports,0.6431122975057209,0.8400173955109506,0.9796107453765533,0.86790266511852,-0.22479036761279914,0.0,0
Belgium,BEL,56,2005,Exports,0.6466391057766925,0.8331299379520574,0.9836384209700384,0.8725428078725745,-0.22590370209588206,0.0,0
Belgium,BEL,56,2006,Exports,0.6542613829514097,0.8313305120310223,0.9773595694244809,0.8739676954857036,-0.21970631253429396,0.0,0
Belgium,BEL,56,2007,Exports,0.650354984331001,0.8404795066659297,0.9708685612788812,0.8683263118533089,-0.21797132752230786,0.0,0
Belgium,BEL,56,2008,Exports,0.6405338102351026,0.8319082708930372,0.9908301453695398,0.8646039599271615,-0.22407014969205896,0.0,0
Belgium,BEL,56,2009,Exports,0.6458765878456606,0.8552784242642728,0.9905953277283972,0.8662638049852793,-0.22038721713961873,0.0,0
Belgium,BEL,56,2010,Exports,0.6886045817646139,0.8472096896811512,0.9926337454283671,0.8723554036268384,-0.18375082186222447,0.0,0
Belgium,BEL,56,2011,Exports,0.6843676035074705,0.861228162991718,0.9944397748702848,0.8779562917628772,-0.19358868825540665,0.0,0
Belgium,BEL,56,2012,Exports,0.6917752757369574,0.8575177274357749,0.9872371026678243,0.8825684696619907,-0.19079319392503324,0.0,0
Belgium,BEL,56,2013,Exports,0.6968963875248533,0.8645901651918986,0.9703651222104243,0.8850243392366155,-0.18812795171176222,0.0,0
Belgium,BEL,56,2014,Exports,0.6980742513393596,0.8551963975646502,0.9728616281312643,0.8846180184806194,-0.18654376714125975,0.0,0
Belgium,BEL,56,2015,Exports,0.689095516402772,0.8348339720882378,0.9719612429317577,0.87977772394302,-0.190682207540248,0.0,0
Belgium,BEL,56,2016,Exports,0.6944256604325274,0.8340808616467007,0.9710557534218947,0.8855497519306912,-0.19112409149816378,0.0,0
Belgium,BEL,56,2017,Exports,0.697387815567393,0.8412940955793967,0.974552985543168,0.8878627191932977,-0.1904749036259047,0.0,0
Belgium,BEL,56,2018,Exports,0.7035901142075405,0.844677807664246,0.9860116632968626,0.8903230207684991,-0.18673290656095864,0.0,0
Belgium,BEL,56,2019,Exports,0.694120176629365,0.8414273291349672,0.9965150653907768,0.8913214365950983,-0.19720125996573334,0.0,0
Belgium,BEL,56,2020,Exports,0.6956546624234843,0.8459257131550763,0.995796879849235,0.8905630840447962,-0.19490842162131194,0.0,0
Belgium,BEL,56,2021,Exports,0.7105985295498997,0.850550895818254,0.9972878443745581,0.8990997870054844,-0.18850125745558477,0.0,0
Belgium,BEL,56,2022,Exports,0.722487139362476,0.8809145928405453,0.9961077395491902,0.9134689699156316,-0.19098183055315565,0.0,0
Belgium,BEL,56,2023,Exports,0.691663685216508,0.8565595738706077,0.9966131843637459,0.90394521082197,-0.21228152560546198,0.0,0
Belgium,BEL,56,2024,Exports,0.6794289330855289,0.8536801609464083,0.9976080866396322,0.8995614438273105,-0.22013251074178164,0.0,0
Botswana,BWA,72,2000,Exports,0.9934811998259017,0.9648900526273566,0.7776688181015734,0.9946173163919436,-0.0011361165660419559,0.0,0
Botswana,BWA,72,2001,Exports,0.994763531438516,0.9678328456751862,0.7768412166709548,0.9953029082112216,-0.0005393767727055465,0.0,0
Botswana,BWA,72,2002,Exports,0.9924262735932682,0.9616854298367471,0.7299349541774043,0.9919078436736756,0.0005184299195926112,0.0,0
Botswana,BWA,72,2003,Exports,0.9927478383803756,0.9931907837996801,0.7050112495773304,0.994624968350504,-0.001877129970128344,0.0,0
Botswana,BWA,72,2004,Exports,0.9900836905145646,0.9912694432829139,0.7394504866321792,0.9928795418307944,-0.002795851316229836,0.0,0
Botswana,BWA,72,2005,Exports,0.9901094616629377,0.9908291379496336,0.7738490773730546,0.9936804470694536,-0.003570985406515903,0.0,0
Botswana,BWA,72,2006,Exports,0.9906683456102143,0.9896143043995868,0.7628241716491755,0.993930232985958,-0.0032618873757436218,2.4768793865984818e-05,0
Botswana,BWA,72,2007,Exports,0.9904816316275612,0.9913203876558553,0.6756585894381434,0.993216855320588,-0.0027352236930268115,2.5730635022918824e-06,0
Botswana,BWA,72,2008,Exports,0.9865667636875975,0.9870152565673634,0.6803708954362621,0.9910337101389312,-0.004466946451333609,2.5315518225380676e-05,0
Botswana,BWA,72,2009,Exports,0.983147004614535,0.9799433970921267,0.7159480119191899,0.988789016323012,-0.005642011708477002,7.304915476927557e-06,0
Botswana,BWA,72,2010,Exports,0.9870197721886397,0.9870660130472539,0.6785207572837315,0.9913794113697364,-0.0043596391810967194,0.00017650328503981204,0
Botswana,BWA,72,2011,Exports,0.9833889434496913,0.9810927352745193,0.7195731193130207,0.9912968050384388,-0.007907861588747456,5.516992466424509e-05,0
Botswana,BWA,72,2012,Exports,0.9847109349909825,0.9832294999152481,0.6812809850628555,0.9921896566862388,-0.0074787216952563185,1.6423143269202032e-05,0
Botswana,BWA,72,2013,Exports,0.9893939470402054,0.9886698919457135,0.6746837515838269,0.9948988849104006,-0.005504937870195126,3.956184805112532e-05,0
Botswana,BWA,72,2014,Exports,0.9898423408546653,0.9896137215642841,0.7524144969980169,0.9951679817904764,-0.005325640935811116,0.0,0
Botswana,BWA,72,2015,Exports,0.9881433920375421,0.9869281479725497,0.7735384017638253,0.9941686521687224,-0.006025260131180321,0.0,0
Botswana,BWA,72,2016,Exports,0.9905691226292137,0.989651864630997,0.7985873177502054,0.9959992606223128,-0.0054301379930991045,0.0,0
Botswana,BWA,72,2017,Exports,0.9904476481189884,0.9904310198407662,0.8152216001499204,0.9952116073937436,-0.004763959274755147,0.0,0
Botswana,BWA,72,2018,Exports,0.9901208290066849,0.9902707192842087,0.8054108109396153,0.9949701726228856,-0.0048493436162007075,0.0,0
Botswana,BWA,72,2019,Exports,0.9912360873938059,0.9896058653946141,0.7853480419948387,0.9952982027758784,-0.004062115382072573,0.0,0
Botswana,BWA,72,2020,Exports,0.9910572491748494,0.9858660647105508,0.7557991138366666,0.9945889624714204,-0.003531713296570982,0.0,0
Botswana,BWA,72,2021,Exports,0.992334175362048,0.9910659103551482,0.8062930298211664,0.9959827699715808,-0.003648594609532707,0.0,0
Botswana,BWA,72,2022,Exports,0.9916237959889372,0.9892765527365394,0.8250488956874279,0.9960167666563552,-0.00439297066741795,3.038571732458987e-05,0
Botswana,BWA,72,2023,Exports,0.9888924885073606,0.9856414776659899,0.8381293186077725,0.994808517455584,-0.005916028948223406,0.0,0
Brazil,BRA,76,1989,Exports,0.8659964296903243,0.8456388054666149,0.87071454233371,0.9271687215385268,-0.0611722918482025,0.0,0
Brazil,BRA,76,1990,Exports,0.8747916655430534,0.8438955724075965,0.855748504296332,0.928933140298901,-0.05414147475584752,0.0,0
Brazil,BRA,76,1991,Exports,0.8676463872057084,0.8388879211269776,0.8772958408019479,0.9249491826218128,-0.05730279541610439,0.0,0
Brazil,BRA,76,1992,Exports,0.8491600670139289,0.8494244253041726,0.923959490840472,0.9217843558298976,-0.07262428881596872,0.0,0
Brazil,BRA,76,1993,Exports,0.8437094628304647,0.8488668175106919,0.9357843024792476,0.9150634612062876,-0.0713539983758229,0.0,0
Brazil,BRA,76,1994,Exports,0.8483948282527934,0.8472209315458353,0.9241498007759078,0.919049802868855,-0.07065497461606152,0.0,0
Brazil,BRA,76,1995,Exports,0.8519955476457182,0.8393070108674767,0.9410028701296272,0.9195986501968936,-0.06760310255117541,0.0,0
Brazil,BRA,76,1996,Exports,0.8618079718532285,0.8602615373024753,0.8498172704540203,0.9187741836513,-0.05696621179807149,0.0,0
Brazil,BRA,76,1997,Exports,0.8475772531264136,0.8656260567438648,0.9371276809879774,0.924572666714388,-0.07699541358797435,0.0,0
Brazil,BRA,76,1998,Exports,0.8445216901822239,0.8536853707138438,0.9542158465126888,0.9263624336606356,-0.08184074347841175,0.0,0
Brazil,BRA,76,1999,Exports,0.8504195697399219,0.8429226760188337,0.9530716720441427,0.9263614005732714,-0.07594183083334949,0.0,0
Brazil,BRA,76,2000,Exports,0.827768147141984,0.825079237142816,0.9650480491161526,0.9261647272919752,-0.0983965801499912,0.0,0
Brazil,BRA,76,2001,Exports,0.8122924685070843,0.8241839163518379,0.9539176476513569,0.9303130847725652,-0.118020616265481,0.0,0
Brazil,BRA,76,2002,Exports,0.8187137545959252,0.840452040196917,0.9655113117918264,0.9337676615298462,-0.11505390693392104,0.0,0
Brazil,BRA,76,2003,Exports,0.8197073752413652,0.848775299353632,0.96420754009568,0.9324392464008716,-0.11273187115950645,0.0,0
Brazil,BRA,76,2004,Exports,0.8101157242633275,0.8356506223398972,0.9550454198396553,0.9298947035186688,-0.11977897925534131,0.0,0
Brazil,BRA,76,2005,Exports,0.7957498608221985,0.8339673834732996,0.9758729260694198,0.932364849808319,-0.13661498898612057,0.0,0
Brazil,BRA,76,2006,Exports,0.7834499299186417,0.8423439168408059,0.9685561518478134,0.9337164554549524,-0.1502665255363107,0.0,0
Brazil,BRA,76,2007,Exports,0.790186039775108,0.8598532827811525,0.9553147746634167,0.9303915255523972,-0.1402054857772892,0.0,0
Brazil,BRA,76,2008,Exports,0.7933456231573074,0.8580743928577339,0.9591865160436355,0.93997567934656,-0.14663005618925262,0.0,0
Brazil,BRA,76,2009,Exports,0.8177833764313144,0.87678572250661,0.9744461890135454,0.9418693109829944,-0.12408593455168004,0.0,0
Brazil,BRA,76,2010,Exports,0.8189336891432312,0.8870397236553781,0.9565627386905718,0.9475485653370193,-0.12861487619378809,0.0,0
Brazil,BRA,76,2011,Exports,0.8255772957213603,0.8801037110603362,0.9662326397325113,0.9526735993096336,-0.12709630358827329,0.0,0
Brazil,BRA,76,2012,Exports,0.8330148254463203,0.8755610874023653,0.9632161213959267,0.9525973889793098,-0.11958256353298946,0.0,0
Brazil,BRA,76,2013,Exports,0.840809362802375,0.8617920116572668,0.9575314795827428,0.9526045010851314,-0.11179513828275645,0.0,0
Brazil,BRA,76,2014,Exports,0.8439883622316939,0.8825771693803777,0.9664201625461778,0.9515309161455424,-0.10754255391384848,0.0,0
Brazil,BRA,76,2015,Exports,0.8534518154199414,0.8968691238617404,0.9672767772371662,0.9477062322094888,-0.09425441678954738,0.0,0
Brazil,BRA,76,2016,Exports,0.8533506849387985,0.8940557121069148,0.9802222670061572,0.9484024948082432,-0.09505180986944473,0.0,0
Brazil,BRA,76,2017,Exports,0.8610112453172907,0.909891894324593,0.9661150851285103,0.9525444635902696,-0.09153321827297889,0.0,0
Brazil,BRA,76,2018,Exports,0.8543224470962961,0.9083622899951344,0.9727505903777525,0.9573333663573552,-0.1030109192610591,0.0,0
Brazil,BRA,76,2019,Exports,0.8500764502777723,0.9061331533507039,0.977834347647969,0.9581722671414588,-0.10809581686368641,0.0,0
Brazil,BRA,76,2020,Exports,0.8762051119165505,0.9198447737966703,0.9846439301158202,0.962326919374442,-0.08612180745789155,0.0,0
Brazil,BRA,76,2021,Exports,0.8702132266041445,0.921581752151845,0.9823453244199336,0.963137520780884,-0.09292429417673953,0.0,0
Brazil,BRA,76,2022,Exports,0.8604033561341086,0.9136003468857209,0.9515153435281386,0.9629549627019892,-0.10255160656788065,0.0,0
Brazil,BRA,76,2023,Exports,0.8705490847293227,0.918593519720961,0.9750618699243265,0.9654074139600952,-0.09485832923077253,0.0,0
Brazil,BRA,76,2024,Exports,0.8704694162868348,0.9254669901652358,0.9561702227523281,0.9638298558625056,-0.09336043957567075,0.0,0
Burkina Faso,BFA,854,1995,Exports,0.9932242415626038,0.9916093813732108,0.2949217005259256,0.973900081055487,0.019324160507116828,0.0,0
Burkina Faso,BFA,854,1996,Exports,0.9932943157926025,0.9911241537108081,0.28153282537346913,0.9729002419772012,0.02039407381540137,0.0,0
Burkina Faso,BFA,854,1997,Exports,0.9926909817948151,0.9887028597556131,0.3063705485162387,0.9739944084286734,0.018696573366141722,0.0,0
Burkina Faso,BFA,854,1998,Exports,0.9933744233192899,0.9893696876834556,0.3249641547313889,0.974604315616362,0.018770107702927974,0.0,0
Burkina Faso,BFA,854,1999,Exports,0.9935999619291843,0.9859158661286864,0.34146269432146603,0.9711617591659016,0.022438202763282677,0.00021891496521582,0
Burkina Faso,BFA,854,2000,Exports,0.9895582320608005,0.9734287740853139,0.35779516868052375,0.9658246339649512,0.023733598095849295,0.0,0
Burkina Faso,BFA,854,2001,Exports,0.9877847702917903,0.9713752968958879,0.35062196514277805,0.9558580595308346,0.03192671076095577,0.0,0
Burkina Faso,BFA,854,2002,Exports,0.994453279049796,0.988880750710978,0.2801234959573123,0.9597296243056792,0.03472365474411676,0.0,0
Burkina Faso,BFA,854,2003,Exports,0.9958817089807946,0.9932518862624448,0.2606303890679564,0.9725328037157804,0.023348905265014208,0.0,0
Burkina Faso,BFA,854,2004,Exports,0.9952919551145069,0.990864092545349,0.3088308004079546,0.9766670271832748,0.01862492793123205,0.0,0
Burkina Faso,BFA,854,2005,Exports,0.9890233069952327,0.9733520954373673,0.3883937445487272,0.96683756048256,0.02218574651267269,0.0,0
Burkina Faso,BFA,854,2006,Exports,0.9857049270640484,0.9682579549571838,0.38904280243540823,0.9725653954019808,0.013139531662067605,0.0,0
Burkina Faso,BFA,854,2007,Exports,0.9815024819798416,0.9599362186049039,0.3633022733080561,0.9694189948164972,0.012083487163344397,0.0,0
Burkina Faso,BFA,854,2008,Exports,0.975316497458226,0.9480869177037752,0.3012010086133203,0.964874040096788,0.010442457361438007,0.0,0
Burkina Faso,BFA,854,2009,Exports,0.9801659080983428,0.9636017944566193,0.3837102783434021,0.9732227729997944,0.006943135098548381,0.0,0
Burkina Faso,BFA,854,2010,Exports,0.9899006703636045,0.9783191463201528,0.3817527379304023,0.9832452173865148,0.006655452977089693,0.0,0
Burkina Faso,BFA,854,2011,Exports,0.9906041468102262,0.983529702203939,0.37680082803289683,0.9883046381163998,0.0022995086938264464,0.0,0
Burkina Faso,BFA,854,2012,Exports,0.9882947554198143,0.980688372742944,0.4008972323504109,0.9874538551830055,0.0008409002368087171,0.0,0
Burkina Faso,BFA,854,2013,Exports,0.9867485654239491,0.9839359443115847,0.39717421724902635,0.9869192349711612,-0.00017066954721212113,0.0,0
Burkina Faso,BFA,854,2014,Exports,0.9821195215567076,0.9760385683726966,0.39486759415708295,0.9833125677423536,-0.001193046185646085,0.0,0
Burkina Faso,BFA,854,2015,Exports,0.9872455527326311,0.9850443099202675,0.4415779658681149,0.984255180926226,0.0029903718064051565,0.0,0
Burkina Faso,BFA,854,2016,Exports,0.9919361146374275,0.9917544952836499,0.4417535575683897,0.987497212930552,0.004438901706875442,0.0,0
Burkina Faso,BFA,854,2017,Exports,0.9921586439064507,0.9926408338985434,0.4447047715391751,0.9885960073661356,0.0035626365403150784,0.0,0
Burkina Faso,BFA,854,2018,Exports,0.9914286240359953,0.9912899584260046,0.4353344253016502,0.9904809038618236,0.0009477201741716623,0.0,0
Burkina Faso,BFA,854,2019,Exports,0.9910141684295761,0.9914857515917908,0.42634066842044877,0.989921083036868,0.0010930853927081374,0.0,0
Burkina Faso,BFA,854,2020,Exports,0.992169699485913,0.9934647649622452,0.44155518584100883,0.9930197401966492,-0.000850040710736133,0.0,0
Burkina Faso,BFA,854,2021,Exports,0.9913462377147971,0.9931796669464064,0.40710450862713815,0.992407646259079,-0.0010614085442818277,0.0,0
Burkina Faso,BFA,854,2022,Exports,0.989387788867383,0.9912305525705912,0.43203842446471935,0.9913846219749424,-0.0019968331075593815,0.0,0
Burkina Faso,BFA,854,2023,Exports,0.9890352300301287,0.9913657310760443,0.4786227642109748,0.9915041779186812,-0.002468947888552453,0.0,0
Burkina Faso,BFA,854,2024,Exports,0.9890088936301374,0.9910587001799224,0.5214100656748215,0.9928313556346332,-0.0038224620044957636,0.0,0
Cambodia,KHM,116,2000,Exports,0.9935486386887319,0.9885588184546533,0.3085682872230132,0.9506407030278994,0.04290793566083251,0.0,0
Cambodia,KHM,116,2001,Exports,0.9955891585064107,0.9906743027218026,0.34664925771595057,0.9618379376889636,0.03375122081744708,0.0,0
Cambodia,KHM,116,2002,Exports,0.995108501059629,0.9821145295483947,0.2861115087019451,0.963070545910552,0.032037955149077035,0.0,0
Cambodia,KHM,116,2003,Exports,0.9958832451331692,0.9849868320879038,0.3797235017135127,0.9710315881492436,0.024851656983925552,0.0,0
Cambodia,KHM,116,2004,Exports,0.9966670272048442,0.9858602183398971,0.31271720908271583,0.9704891848669448,0.026177842337899437,0.0,0
Cambodia,KHM,116,2005,Exports,0.9968934529815803,0.9836847761139521,0.3421815585582709,0.9711992402819056,0.025694212699674646,0.0,0
Cambodia,KHM,116,2006,Exports,0.9968969288928449,0.987908740328445,0.3157711909396978,0.9727702269475288,0.024126701945316076,0.0,0
Cambodia,KHM,116,2007,Exports,0.9955013901548011,0.9824907016636695,0.28558945127415386,0.9610781781447322,0.034423212010068927,0.0,0
Cambodia,KHM,116,2008,Exports,0.9962349030699995,0.9804131816250004,0.3085519675401849,0.9666712882800436,0.02956361478995595,0.0,0
Cambodia,KHM,116,2009,Exports,0.9952424130580085,0.9804023716230443,0.3260468483787193,0.973134038566474,0.022108374491534577,0.0,0
Cambodia,KHM,116,2010,Exports,0.9948796318557032,0.9753680803647353,0.3519632826883894,0.9691061954378446,0.025773436417858564,0.0,0
Cambodia,KHM,116,2011,Exports,0.9939788497384042,0.9811204513842392,0.31706114524774726,0.9672122712487936,0.026766578489610615,0.0,0
Cambodia,KHM,116,2012,Exports,0.9924755235610174,0.9683503412159131,0.3385924494782566,0.9614497649231356,0.031025758637881817,0.0,0
Cambodia,KHM,116,2013,Exports,0.9878612666597917,0.9718546143313224,0.3793647262788718,0.95401341252427,0.033847854135521716,0.0,0
Cambodia,KHM,116,2014,Exports,0.9923351650538883,0.9795715240613087,0.3579023399546616,0.9548133679269816,0.03752179712690673,0.0,0
Cambodia,KHM,116,2015,Exports,0.9834492113906824,0.9503182572920172,0.5091108927374524,0.954186842821864,0.029262368568818475,0.0,0
Cambodia,KHM,116,2016,Exports,0.9811712014011447,0.9586677134122595,0.4988209113845833,0.9515530946046128,0.029618106796531873,0.0,0
Cambodia,KHM,116,2017,Exports,0.979445923381725,0.9585064595508608,0.5049805963361933,0.9455625073920446,0.033883415989680365,0.0,0
Cambodia,KHM,116,2018,Exports,0.9787931177109048,0.9584971778951695,0.4540610562548458,0.9292394005389606,0.049553717171944234,0.0,0
Cambodia,KHM,116,2019,Exports,0.9682828198209517,0.9535312054320509,0.4492919753899677,0.918844783883163,0.049438035937788616,0.0,0
Cambodia,KHM,116,2020,Exports,0.9542763014181657,0.9710925197914608,0.45854950988010484,0.9298838930555996,0.024392408362566065,0.0,0
Cambodia,KHM,116,2021,Exports,0.9621528959103817,0.9367250247817209,0.4763867123550883,0.9181814137313908,0.04397148217899083,0.0,0
Cambodia,KHM,116,2022,Exports,0.96089386805744,0.9414827987755988,0.4376201000540654,0.915141973945722,0.04575189411171798,0.0,0
Cambodia,KHM,116,2023,Exports,0.9532025982561365,0.9525053921853505,0.5446272941958249,0.9342649569606538,0.0189376412954827,0.0,0
Cambodia,KHM,116,2024,Exports,0.9569505554027045,0.9360856307347363,0.5878234345369158,0.9408193729763707,0.016131182426333712,0.0,0
Canada,CAN,124,1989,Exports,0.8121973926472514,0.8824993255812397,0.9541735210331007,0.9294760413904108,-0.11727864874315941,0.0004953462444473199,0
Canada,CAN,124,1990,Exports,0.7971166127486994,0.8590782230196549,0.9624616522236609,0.9301413391274792,-0.13302472637877982,0.0,0
Canada,CAN,124,1991,Exports,0.7492190676202231,0.8507824786920477,0.9647819714415795,0.9298923148478008,-0.18067324722757772,0.0,0
Canada,CAN,124,1992,Exports,0.7433480748163712,0.8575023920024955,0.9768931188447367,0.9273067168469836,-0.1839586420306124,0.0,0
Canada,CAN,124,1993,Exports,0.7494660983925275,0.8616430481401905,0.9766557255986943,0.92579150742215,-0.17632540902962246,0.0,0
Canada,CAN,124,1994,Exports,0.7634622947469115,0.8701652730349162,0.9758827453150972,0.9260995074528692,-0.16263721270595766,0.0,0
Canada,CAN,124,1995,Exports,0.7513803596229782,0.8647411680398399,0.9753600864142995,0.9222113146074756,-0.1708309549844974,0.0,0
Canada,CAN,124,1996,Exports,0.7303466094415382,0.8669278678947218,0.9529103945981923,0.9173577510766724,-0.18701114163513421,0.0,0
Canada,CAN,124,1997,Exports,0.7292217658580117,0.8645151035824127,0.9690815343573737,0.9161585522580796,-0.18693678640006794,0.0,0
Canada,CAN,124,1998,Exports,0.7202906841565649,0.8604398518280506,0.960971963797116,0.9116905524262736,-0.19139986826970867,0.0,0
Canada,CAN,124,1999,Exports,0.7270417460585158,0.8583058318931205,0.9726151891728961,0.9158208692853504,-0.18877912322683466,0.0,0
Canada,CAN,124,2000,Exports,0.7071005077353278,0.8387406983933946,0.9914208996560806,0.9220728445476548,-0.21497233681232697,0.0,0
Canada,CAN,124,2001,Exports,0.7075197214346293,0.8407106827868726,0.9886996989399756,0.919186829317122,-0.21166710788249277,0.0,0
Canada,CAN,124,2002,Exports,0.7066677767612806,0.853923947211176,0.9831840502821207,0.9155118804325562,-0.2088441036712756,0.0,0
Canada,CAN,124,2003,Exports,0.708366167710273,0.8595147212422996,0.9848154834154761,0.9180489428986514,-0.2096827751883783,0.0,0
Canada,CAN,124,2004,Exports,0.7079248145566287,0.8620251306827706,0.9877150899499587,0.920201117342934,-0.21227630278630527,0.0,0
Canada,CAN,124,2005,Exports,0.6947091631249022,0.8533417602300087,0.9902866872471413,0.9228755621743708,-0.22816639904946867,0.0,0
Canada,CAN,124,2006,Exports,0.672115947053241,0.8500527559216835,0.989809788285831,0.9227459975928404,-0.2506300505395994,0.0,0
Canada,CAN,124,2007,Exports,0.676721967001782,0.8632778226076586,0.9811731020867094,0.9218284156233054,-0.24510644862152342,0.0,0
Canada,CAN,124,2008,Exports,0.6559777343728218,0.8651177301726523,0.9901991932237373,0.9266130606344732,-0.27063532626165143,0.0,0
Canada,CAN,124,2009,Exports,0.6683369405475564,0.873858696069584,0.9942775297013752,0.920110263227066,-0.2517733226795096,0.0,0
Canada,CAN,124,2010,Exports,0.6788905824438942,0.8735733910092944,0.9844000609359709,0.9270125199190618,-0.24812193747516753,0.0,0
Canada,CAN,124,2011,Exports,0.667996380642693,0.8705905858996789,0.9927153420688277,0.9302798778086538,-0.2622834971659609,0.0,0
Canada,CAN,124,2012,Exports,0.6600386777759621,0.8699557042547568,0.9818971415580035,0.9309467828659734,-0.2709081050900113,0.0,0
Canada,CAN,124,2013,Exports,0.6591953544623514,0.8704246149664406,0.986969348992033,0.9319644424941748,-0.2727690880318233,0.0,0
Canada,CAN,124,2014,Exports,0.6818354771607616,0.8878880451285961,0.9933434984970566,0.9326774019343153,-0.2508419247735536,0.0,0
Canada,CAN,124,2015,Exports,0.6912637418036973,0.8846994288401897,0.9899466659171592,0.924367775384664,-0.23310403358096665,0.0,0
Canada,CAN,124,2016,Exports,0.6930297422898946,0.878262952498507,0.965987847441228,0.9232743589831588,-0.23024461669326424,0.0,0
Canada,CAN,124,2017,Exports,0.6991956421008081,0.8894036514150335,0.979223120663614,0.923942847294789,-0.22474720519398095,0.0,0
Canada,CAN,124,2018,Exports,0.6859510625021175,0.8917449598717193,0.9934915250329713,0.9261024033723038,-0.2401513408701863,0.0,0
Canada,CAN,124,2019,Exports,0.6825480235406977,0.8922539295211788,0.9924570528565806,0.9260809186544878,-0.24353289511379017,0.0,0
Canada,CAN,124,2020,Exports,0.7044439933350607,0.8906929081066703,0.9948569552820201,0.9234931085265315,-0.21904911519147086,0.0,0
Canada,CAN,124,2021,Exports,0.709046301163196,0.9021383708239924,0.9959468816238668,0.9277126422423831,-0.21866634107918714,0.0,0
Canada,CAN,124,2022,Exports,0.6998738498250595,0.9029900259407097,0.993817047473176,0.9323655195880196,-0.2324916697629601,0.0,0
Canada,CAN,124,2023,Exports,0.6908269769890514,0.8999437511028205,0.9929381317597891,0.9288723519981116,-0.2380453750090602,0.0,0
Canada,CAN,124,2024,Exports,0.702635652411745,0.9072200400197495,0.9871503266702836,0.9296626138016996,-0.2270269613899546,0.0,0
China,CHN,156,1992,Exports,0.8285641745722996,0.880392406351031,0.9632656947792512,0.8498427415408711,-0.021278566968571555,0.0,0
China,CHN,156,1993,Exports,0.8078805248437244,0.8608717123998324,0.9573934021867943,0.8497867868474416,-0.041906262003717165,0.0,0
China,CHN,156,1994,Exports,0.8042328635226372,0.8342413603813427,0.9694076443378353,0.8462744590808451,-0.042041595558207856,0.0,0
China,CHN,156,1995,Exports,0.7908877292940921,0.816293139081934,0.9542968570272167,0.8333802886974682,-0.04249255940337604,0.0,0
China,CHN,156,1996,Exports,0.7844612597408336,0.8395139346935994,0.945866623945228,0.8398104526871901,-0.05534919294635654,0.0,0
China,CHN,156,1997,Exports,0.7726124393646755,0.8174319045695667,0.9706562187030552,0.8398094518483104,-0.06719701248363485,0.0,0
China,CHN,156,1998,Exports,0.7719725538383406,0.8209622405066747,0.980503295150814,0.8408495073259037,-0.06887695348756306,0.0,0
China,CHN,156,1999,Exports,0.7736206734811247,0.8125454210622072,0.9759257184051031,0.8457764755303219,-0.07215580204919714,0.0,0
China,CHN,156,2000,Exports,0.7546765557866963,0.7858581447116073,0.9866140891842463,0.8494464240035691,-0.09476986821687272,0.0,0
China,CHN,156,2001,Exports,0.7486982888645157,0.8092414393793513,0.9867337165181715,0.8492090978537237,-0.10051080898920794,0.0,0
China,CHN,156,2002,Exports,0.7475023354213943,0.8305096382715437,0.9807295777048817,0.8551421131274466,-0.10763977770605226,0.0,0
China,CHN,156,2003,Exports,0.752527788307694,0.8364206708291076,0.9809599749309277,0.8614053845319214,-0.10887759622422744,0.0,0
China,CHN,156,2004,Exports,0.7478606216967395,0.8464740069870104,0.976820307628683,0.8611582254619938,-0.11329760376525433,0.0,0
China,CHN,156,2005,Exports,0.7422945722262587,0.8243974460509704,0.9822271543671283,0.8600389262660462,-0.11774435403978745,0.0,0
China,CHN,156,2006,Exports,0.7376839815821591,0.8202399854104481,0.9839601843041753,0.8569559884300808,-0.11927200684792172,0.0,0
China,CHN,156,2007,Exports,0.7475632143005014,0.7833584679090729,0.9649879599125568,0.8497725801979883,-0.10220936589748686,0.0,0
China,CHN,156,2008,Exports,0.7512662205507349,0.7625362596199841,0.9694337556744139,0.8446607512984028,-0.0933945307476679,0.0,0
China,CHN,156,2009,Exports,0.7419786171980051,0.7963834453620309,0.9584777626873924,0.8510113271058848,-0.10903270990787972,0.0,0
China,CHN,156,2010,Exports,0.7510926730493978,0.7989778059809309,0.960922291605536,0.8501089625797607,-0.0990162895303629,0.0,0
China,CHN,156,2011,Exports,0.7639613784900348,0.7916084296184642,0.9522723397321308,0.8450757924270857,-0.08111441393705099,0.0,0
China,CHN,156,2012,Exports,0.7654045693949716,0.8022718572532521,0.9400410731597852,0.8513455415192337,-0.0859409721242621,0.0,0
China,CHN,156,2013,Exports,0.7647728904636625,0.8126514310203228,0.9481990988363264,0.851243379238261,-0.08647048877459851,0.0,0
China,CHN,156,2014,Exports,0.7506270217375594,0.824937875540671,0.9544229054667115,0.8478495929091379,-0.09722257117157851,0.0,0
China,CHN,156,2015,Exports,0.7319812823812847,0.8128427159522021,0.9714442801177195,0.8494484200254588,-0.11746713764417416,0.0,0
China,CHN,156,2016,Exports,0.7242821984263578,0.8153207668477366,0.9744082336987616,0.8459979958354655,-0.12171579740910776,0.0,0
China,CHN,156,2017,Exports,0.7218560095437354,0.8162164275103642,0.9804059939956671,0.8497006839876005,-0.12784467444386505,0.0,0
China,CHN,156,2018,Exports,0.7210018461376098,0.8167896473393089,0.990616679796098,0.8492369441818468,-0.12823509804423705,0.0,0
China,CHN,156,2019,Exports,0.7236947578145313,0.8242461205028146,0.9642071866214144,0.8500285948694337,-0.12633383705490242,0.0,0
China,CHN,156,2020,Exports,0.7166384566296174,0.822133788691703,0.9842247386654388,0.8585923619739024,-0.14195390534428498,0.0,0
China,CHN,156,2021,Exports,0.7120161524178575,0.8072005018927294,0.9869752123316409,0.855000966819395,-0.14298481440153743,0.0,0
China,CHN,156,2022,Exports,0.7213526757664074,0.7930543435364026,0.9831460355815342,0.8477523141939736,-0.12639963842756619,0.0,0
China,CHN,156,2023,Exports,0.7029515354014435,0.7911844232002668,0.9897348775673447,0.8488198218258396,-0.1458682864243961,0.0,0
China,CHN,156,2024,Exports,0.6973753262719858,0.7769987048659555,0.9889469481198571,0.8498748708596133,-0.1524995445876275,0.0,0
"China, Hong Kong SAR",HKG,344,1993,Exports,0.7718533777630492,0.8259012299596614,0.8936103207238858,0.8760871309695648,-0.10423375320651562,0.0,0
"China, Hong Kong SAR",HKG,344,1994,Exports,0.7687276389578002,0.83199372113478,0.905045914263496,0.8767069996170318,-0.10797936065923164,0.0,0
"China, Hong Kong SAR",HKG,344,1995,Exports,0.7693068149481184,0.8563321471387273,0.9133464612468047,0.8775493745274696,-0.10824255957935125,0.0,0
"China, Hong Kong SAR",HKG,344,1996,Exports,0.7824426068644316,0.8555743942301993,0.8775954136176636,0.875908698986861,-0.0934660921224294,0.0,0
"China, Hong Kong SAR",HKG,344,1997,Exports,0.7738060770416749,0.8507344455131842,0.899048886854765,0.8798751083421055,-0.10606903130043055,0.0,0
"China, Hong Kong SAR",HKG,344,1998,Exports,0.7759686251372119,0.8533796241602573,0.9280238708485054,0.8846923438954968,-0.1087237187582849,0.0,0
"China, Hong Kong SAR",HKG,344,1999,Exports,0.7765506656614997,0.8579046631553284,0.905511003659716,0.8883187576013216,-0.11176809193982196,0.0,0
"China, Hong Kong SAR",HKG,344,2000,Exports,0.7718771336154407,0.8588484650036323,0.8921653193039126,0.8922507787741547,-0.12037364515871396,0.0,0
"China, Hong Kong SAR",HKG,344,2001,Exports,0.7742979155479636,0.8666295214433575,0.8887724812916318,0.8946694181536545,-0.12037150260569096,0.0,0
"China, Hong Kong SAR",HKG,344,2002,Exports,0.7710128507450152,0.8744557832436672,0.8827915082334415,0.8980184279701162,-0.12700557722510097,0.0,0
"China, Hong Kong SAR",HKG,344,2003,Exports,0.7746737001242568,0.8853770573615927,0.8789385394936072,0.9041510869856784,-0.12947738686142152,0.0,0
"China, Hong Kong SAR",HKG,344,2004,Exports,0.7821536878436179,0.8916248067887125,0.8826467644497511,0.9080112744680228,-0.12585758662440483,0.0,0
"China, Hong Kong SAR",HKG,344,2005,Exports,0.7964178775392653,0.9009409724417032,0.8654313392923966,0.9137433807421018,-0.11732550320283652,0.0,0
"China, Hong Kong SAR",HKG,344,2006,Exports,0.8035293505073473,0.9028144325404218,0.8632508549580064,0.918985170157438,-0.11545581965009066,0.0,0
"China, Hong Kong SAR",HKG,344,2007,Exports,0.8062306509319445,0.8888293875264351,0.8484976434543775,0.9197204866300536,-0.11348983569810911,0.0,0
"China, Hong Kong SAR",HKG,344,2008,Exports,0.8173135233276422,0.8891996156501927,0.839666793335669,0.9253228824595232,-0.10800935913188103,0.0,0
"China, Hong Kong SAR",HKG,344,2009,Exports,0.8046372372500777,0.8906217477915527,0.8688248717519765,0.9313762204980708,-0.12673898324799304,0.0,0
"China, Hong Kong SAR",HKG,344,2010,Exports,0.8033063571682267,0.892587010084861,0.8493868651260106,0.9309598075556303,-0.1276534503874036,0.0,0
"China, Hong Kong SAR",HKG,344,2011,Exports,0.8166487336117552,0.9003778835675692,0.8377546067510784,0.9347520987389352,-0.11810336512718,0.0,0
"China, Hong Kong SAR",HKG,344,2012,Exports,0.8145063567602097,0.9114075694213492,0.8372244572790166,0.9417796548923584,-0.12727329813214872,0.0,0
"China, Hong Kong SAR",HKG,344,2013,Exports,0.8216637400480009,0.9224074702404602,0.8392777558664671,0.9470682357838076,-0.1254044957358067,0.0,0
"China, Hong Kong SAR",HKG,344,2014,Exports,0.8211197087777491,0.9093170732733742,0.8501223740814154,0.9467619879867863,-0.12564227920903726,0.0,0
"China, Hong Kong SAR",HKG,344,2015,Exports,0.807845230215308,0.9035586902997544,0.8920150204237669,0.9488969178009998,-0.14105168758569187,0.0,0
"China, Hong Kong SAR",HKG,344,2016,Exports,0.816040955600934,0.9102792540044556,0.8938140322817196,0.9542498646488642,-0.13820890904793015,0.0,0
"China, Hong Kong SAR",HKG,344,2017,Exports,0.8188513196273125,0.9075724942765628,0.8943657909240978,0.956916994350726,-0.13806567472341347,0.0,0
"China, Hong Kong SAR",HKG,344,2018,Exports,0.8204386329562895,0.9051705669249076,0.8745568680152255,0.958014124557343,-0.13757549160105353,0.0,0
"China, Hong Kong SAR",HKG,344,2019,Exports,0.8194304991952706,0.9064277031943827,0.8772557889396333,0.9579648836954288,-0.1385343845001582,0.0,0
"China, Hong Kong SAR",HKG,344,2020,Exports,0.8186900928063194,0.9052129477585934,0.8906513314648784,0.9647137265353364,-0.14602363372901694,0.0,0
"China, Hong Kong SAR",HKG,344,2021,Exports,0.8348499142630126,0.913452878739724,0.8901049893600479,0.9669933264931844,-0.1321434122301718,0.0,0
"China, Hong Kong SAR",HKG,344,2022,Exports,0.8572110639279742,0.9258444272714431,0.8663966832639959,0.971146680343236,-0.11393561641526184,0.0,0
"China, Hong Kong SAR",HKG,344,2023,Exports,0.8553627411593991,0.9239232884875728,0.8748735202488558,0.9718637630710872,-0.1165010219116881,0.0,0
"China, Hong Kong SAR",HKG,344,2024,Exports,0.8534969116339779,0.9238093149666577,0.8747004969509323,0.9737687167615704,-0.1202718051275925,0.0,0
Costa Rica,CRI,188,1994,Exports,0.9684684317499025,0.9721517584442934,0.5205789564851517,0.9531898712060564,0.015278560543846131,0.0,0
Costa Rica,CRI,188,1995,Exports,0.9690734024787305,0.9733803621033813,0.5846676936916811,0.9570148968501684,0.012058505628562144,0.0,0
Costa Rica,CRI,188,1996,Exports,0.9707088832936239,0.970529648270486,0.6267853196613515,0.9573361206446548,0.013372762648969139,0.0,0
Costa Rica,CRI,188,1997,Exports,0.9533429167965874,0.9534567558950586,0.7183797293131888,0.9481984440235548,0.005144472773032649,0.0,0
Costa Rica,CRI,188,1998,Exports,0.9403370279687275,0.9608025551160235,0.7388224071675192,0.9569759110648672,-0.0166388830961397,0.0,0
Costa Rica,CRI,188,1999,Exports,0.9438691516648466,0.9736839900663516,0.7458550816976246,0.967740461971628,-0.023871310306781357,0.0,0
Costa Rica,CRI,188,2000,Exports,0.9393123628576984,0.9676772099211478,0.7512359143974252,0.9644054674442416,-0.025093104586543236,0.0,0
Costa Rica,CRI,188,2001,Exports,0.9289840660075979,0.9561744321178978,0.7647304339429313,0.9559882471335812,-0.02700418112598335,0.0,0
Costa Rica,CRI,188,2002,Exports,0.9395983663241343,0.9651107041890317,0.6632897012125163,0.9563499446436554,-0.01675157831952112,0.0,0
Costa Rica,CRI,188,2003,Exports,0.9347216795571525,0.9635895123478984,0.767749035124696,0.9619436349168418,-0.027221955359689298,0.0,0
Costa Rica,CRI,188,2004,Exports,0.9281794699001268,0.9505692864951171,0.7772390488800693,0.9605477158880678,-0.03236824598794097,0.0,0
Costa Rica,CRI,188,2005,Exports,0.9172087173248511,0.9415430469582791,0.7783784844797529,0.9553078564796962,-0.038099139154845085,0.0,0
Costa Rica,CRI,188,2006,Exports,0.9239483633938745,0.9478417772677503,0.7910884415437744,0.9599573706226532,-0.036009007228778644,0.0,0
Costa Rica,CRI,188,2007,Exports,0.9359657928216906,0.9551040466920062,0.7046511143349632,0.961182180659609,-0.025216387837918464,0.0,0
Costa Rica,CRI,188,2008,Exports,0.9314286788154416,0.9464366621565969,0.8052810976649887,0.957441869516596,-0.026013190701154487,0.0,0
Costa Rica,CRI,188,2009,Exports,0.92716645385898,0.9461528211328664,0.7648023722320176,0.9609825608094842,-0.03381610695050419,0.0,0
Costa Rica,CRI,188,2010,Exports,0.9274178038885725,0.9443069945483764,0.7540201737321721,0.9601927362573984,-0.03277493236882589,0.0,0
Costa Rica,CRI,188,2011,Exports,0.9347523220635575,0.9546464641434247,0.8380718477133318,0.9600788314712392,-0.025326509407681663,0.0,0
Costa Rica,CRI,188,2012,Exports,0.938270970543147,0.9615412931726459,0.7494060496471586,0.9580650399317876,-0.01979406938864059,0.0,0
Costa Rica,CRI,188,2013,Exports,0.9401270354378191,0.9644597608464333,0.84271953028297,0.961740320708262,-0.021613285270442928,0.0,0
Costa Rica,CRI,188,2014,Exports,0.9363157761132963,0.9550982029885742,0.7757316072154308,0.9604876761186772,-0.024171900005380942,0.0,0
Costa Rica,CRI,188,2015,Exports,0.9411880747778278,0.924253414705028,0.8141061937560902,0.9578892174024344,-0.016701142624606535,0.0,0
Costa Rica,CRI,188,2016,Exports,0.9490161999026565,0.9378214554117832,0.815451228124799,0.9607954526730372,-0.011779252770380721,0.0,0
Costa Rica,CRI,188,2017,Exports,0.9526689833116664,0.9386228125596864,0.7903584316472689,0.9626368812462812,-0.009967897934614833,0.0,0
Costa Rica,CRI,188,2018,Exports,0.9515916041600341,0.9397972169427953,0.7891746802506957,0.9631914981966604,-0.011599894036626313,0.0,0
Costa Rica,CRI,188,2019,Exports,0.9489983776497224,0.941634687481466,0.7912059210149385,0.9639795334377588,-0.014981155788036382,0.0,0
Costa Rica,CRI,188,2020,Exports,0.948969001825417,0.9428428079057002,0.8024089314203301,0.9670338837934024,-0.01806488196798539,0.0,0
Costa Rica,CRI,188,2021,Exports,0.953751353748965,0.9472407032777399,0.782996086001224,0.9676094497598896,-0.013858096010924581,0.0,0
Costa Rica,CRI,188,2022,Exports,0.9554891240098656,0.9482095072623192,0.7693586943106621,0.967397836843058,-0.011908712833192392,0.0,0
Costa Rica,CRI,188,2023,Exports,0.9542962474772266,0.9480663018955509,0.8469934779372135,0.9696555181562224,-0.015359270678995784,0.0,0
Costa Rica,CRI,188,2024,Exports,0.9534160262626598,0.9495307373855549,0.8051827874325788,0.9701108938594324,-0.016694867596772633,0.0,0
Croatia,HRV,191,1992,Exports,0.879656887555844,0.8890775126406896,0.8488294735662928,0.9072077232840878,-0.027550835728243794,0.0,0
Croatia,HRV,191,1993,Exports,0.8862285758936909,0.8786334538947728,0.8351688318949239,0.9082338489799155,-0.022005273086224686,0.0,0
Croatia,HRV,191,1994,Exports,0.8789212312444199,0.897276880830446,0.8690711294282303,0.912955343342843,-0.03403411209842311,0.0,0
Croatia,HRV,191,1995,Exports,0.8750204690873792,0.8742551929857191,0.8797859290344,0.9098637546300844,-0.034843285542705216,0.0,0
Croatia,HRV,191,1996,Exports,0.8760271947649649,0.8770771037604234,0.7947447995718944,0.9124195848226172,-0.03639239005765227,0.0,0
Croatia,HRV,191,1997,Exports,0.8687575792499062,0.8727743268233042,0.8812713411119442,0.9084705785494304,-0.03971299929952421,0.0,0
Croatia,HRV,191,1998,Exports,0.8768966138652702,0.896862021462245,0.8690602613105565,0.9153440222173754,-0.03844740835210525,0.0,0
Croatia,HRV,191,1999,Exports,0.8857037738095076,0.8905684484392578,0.8903510015865248,0.9182449566305972,-0.03254118282108964,0.0,0
Croatia,HRV,191,2000,Exports,0.8762431993926636,0.9260077689509161,0.9014926672783358,0.9243427416791428,-0.04809954228647917,0.0,0
Croatia,HRV,191,2001,Exports,0.8662290333212501,0.9154616496156998,0.9084043600169868,0.9248222023081518,-0.0585931689869017,0.0,0
Croatia,HRV,191,2002,Exports,0.8586557033015626,0.888988889684522,0.9035154592508496,0.91776006025846,-0.05910435695689742,0.0,0
Croatia,HRV,191,2003,Exports,0.8523121582057838,0.8828936450937088,0.8537681499852033,0.9172334456718572,-0.0649212874660734,0.0,0
Croatia,HRV,191,2004,Exports,0.851911948648052,0.8834997829860451,0.9132659035256742,0.920399994694455,-0.06848804604640302,0.0,0
Croatia,HRV,191,2005,Exports,0.8383773041632591,0.8926959454285032,0.8490650459656872,0.9198490853860596,-0.08147178122280052,0.0,0
Croatia,HRV,191,2006,Exports,0.838281739644802,0.8927925089798286,0.9223690695139654,0.9231902245281628,-0.08490848488336078,0.0,0
Croatia,HRV,191,2007,Exports,0.8212754638541143,0.891474980416399,0.8513577686932492,0.915624649280413,-0.09434918542629867,0.0,0
Croatia,HRV,191,2008,Exports,0.8153455549849249,0.8850805247330594,0.8443749141537825,0.9160386068102436,-0.10069305182531874,0.0,0
Croatia,HRV,191,2009,Exports,0.8118577077545287,0.8792589377834862,0.8654284846374424,0.9161073601195604,-0.1042496523650317,0.0,0
Croatia,HRV,191,2010,Exports,0.8304783771084776,0.8930303914475294,0.8522983928498122,0.9224692243023348,-0.0919908471938572,0.0,0
Croatia,HRV,191,2011,Exports,0.8369469170674784,0.8986921734601,0.840966318860108,0.9210433775313922,-0.08409646046391384,0.0,0
Croatia,HRV,191,2012,Exports,0.841668150636109,0.9023624924119371,0.9235388157576383,0.9258605825265072,-0.08419243189039816,0.0,0
Croatia,HRV,191,2013,Exports,0.8200270074127151,0.8932141535660714,0.9286465689504366,0.9156559229350074,-0.09562891552229236,0.0,0
Croatia,HRV,191,2014,Exports,0.805170936333332,0.8818396358738535,0.9304603994139697,0.9081944496502758,-0.10302351331694382,0.0,0
Croatia,HRV,191,2015,Exports,0.791401068155845,0.8550277591121856,0.8966254534846116,0.9060654748296608,-0.11466440667381583,0.0,0
Croatia,HRV,191,2016,Exports,0.7831001413935923,0.852571401055021,0.9342487232816646,0.9044117692183158,-0.12131162782472349,0.0,0
Croatia,HRV,191,2017,Exports,0.7824444760503054,0.866331299965908,0.9386696224532131,0.9062770452319298,-0.12383256918162433,0.0,0
Croatia,HRV,191,2018,Exports,0.7729034716593974,0.8730555211769595,0.9491192888377815,0.9019263606302363,-0.1290228889708389,0.0,0
Croatia,HRV,191,2019,Exports,0.765777073497152,0.839079466492149,0.9439296094181479,0.90200944133523,-0.13623236783807802,0.0,0
Croatia,HRV,191,2020,Exports,0.7472796629316429,0.8402489552269896,0.9406001517453515,0.9014095238462544,-0.15412986091461145,0.0,0
Croatia,HRV,191,2021,Exports,0.7533244913992443,0.8469979034191882,0.9432778939787217,0.9034820565807212,-0.15015756518147694,0.0,0
Croatia,HRV,191,2022,Exports,0.7637744793698565,0.8448193981018355,0.9472855993864738,0.9092868156909522,-0.14551233632109561,0.0,0
Croatia,HRV,191,2023,Exports,0.7611822319785958,0.8273773775266713,0.9495514917304566,0.901298481359688,-0.14011624938109224,0.0,0
Croatia,HRV,191,2024,Exports,0.7457803234930933,0.8441046687730311,0.9574567279246562,0.9038379389081974,-0.1580576154151041,0.0,0
Czech Republic,CZE,203,1993,Exports,0.8015030583247331,0.8208254582930287,0.9313657212323622,0.8489857054069754,-0.04748264708224226,0.0,0
Czech Republic,CZE,203,1994,Exports,0.7683327105516962,0.7984269747426199,0.9419264607051445,0.8413952971425036,-0.07306258659080744,0.0,0
Czech Republic,CZE,203,1995,Exports,0.7349361981242662,0.7712875353337201,0.953202745044724,0.8257996673113586,-0.09086346918709232,0.0,0
Czech Republic,CZE,203,1996,Exports,0.7321580963180797,0.7930496181697383,0.9512174653706252,0.8369231425805876,-0.10476504626250793,0.0,0
Czech Republic,CZE,203,1998,Exports,0.7051031046103418,0.8267625829920062,0.9772893921832515,0.8539270016067164,-0.14882389699637466,0.0,0
Czech Republic,CZE,203,1999,Exports,0.715259166519063,0.8344494646276198,0.9758197795410597,0.8578658125356309,-0.14260664601656792,0.0,0
Czech Republic,CZE,203,2000,Exports,0.7307724980159555,0.8066661440515476,0.9860855254509562,0.8623690246990838,-0.13159652668312838,0.0,0
Czech Republic,CZE,203,2001,Exports,0.7213715599610074,0.8070106172821385,0.9825994365140255,0.8685514131531764,-0.14717985319216897,0.0,0
Czech Republic,CZE,203,2002,Exports,0.7212128982052368,0.8282786673101856,0.9788549868707785,0.8843309480104671,-0.16311804980523026,0.0,0
Czech Republic,CZE,203,2003,Exports,0.7260889037247956,0.8043352816306872,0.975557969576579,0.8776826929449375,-0.15159378922014188,0.0,0
Czech Republic,CZE,203,2004,Exports,0.7169053543867133,0.7996018725487344,0.9785856520300059,0.8805035468774156,-0.1635981924907023,0.0,0
Czech Republic,CZE,203,2005,Exports,0.7136521002160885,0.7963061030551204,0.9699034231762111,0.8822141407143644,-0.16856204049827594,0.0,0
Czech Republic,CZE,203,2006,Exports,0.7152509488848539,0.7877051551147318,0.9679941868051356,0.8870638656336611,-0.17181291674880728,0.0,0
Czech Republic,CZE,203,2007,Exports,0.7029310579547229,0.7869314494310022,0.9760802008822176,0.8848096867380315,-0.18187862878330863,0.0,0
Czech Republic,CZE,203,2008,Exports,0.7053724418017829,0.7716224053318455,0.9773611220760634,0.8864167509920347,-0.18104430919025172,0.0,0
Czech Republic,CZE,203,2009,Exports,0.6978343573523678,0.7710794731294125,0.9788775287854223,0.891574297538626,-0.19373994018625829,0.0,0
Czech Republic,CZE,203,2010,Exports,0.7029612270530048,0.7784649342111022,0.9716590785613575,0.8962368761951216,-0.1932756491421168,0.0,0
Czech Republic,CZE,203,2011,Exports,0.7059247469613354,0.790735046567566,0.9700531024252659,0.8942188914527429,-0.18829414449140747,0.0,0
Czech Republic,CZE,203,2012,Exports,0.7099606548709613,0.7990011311591354,0.9698619808125353,0.8957620550465974,-0.18580140017563618,0.0,0
Czech Republic,CZE,203,2013,Exports,0.7078889153313204,0.7895414117041004,0.98844134661804,0.8932844504440369,-0.18539553511271656,0.0,0
Czech Republic,CZE,203,2014,Exports,0.6980490030550022,0.7978086142192247,0.9746162393837345,0.8955281204500469,-0.19747911739504476,0.0,0
Czech Republic,CZE,203,2015,Exports,0.6817062854754943,0.7964938091437841,0.9811197585842997,0.898623120024939,-0.21691683454944477,0.0,0
Czech Republic,CZE,203,2016,Exports,0.6777090802841347,0.806049477990615,0.9743035493418689,0.8979229717504533,-0.22021389146631865,0.0,0
Czech Republic,CZE,203,2017,Exports,0.6873806226651714,0.811526744141786,0.9873043198997469,0.8985636347790731,-0.21118301211390167,0.0,0
Czech Republic,CZE,203,2018,Exports,0.6956057729082908,0.821986479490353,0.9848985293062793,0.9006811360414753,-0.20507536313318442,0.0,0
Czech Republic,CZE,203,2019,Exports,0.6952468596247734,0.8216434998138966,0.9606824366332549,0.8969700725314154,-0.20172321290664197,0.0,0
Czech Republic,CZE,203,2020,Exports,0.6820766875414482,0.8133704263195788,0.9736625348229724,0.901814551190442,-0.21973786364899373,0.0,0
Czech Republic,CZE,203,2021,Exports,0.6856479207348131,0.7970320419355219,0.9616542693635177,0.8949179850138091,-0.20927006427899608,0.0,0
Czech Republic,CZE,203,2022,Exports,0.693033638771383,0.8094041904344432,0.9900854597133524,0.9016177106044004,-0.20858407183301741,0.0,0
Czech Republic,CZE,203,2023,Exports,0.6838746428782302,0.8156707614596757,0.9841540059328641,0.9057143685927372,-0.22183972571450705,0.0,0
Czech Republic,CZE,203,2024,Exports,0.6812436622505562,0.8177766329788222,0.9829074501774928,0.907533293923838,-0.22628963167328175,0.0,0
Denmark,DNK,208,1989,Exports,0.8576006392540235,0.8123956575961284,0.9371178773210839,0.884271576550592,-0.026670937296568442,0.0,0
Denmark,DNK,208,1990,Exports,0.8514946411604032,0.8214926040149965,0.9337804272407241,0.8871589182795714,-0.0356642771191682,0.0,0
Denmark,DNK,208,1991,Exports,0.8133435470677055,0.811897992941103,0.9470932840910101,0.88804972661899,-0.07470617955128445,0.0,0
Denmark,DNK,208,1992,Exports,0.7938378251374147,0.8028311270734605,0.9424088864231849,0.8882281536651018,-0.09439032852768703,0.0,0
Denmark,DNK,208,1993,Exports,0.8028807367222741,0.7883180610458603,0.9386868437592406,0.8899698152513982,-0.08708907852912406,0.0,0
Denmark,DNK,208,1994,Exports,0.7888206658697811,0.7799853089899638,0.9478146426249043,0.8884167577506783,-0.09959609188089724,0.0,0
Denmark,DNK,208,1995,Exports,0.7872796085973987,0.7994525417560857,0.9486406400665058,0.886034281767426,-0.0987546731700274,0.0,0
Denmark,DNK,208,1996,Exports,0.7903165159262908,0.8169989315740595,0.9166149091509871,0.888003524809396,-0.09768700888310522,0.0,0
Denmark,DNK,208,1998,Exports,0.761157355487087,0.7933004985639666,0.9395904576588165,0.873952444488064,-0.11279508900097701,0.0,0
Denmark,DNK,208,1999,Exports,0.7495921442013248,0.8164511157439343,0.9392240316074736,0.8780948069511438,-0.12850266274981903,0.0,0
Denmark,DNK,208,2000,Exports,0.7314090428217505,0.8460372825515781,0.9535562653358785,0.8827433205467146,-0.1513342777249641,0.0,0
Denmark,DNK,208,2001,Exports,0.7350556676290041,0.8357822566268187,0.9570973690538298,0.8833112665969647,-0.1482555989679606,0.0,0
Denmark,DNK,208,2002,Exports,0.7270147112223874,0.8388093118056441,0.961986135208249,0.8931621660138938,-0.1661474547915064,0.0,0
Denmark,DNK,208,2003,Exports,0.7284724594184854,0.8420171924328181,0.9612002547242396,0.8926253960195281,-0.1641529366010427,0.0,0
Denmark,DNK,208,2004,Exports,0.7255582870729536,0.8528203658419385,0.9612050791863399,0.8963246717882378,-0.17076638471528427,0.0,0
Denmark,DNK,208,2005,Exports,0.7254538712563068,0.8600852057045265,0.9569897548760798,0.8988591275708546,-0.17340525631454784,0.0,0
Denmark,DNK,208,2006,Exports,0.7199220640848851,0.85042365039659,0.9590756332943178,0.8973791673618794,-0.17745710327699427,0.0,0
Denmark,DNK,208,2007,Exports,0.7234841580600548,0.849104156717813,0.9458703321197285,0.8888871273422247,-0.1654029692821699,0.0,0
Denmark,DNK,208,2008,Exports,0.7238182342326516,0.8381849801245587,0.9536173687364925,0.8925650564672576,-0.16874682223460602,0.0,0
Denmark,DNK,208,2009,Exports,0.7241538452392492,0.8380152135481581,0.9565192020387276,0.8908104278709013,-0.16665658263165206,0.0,0
Denmark,DNK,208,2010,Exports,0.7249444625231365,0.839922103210213,0.9506152390610179,0.8880510186450661,-0.1631065561219296,0.0,0
Denmark,DNK,208,2011,Exports,0.7173555731146403,0.8375520309124744,0.9476448757300207,0.8892566386064349,-0.17190106549179462,0.0,0
Denmark,DNK,208,2012,Exports,0.7275941430197049,0.832606838420368,0.9453576875483751,0.8898096762955272,-0.16221553327582228,0.0,0
Denmark,DNK,208,2013,Exports,0.7278747572473414,0.8302417121184317,0.9470190050537294,0.8908418703395251,-0.1629671130921837,0.0,0
Denmark,DNK,208,2014,Exports,0.7308916591779411,0.8069427926675394,0.9530508069189673,0.8888021352033919,-0.15791047602545083,0.0,0
Denmark,DNK,208,2015,Exports,0.731389685843662,0.7998438653963634,0.95290334485054,0.8838497743181457,-0.15246008847448367,0.0,0
Denmark,DNK,208,2016,Exports,0.7386950312742743,0.7878012648858684,0.95922452167005,0.8827523958140531,-0.1440573645397788,0.0,0
Denmark,DNK,208,2017,Exports,0.7328792102863595,0.8034053995171485,0.9596085126982701,0.8822084319944314,-0.14932922170807195,0.0,0
Denmark,DNK,208,2018,Exports,0.7305028103647776,0.7989952304150953,0.9679322582087341,0.8813334641305801,-0.1508306537658025,0.0,0
Denmark,DNK,208,2019,Exports,0.733285257688459,0.7983172537679647,0.9675930633251736,0.8842914427048139,-0.15100618501635488,0.0,0
Denmark,DNK,208,2020,Exports,0.7336926312040365,0.7873421410939817,0.9588351518542726,0.879083368382074,-0.14539073717803752,0.0,0
Denmark,DNK,208,2021,Exports,0.7359011626319548,0.7700099602776878,0.9506892578432226,0.8792752789608684,-0.14337411632891361,0.0,0
Denmark,DNK,208,2022,Exports,0.7358248949157296,0.772044337540832,0.9481695925076545,0.881815391810431,-0.14599049689470145,0.0,0
Denmark,DNK,208,2023,Exports,0.740765301857995,0.7547861209000263,0.9441395792073345,0.8816754967472893,-0.14091019488929424,0.0,0
Denmark,DNK,208,2024,Exports,0.732715896624647,0.7565396101739945,0.9507915143481035,0.8827783657335817,-0.15006246910893473,0.0,0
Egypt,EGY,818,1994,Exports,0.9536932325922234,0.9675111799255428,0.5059293864232639,0.949127564435886,0.00456566815633741,0.0,0
Egypt,EGY,818,1995,Exports,0.9581259533527287,0.968939044328309,0.48603660980624763,0.9515266732889,0.006599280063828705,0.0,0
Egypt,EGY,818,1996,Exports,0.953630801065688,0.9575822129041942,0.44254139651842794,0.958341107657818,-0.004710306592130009,0.0,0
Egypt,EGY,818,1997,Exports,0.960248382065209,0.9644399691632644,0.4444196477220741,0.954558933711039,0.005689448354170068,0.0,0
Egypt,EGY,818,1998,Exports,0.9672801362683754,0.9610446154512718,0.42780818662564907,0.951081290733129,0.01619884553524642,0.0,0
Egypt,EGY,818,1999,Exports,0.9645291723264058,0.9598127570354086,0.44229944516727043,0.9545265141123508,0.010002658214054994,0.00036469963482739455,0
Egypt,EGY,818,2000,Exports,0.9447803316910578,0.9463335687550303,0.48840372661853515,0.9633952041684706,-0.01861487247741278,0.0021962922333792633,0
Egypt,EGY,818,2001,Exports,0.9387551143883772,0.9466024043589178,0.500678636672077,0.9626069383636456,-0.023851823975268416,0.008924118375696188,0
Egypt,EGY,818,2002,Exports,0.9617465789195146,0.9441658636962439,0.5033586782812545,0.9611596090242044,0.0005869698953102631,0.014052848421205123,0
Egypt,EGY,818,2003,Exports,0.9660256601100543,0.9439630788111327,0.5377785020420658,0.9689904575789036,-0.002964797468849256,0.015511059477890408,0
Egypt,EGY,818,2004,Exports,0.9639660949652106,0.9451996710096986,0.5814423686234298,0.9686137840034308,-0.004647689038220215,0.011163791025257688,0
Egypt,EGY,818,2005,Exports,0.9616046796878923,0.9310414225644963,0.5892193020343104,0.9697956630950342,-0.00819098340714186,0.025094723336062857,0
Egypt,EGY,818,2006,Exports,0.9650429720466706,0.924693132114236,0.5267543629486343,0.9741461361636236,-0.009103164116953,0.008353368150932792,0
Egypt,EGY,818,2007,Exports,0.9640122227913834,0.9280547373128302,0.5416103810512038,0.9743670135188218,-0.01035479072743839,0.013673072646149906,0
Egypt,EGY,818,2008,Exports,0.8921060544193511,0.8605885593889041,0.7736724172512572,0.95718942632104,-0.06508337190168889,0.0,0
Egypt,EGY,818,2009,Exports,0.8981784447345964,0.882304262889559,0.7892426745786436,0.9453771933068196,-0.04719874857222317,0.0,0
Egypt,EGY,818,2010,Exports,0.8929741699105936,0.8687823458604269,0.7743910789142104,0.9469670783935372,-0.05399290848294358,0.0,0
Egypt,EGY,818,2011,Exports,0.8742878755706985,0.8588811379854325,0.7556820163765618,0.947521244153598,-0.07323336858289942,0.0,0
Egypt,EGY,818,2012,Exports,0.8813437689543203,0.8678156832501438,0.717397249156205,0.9461289517449858,-0.06478518279066547,1.2143169942508871e-06,0
Egypt,EGY,818,2013,Exports,0.8777777565174822,0.8746301549664155,0.7182096683163455,0.9372874869748888,-0.059509730457406596,1.3353432202187296e-05,0
Egypt,EGY,818,2014,Exports,0.8743081509863803,0.8841791798673239,0.707885823806619,0.93709960945802,-0.0627914584716397,0.0,0
Egypt,EGY,818,2015,Exports,0.9045149546150837,0.9203248583687975,0.6624121024932488,0.929760977118636,-0.025246022503552346,0.0,0
Egypt,EGY,818,2016,Exports,0.9096409660050182,0.9284998749809388,0.664475716101789,0.9354019013872386,-0.02576093538222035,0.0,0
Egypt,EGY,818,2017,Exports,0.8995591913799229,0.9152025216983801,0.6775028222823775,0.9392073301450804,-0.03964813876515749,1.3051244972553932e-07,0
Egypt,EGY,818,2018,Exports,0.8917769456691602,0.8987386232673119,0.6925446384067997,0.9397779639373014,-0.04800101826814118,0.0,0
Egypt,EGY,818,2019,Exports,0.8899232598467863,0.8843360480396126,0.6607010452331852,0.9404331155953124,-0.05050985574852607,9.790784336421796e-07,0
Egypt,EGY,818,2020,Exports,0.8915049535357089,0.9129323502349078,0.7988742451419659,0.9445061844289532,-0.05300123089324427,1.0345065898836188e-05,0
Egypt,EGY,818,2021,Exports,0.8849122595667115,0.89847923974021,0.8021697872305775,0.9504358078826312,-0.06552354831591967,7.430392869322896e-06,0
Egypt,EGY,818,2022,Exports,0.8937135219552991,0.8979825375360173,0.7723715011674792,0.9533676762206136,-0.05965415426531451,0.0,0
Egypt,EGY,818,2023,Exports,0.8961188730636421,0.9027313234220574,0.8228010309067111,0.9353878740996244,-0.0392690010359823,0.0,0
Egypt,EGY,818,2024,Exports,0.8950073596027914,0.908330653829581,0.8172551847881313,0.9331576952917642,-0.03815033568897275,0.0,0
Finland,FIN,246,1988,Exports,0.9073916881176695,0.8732178280725609,0.9234228196197862,0.918096777647317,-0.010705089529647549,0.00048209241777819804,0
Finland,FIN,246,1989,Exports,0.8730297450130977,0.8813439171633216,0.8736880475370576,0.9174392139590306,-0.044409468945932895,0.0,0
Finland,FIN,246,1990,Exports,0.8705906902308664,0.8783706624203045,0.8779197058754268,0.9168910837141536,-0.04630039348328718,0.0,0
Finland,FIN,246,1991,Exports,0.8605181097837709,0.88149982574188,0.8631955066916288,0.9198372274337272,-0.05931911764995634,0.0,0
Finland,FIN,246,1992,Exports,0.851118523671421,0.8850008593609583,0.9212213061276028,0.92244880635045,-0.07133028267902897,0.0,0
Finland,FIN,246,1993,Exports,0.8547330349826733,0.8495787554653297,0.9395915462024467,0.9223994178418456,-0.06766638285917237,0.0,0
Finland,FIN,246,1994,Exports,0.8403316887509529,0.8532513801885098,0.9136487851996604,0.9209406095414114,-0.08060892079045856,0.0,0
Finland,FIN,246,1995,Exports,0.8413460692539187,0.8558365977918968,0.9598022978796452,0.9277634169605022,-0.08641734770658349,0.0,0
Finland,FIN,246,1996,Exports,0.8401214734521388,0.8651668200769277,0.906213258674165,0.9254847073972036,-0.08536323394506473,0.0,0
Finland,FIN,246,1997,Exports,0.8343112799994669,0.862843960266875,0.9204953753182891,0.9245414538621786,-0.0902301738627117,0.0,0
Finland,FIN,246,1998,Exports,0.8329035361940816,0.8695735152565655,0.9284868317902296,0.9275517898857664,-0.09464825369168473,0.0,0
Finland,FIN,246,1999,Exports,0.843332732631586,0.8860312734281758,0.9399781369477326,0.9333286902135544,-0.08999595758196832,0.0,0
Finland,FIN,246,2000,Exports,0.8428563795217737,0.8983117702186801,0.9065969816906655,0.9398403441902852,-0.09698396466851145,0.0,0
Finland,FIN,246,2001,Exports,0.8361531957975047,0.8950232818176992,0.9540632524410904,0.9360763055435256,-0.09992310974602092,0.0,0
Finland,FIN,246,2002,Exports,0.8404851552018285,0.9055069608173302,0.9567122427929388,0.9339453503885472,-0.09346019518671866,0.0,0
Finland,FIN,246,2003,Exports,0.8395205071416819,0.8975498871677082,0.9008791015289233,0.9323828921445932,-0.09286238500291133,0.0,0
Finland,FIN,246,2004,Exports,0.8254954808895867,0.8829455070299305,0.9530719807323424,0.931352460983126,-0.10585698009353928,0.0,0
Finland,FIN,246,2005,Exports,0.8132632609129005,0.8946779985950988,0.951249884659231,0.9298200816459798,-0.11655682073307938,0.0,0
Finland,FIN,246,2006,Exports,0.8073830294031437,0.889500208324583,0.8735472319294575,0.9315777810148878,-0.12419475161174409,0.0,0
Finland,FIN,246,2007,Exports,0.8167603772426687,0.8804079777898993,0.8774937127053855,0.9268761026340044,-0.11011572539133574,0.0,0
Finland,FIN,246,2008,Exports,0.8062849252131753,0.8820505742090486,0.8509613280806252,0.9244748761284364,-0.11818995091526108,0.0,0
Finland,FIN,246,2009,Exports,0.8175631417421013,0.864116073592907,0.9267279701739144,0.927242535111224,-0.10967939336912269,0.0,0
Finland,FIN,246,2010,Exports,0.8197294507347961,0.8792079406674694,0.8817765808189049,0.9218573924664456,-0.10212794173164952,0.0,0
Finland,FIN,246,2011,Exports,0.817076017819687,0.8909698987030454,0.933338948696546,0.9199709409016504,-0.10289492308196346,0.0,0
Finland,FIN,246,2012,Exports,0.8174100952830953,0.8958476129924225,0.9356706454320886,0.9214221011391772,-0.10401200585608195,0.0,0
Finland,FIN,246,2013,Exports,0.8261554388367641,0.9022269300167185,0.9577151353354311,0.9236549161515912,-0.09749947731482711,0.0,0
Finland,FIN,246,2014,Exports,0.8188975266790124,0.8912191650995953,0.9331061080699472,0.925598785698036,-0.10670125901902361,0.0,0
Finland,FIN,246,2015,Exports,0.8291293186043525,0.8641727713469541,0.9223544337334405,0.9269259099434364,-0.09779659133908392,0.0,0
Finland,FIN,246,2016,Exports,0.8288305688934553,0.866795479264448,0.9199363138759697,0.925942269612773,-0.09711170071931774,0.0,0
Finland,FIN,246,2017,Exports,0.8233451181264366,0.8750779105483342,0.9277442849872017,0.9288590254710164,-0.10551390734457977,0.0,0
Finland,FIN,246,2018,Exports,0.8280419980480859,0.8846681402206524,0.9227556541263199,0.9313657060018335,-0.10332370795374768,0.0,0
Finland,FIN,246,2019,Exports,0.8289787379527749,0.8804259074970372,0.9297746647641709,0.93109995051231,-0.1021212125595351,0.0,0
Finland,FIN,246,2020,Exports,0.8259583949299548,0.8530739535162997,0.9308243119973324,0.9246025715325306,-0.09864417660257574,0.0,0
Finland,FIN,246,2021,Exports,0.824918039210949,0.8539897598617371,0.925249992739168,0.927368058685867,-0.10245001947491805,0.0,0
Finland,FIN,246,2022,Exports,0.8220556076219205,0.8738136803669938,0.9315565722297229,0.9289885242409056,-0.10693291661898507,0.0,0
Finland,FIN,246,2023,Exports,0.8184980621389886,0.8722071369701812,0.9392097325122641,0.9288810589175328,-0.11038299677854424,0.0,0
Finland,FIN,246,2024,Exports,0.8174247249596447,0.8576531125396187,0.9295275872380878,0.9259051124469682,-0.10848038748732347,0.0,0
France,FRA,251,1994,Exports,0.5750042580555534,0.8033242148863441,0.9839166913523666,0.81874270382662,-0.24373844577106651,0.0,0
France,FRA,251,1995,Exports,0.570542460203139,0.7908790793583369,0.9775439159216064,0.8201818283279014,-0.2496393681247624,0.0,0
France,FRA,251,1996,Exports,0.588070266247869,0.7981076527859968,0.965860120956562,0.8224277954190293,-0.23435752917116037,0.0,0
France,FRA,251,1997,Exports,0.5725840039536152,0.8013083414105782,0.9753938864312619,0.825089107967512,-0.2525051040138968,0.0,0
France,FRA,251,1998,Exports,0.5539783850979798,0.7988822145135592,0.9804937127724366,0.8285864796110138,-0.27460809451303403,0.0,0
France,FRA,251,1999,Exports,0.5542699233053361,0.7966607072525398,0.9811246755898116,0.8318471016031557,-0.2775771782978196,0.0,0
France,FRA,251,2000,Exports,0.5713191446784283,0.7852740592622205,0.9908125561489789,0.8386817350990878,-0.2673625904206596,0.0,0
France,FRA,251,2001,Exports,0.5608416618861368,0.7993265858036328,0.9901484942786156,0.839505659043265,-0.2786639971571282,0.0,0
France,FRA,251,2002,Exports,0.56595010253132,0.8059390934655193,0.9848611249750815,0.8406810919454164,-0.27473098941409635,0.0,0
France,FRA,251,2003,Exports,0.5811594490659437,0.8068585803166735,0.9842079759105755,0.8422130803492744,-0.2610536312833307,0.0,0
France,FRA,251,2004,Exports,0.5871178345916669,0.807090437900629,0.9840270788085963,0.8457034860677766,-0.2585856514761097,0.0,0
France,FRA,251,2005,Exports,0.594506771102137,0.8037608482980323,0.9872135624698974,0.8480328605490155,-0.2535260894468785,0.0,0
France,FRA,251,2006,Exports,0.5885038413233485,0.7963240612706297,0.9881093180402358,0.8508733988939252,-0.2623695575705767,0.0,0
France,FRA,251,2007,Exports,0.595210414727218,0.8017933506574071,0.9804863667372059,0.8432106052221535,-0.2480001904949355,0.0,0
France,FRA,251,2008,Exports,0.6166045822306981,0.8086604141365573,0.9684971397004114,0.8464389068496954,-0.22983432461899722,0.0,0
France,FRA,251,2009,Exports,0.6169276634179985,0.8182374902333037,0.986618084315227,0.8532568808669012,-0.23632921744890267,0.0,0
France,FRA,251,2010,Exports,0.6434331034955171,0.8057501626627394,0.9852628912707929,0.8564308719358222,-0.21299776844030516,0.0,0
France,FRA,251,2011,Exports,0.6409064207223273,0.7877149306323311,0.9869227721882776,0.8544354707747046,-0.21352905005237732,0.0,0
France,FRA,251,2012,Exports,0.6528533013954779,0.7856319655718602,0.9798402038602734,0.8600538666499016,-0.20720056525442365,0.0,0
France,FRA,251,2013,Exports,0.6587858795671965,0.7941865462103949,0.9880238862979642,0.8597174549265021,-0.20093157535930561,0.0,0
France,FRA,251,2014,Exports,0.6464439777111378,0.7951648846965849,0.9883466959126392,0.8596416215920173,-0.21319764388087947,0.0,0
France,FRA,251,2015,Exports,0.6405504499618692,0.7913379604807375,0.9877529038143673,0.8661919961302891,-0.22564154616841992,0.0,0
France,FRA,251,2016,Exports,0.636216684627116,0.794174336768137,0.9884796965934872,0.867341582214401,-0.23112489758728505,0.0,0
France,FRA,251,2017,Exports,0.6309094143394395,0.778631224570551,0.9860142291950766,0.8710198534655378,-0.2401104391260983,0.0,0
France,FRA,251,2018,Exports,0.6319611733571566,0.7746368435207958,0.987970861500117,0.8652775633338923,-0.23331638997673565,0.0,0
France,FRA,251,2019,Exports,0.6412486268432327,0.7798457477817575,0.9880679354228628,0.8686852819828139,-0.22743665513958122,0.0,0
France,FRA,251,2020,Exports,0.6338951121476742,0.7762968765280231,0.9899127175381903,0.863055516881019,-0.22916040473334476,0.0,0
France,FRA,251,2021,Exports,0.6318877484958789,0.7579887820671829,0.9969070329314452,0.8593194603213983,-0.22743171182551936,0.0,0
France,FRA,251,2022,Exports,0.6356137483478581,0.7767135929042706,0.9970593148095688,0.8670815565185908,-0.23146780817073265,0.0,0
France,FRA,251,2023,Exports,0.6308072288300413,0.7664977989661104,0.9985995677056693,0.8693499252191421,-0.23854269638910086,0.0,0
France,FRA,251,2024,Exports,0.6278904536052157,0.7692382605214391,0.9979634182851823,0.8690349694673405,-0.24114451586212482,0.0,0
Georgia,GEO,268,1996,Exports,0.9737033583192989,0.9509997358364137,0.3256257761816623,0.9206035097757904,0.053099848543508466,0.0,0
Georgia,GEO,268,1997,Exports,0.9637509291218697,0.9456222190185839,0.3829247289364065,0.9144063391432982,0.049344589978571496,0.0,0
Georgia,GEO,268,1998,Exports,0.9610312470177687,0.935091819937772,0.4312518775534275,0.9114991824380644,0.04953206457970427,0.0,0
Georgia,GEO,268,1999,Exports,0.9632940061492855,0.9229064101126617,0.5128206477002685,0.9382469950505196,0.025047011098765948,0.0,0
Georgia,GEO,268,2000,Exports,0.9593210946738409,0.9085731470003422,0.5378664677726062,0.9440847537878554,0.015236340885985467,0.0,0
Georgia,GEO,268,2001,Exports,0.963931890128107,0.9134461220363862,0.5585165943787844,0.9519677144623092,0.011964175665797772,0.0,0
Georgia,GEO,268,2002,Exports,0.9716476137270655,0.9276676031387623,0.5162000972322218,0.9625060086172984,0.009141605109767137,0.0,0
Georgia,GEO,268,2003,Exports,0.9713831273516148,0.9270820432813475,0.5153209280503254,0.9601709377685392,0.011212189583075571,0.0,0
Georgia,GEO,268,2004,Exports,0.9711240193077008,0.9237104394685574,0.5328448026725461,0.9625918312519164,0.008532188055784373,0.00027910992194710794,0
Georgia,GEO,268,2005,Exports,0.9665350187423587,0.9016874439972893,0.5943707507426739,0.9658766627454768,0.0006583559968819097,0.0,0
Georgia,GEO,268,2006,Exports,0.9487125428837551,0.8839232419980668,0.6677832722730259,0.9619513420790764,-0.013238799195321338,0.0,0
Georgia,GEO,268,2007,Exports,0.9511098997239159,0.8822241532314938,0.6092279853363984,0.9623890336202712,-0.011279133896355265,0.0,0
Georgia,GEO,268,2008,Exports,0.9577151824333242,0.8770461771698211,0.6100123234650267,0.9662690893694168,-0.008553906936092592,0.0,0
Georgia,GEO,268,2009,Exports,0.9512991483833322,0.8829039135819428,0.6684611212228428,0.9635276732907436,-0.012228524907411442,0.0,0
Georgia,GEO,268,2010,Exports,0.9455901759767495,0.8905000449052091,0.6816210748392526,0.9698161370836882,-0.024225961106938643,0.0,0
Georgia,GEO,268,2011,Exports,0.9421326300542633,0.8997431329594189,0.7046909716862397,0.9715658156619164,-0.029433185607653067,0.0,0
Georgia,GEO,268,2012,Exports,0.9329794229470291,0.9073160489608075,0.734548485180208,0.964974788549831,-0.03199536560280192,0.0,0
Georgia,GEO,268,2013,Exports,0.9286187141686966,0.8961340000571502,0.7456131116927223,0.9672066794226164,-0.03858796525391983,0.0,0
Georgia,GEO,268,2014,Exports,0.932275653927335,0.8999799825018288,0.751758090945483,0.9670465058071072,-0.034770851879772136,0.0,0
Georgia,GEO,268,2015,Exports,0.9169554370602844,0.8955433171114441,0.7785800789631337,0.9625051456610962,-0.04554970860081187,0.0,0
Georgia,GEO,268,2016,Exports,0.9341486549494389,0.9133790911895077,0.7618395679917018,0.9647655210298692,-0.03061686608043035,0.0,0
Georgia,GEO,268,2017,Exports,0.9185714146588472,0.9053774165297245,0.7685636065784451,0.959763424363093,-0.04119200970424586,0.0,0
Georgia,GEO,268,2018,Exports,0.924807765111008,0.9274044616512809,0.8042335281013843,0.9603520076782824,-0.0355442425672744,0.0,0
Georgia,GEO,268,2019,Exports,0.9223101174821201,0.943833288266232,0.8313789509133331,0.9619007818920304,-0.039590664409910326,0.0,0
Georgia,GEO,268,2020,Exports,0.9349717362426134,0.9459268626727589,0.8114768288149522,0.964019694386377,-0.029047958143763597,0.0,0
Georgia,GEO,268,2021,Exports,0.9291541273905212,0.9363491790113702,0.7538297334875323,0.962293035864298,-0.033138908473776874,0.0,0
Georgia,GEO,268,2022,Exports,0.9238422414497723,0.9308476867930326,0.7110500411376384,0.9581157874815384,-0.03427354603176602,0.0,0
Georgia,GEO,268,2023,Exports,0.9126808505206112,0.9391799744738157,0.7183761066286506,0.959810868046439,-0.047130017525827794,2.4345716559140813e-06,0
Georgia,GEO,268,2024,Exports,0.9142044095792066,0.9382807014477389,0.7741255024827951,0.9623885052771036,-0.048184095697897056,0.0,0
Germany,DEU,276,1991,Exports,0.6036976633171782,0.8438584410343067,0.9552531483522215,0.7880150203507332,-0.184317357033555,0.0,0
Germany,DEU,276,1992,Exports,0.5921266663423527,0.8478564260386936,0.9531882650562999,0.7929752136250146,-0.20084854728266188,0.0,0
Germany,DEU,276,1993,Exports,0.5897607208801307,0.8385969473423186,0.9539886464319807,0.7942073503342906,-0.20444662945415992,0.0,0
Germany,DEU,276,1994,Exports,0.5541052441787441,0.8226831881437385,0.9617663987952383,0.7975589502093952,-0.24345370603065108,0.0,0
Germany,DEU,276,1995,Exports,0.5518912416799813,0.8105571788647737,0.9657306107604857,0.8006340238311089,-0.24874278215112766,0.0,0
Germany,DEU,276,1996,Exports,0.5682186685221476,0.8210707212871083,0.945658147018829,0.8018342089693351,-0.23361554044718746,0.0,0
Germany,DEU,276,1997,Exports,0.5621799431063145,0.8241620768155901,0.9591749647822679,0.8054559547140281,-0.24327601160771362,0.0,0
Germany,DEU,276,1998,Exports,0.5506938589389863,0.8320870584940274,0.9557057647701379,0.8176065995242565,-0.26691274058527026,0.0,0
Germany,DEU,276,1999,Exports,0.5414086590333699,0.8318712578403646,0.9636038452864643,0.8186995524003633,-0.2772908933669934,0.0,0
Germany,DEU,276,2000,Exports,0.5595182722041968,0.8118709274063345,0.9690282362028728,0.8253566783413686,-0.2658384061371718,0.0,0
Germany,DEU,276,2001,Exports,0.5498883169601358,0.8147634483807352,0.9680692715168919,0.8274254031047275,-0.2775370861445916,0.0,0
Germany,DEU,276,2002,Exports,0.5459831170394379,0.8193587152527652,0.9619061468769806,0.8290840710522485,-0.28310095401281055,0.0,0
Germany,DEU,276,2003,Exports,0.5513991129752733,0.808267536412198,0.9625874085379906,0.8337100321839825,-0.2823109192087092,0.0,0
Germany,DEU,276,2004,Exports,0.5545996090811135,0.7980260895618303,0.9605231876761536,0.834851137416545,-0.28025152833543154,1.4382456205871789e-06,0
Germany,DEU,276,2005,Exports,0.5631859805098968,0.8012663537363803,0.9569018327750476,0.8332580795044722,-0.2700720989945754,0.0,0
Germany,DEU,276,2006,Exports,0.5692810843149068,0.7962804308189732,0.9535979503295893,0.8348374502734737,-0.2655563659585669,0.0,0
Germany,DEU,276,2007,Exports,0.5699132126834678,0.7978836441184133,0.9489700987143136,0.8299455430433265,-0.2600323303598586,0.0,0
Germany,DEU,276,2008,Exports,0.5786704480904068,0.7879254565688443,0.9755524717320081,0.8319912749380056,-0.2533208268475988,0.0,0
Germany,DEU,276,2009,Exports,0.5716533787959904,0.7891442348873069,0.9830741217645468,0.8314346840884597,-0.25978130529246923,0.0,0
Germany,DEU,276,2010,Exports,0.5876628480698617,0.7828147531799319,0.9681826574328024,0.8283727069057254,-0.2407098588358637,0.0,0
Germany,DEU,276,2011,Exports,0.595164577431615,0.7825894346752774,0.9811743359677494,0.8301222405704787,-0.23495766313886368,0.0,0
Germany,DEU,276,2012,Exports,0.6097269296606097,0.7835289343530555,0.9629599149972393,0.8296217924606968,-0.21989486280008708,0.0,0
Germany,DEU,276,2013,Exports,0.6160128212544347,0.7835744275465009,0.969026515473367,0.8299152858832448,-0.21390246462881013,0.0,0
Germany,DEU,276,2014,Exports,0.6018028814238984,0.7898236284476615,0.9654883495972052,0.8433376467328659,-0.24153476530896756,0.0,0
Germany,DEU,276,2015,Exports,0.5812981572260341,0.7890265800785965,0.9667995466661904,0.8372712926547419,-0.2559731354287078,0.0,0
Germany,DEU,276,2016,Exports,0.572637231538507,0.7957973251234776,0.9662048180529735,0.838391967809343,-0.265754736270836,0.0,0
Germany,DEU,276,2017,Exports,0.5695570202815291,0.7862278363078364,0.9916226621450126,0.8472877896199509,-0.2777307693384218,0.0,0
Germany,DEU,276,2018,Exports,0.5763542919002178,0.7809008181527888,0.9913007063672248,0.8471876762185462,-0.2708333843183284,0.0,0
Germany,DEU,276,2019,Exports,0.5734902697982208,0.779887480489923,0.9928331599376661,0.8510834659640678,-0.277593196165847,0.0,0
Germany,DEU,276,2020,Exports,0.5642931362518386,0.7662185324609808,0.9903480126363512,0.8465810696017773,-0.2822879333499386,0.0,0
Germany,DEU,276,2021,Exports,0.5761734959881336,0.7444638627185847,0.9748112639599925,0.8401422583444909,-0.26396876235635724,0.0,0
Germany,DEU,276,2022,Exports,0.5837257852466804,0.7616422564940336,0.9928079655179631,0.8516048370145133,-0.2678790517678329,0.0,0
Germany,DEU,276,2023,Exports,0.5716556984727749,0.7630090823311658,0.9934280351309771,0.8557403109748165,-0.28408461250204164,0.0,0
Germany,DEU,276,2024,Exports,0.5596498186206672,0.7665960240936771,0.9932003943902962,0.8558191578119312,-0.296169339191264,0.0,0
Greece,GRC,300,1988,Exports,0.9574871426446362,0.914038256425007,0.808917276246462,0.9239843993741444,0.03350274327049174,0.0,0
Greece,GRC,300,1989,Exports,0.9386040174137138,0.9084207474819411,0.8219771433996205,0.9325460655780732,0.006057951835640618,0.0,0
Greece,GRC,300,1990,Exports,0.9319699104362607,0.9025755728081652,0.8046839707200524,0.930808909045974,0.0011610013902866312,0.0,0
Greece,GRC,300,1992,Exports,0.9239419043771513,0.8888773979195898,0.8686629312943728,0.9303950112697116,-0.00645310689256029,0.0,0
Greece,GRC,300,1993,Exports,0.9044582192088276,0.8674939133206432,0.900791207069405,0.9190937398335672,-0.014635520624739606,0.0,0
Greece,GRC,300,1994,Exports,0.9037866565790285,0.8662792391108481,0.8918455020092474,0.9210794331361648,-0.017292776557136347,0.0,0
Greece,GRC,300,1995,Exports,0.8950504589055699,0.8522578226940151,0.914003208999085,0.917018695475937,-0.02196823657036706,0.0,0
Greece,GRC,300,1996,Exports,0.8912446858770265,0.8586356322387072,0.9138267851230886,0.918632668096435,-0.027387982219408413,0.0,0
Greece,GRC,300,1997,Exports,0.8822584411830641,0.8313197124578496,0.9127320320554724,0.9140415276575058,-0.031783086474441724,0.0,0
Greece,GRC,300,1998,Exports,0.8717604375929973,0.8260703785962472,0.919450102991241,0.9100013047969512,-0.03824086720395392,0.0,0
Greece,GRC,300,1999,Exports,0.870000082445028,0.8353714566125656,0.9351427457764641,0.9141307733342944,-0.044130690889266355,0.0,0
Greece,GRC,300,2000,Exports,0.8557009992515974,0.9127980124215535,0.9341682774879102,0.9206098313303176,-0.06490883207872022,0.0,0
Greece,GRC,300,2001,Exports,0.8612712473652805,0.9045605310209631,0.9253396069795297,0.9189769815616516,-0.05770573419637115,0.0,0
Greece,GRC,300,2002,Exports,0.8635579588285758,0.8895427707158805,0.9313527858012395,0.9132464604695056,-0.04968850164092986,0.0,0
Greece,GRC,300,2003,Exports,0.8591345703817165,0.8828234322008072,0.8803611281389024,0.9131372979446112,-0.0540027275628947,0.0,0
Greece,GRC,300,2004,Exports,0.8505195590358675,0.8806329832274755,0.8767076493468526,0.912986481767834,-0.06246692273196652,0.0,0
Greece,GRC,300,2005,Exports,0.8473231480977281,0.9076409217179356,0.8675025042634475,0.916342537646708,-0.0690193895489799,0.0,0
Greece,GRC,300,2006,Exports,0.8429318770331328,0.916505229538333,0.8663320184765809,0.9218376867183012,-0.07890580968516847,0.0,0
Greece,GRC,300,2007,Exports,0.8255557242145749,0.9090767452096116,0.9368889714057517,0.9114236003467135,-0.08586787613213864,0.0,0
Greece,GRC,300,2008,Exports,0.8293911620152753,0.9371571873845558,0.8476331496261816,0.9194135468280948,-0.09002238481281954,0.0,0
Greece,GRC,300,2009,Exports,0.8305426585186201,0.932746878055888,0.8801370942576805,0.9194600968359524,-0.08891743831733234,0.0,0
Greece,GRC,300,2010,Exports,0.8400384091559927,0.9411252272882418,0.8735860779123227,0.9282064454422784,-0.08816803628628567,0.0,0
Greece,GRC,300,2011,Exports,0.8425303984601611,0.9446980854728975,0.8654286244602098,0.93409366601032,-0.09156326755015887,0.0,0
Greece,GRC,300,2012,Exports,0.8577335872573031,0.9478450178984966,0.8596981445762744,0.9447046180200264,-0.08697103076272328,0.0,0
Greece,GRC,300,2013,Exports,0.852542826391537,0.93821453419758,0.9611787228865212,0.946313205278002,-0.093770378886465,0.0,0
Greece,GRC,300,2014,Exports,0.8526909508577564,0.9437271012369665,0.9420154582406548,0.944894805636165,-0.09220385477840864,0.0,0
Greece,GRC,300,2015,Exports,0.8537571807053166,0.941489581584698,0.9527344834506954,0.9393367234994988,-0.08557954279418223,0.0,0
Greece,GRC,300,2016,Exports,0.8512945448252704,0.9373646572045249,0.9684857415937423,0.9364476625923182,-0.0851531177670477,0.0,0
Greece,GRC,300,2017,Exports,0.8489617204667911,0.9450520262459945,0.9579704293945064,0.9386160293291588,-0.0896543088623677,0.0,0
Greece,GRC,300,2018,Exports,0.8498582105698772,0.943647859376961,0.9309295989904292,0.9417325709601004,-0.09187436039022323,0.0,0
Greece,GRC,300,2019,Exports,0.8398178992239148,0.9384864736469195,0.9402621909221176,0.9399379456924728,-0.10012004646855799,0.0,0
Greece,GRC,300,2020,Exports,0.8361795003906654,0.9298118593037119,0.9429179167703094,0.9332888359178324,-0.09710933552716705,0.0,0
Greece,GRC,300,2021,Exports,0.8376364773594687,0.9347807531725796,0.9441353299514206,0.9362935632258298,-0.09865708586636113,0.0,0
Greece,GRC,300,2022,Exports,0.8307730146019536,0.9362912531233158,0.9563185367430153,0.9434152052379244,-0.11264219063597081,0.0,0
Greece,GRC,300,2023,Exports,0.8311252078411651,0.9325609656019382,0.9692654188373463,0.9368677897411748,-0.10574258190000974,0.0,0
Greece,GRC,300,2024,Exports,0.8363098526792159,0.9370574508883892,0.9572302434465659,0.9369341442335496,-0.10062429155433372,0.0,0
Guyana,GUY,328,1997,Exports,0.9963963801071938,0.9906274851505072,0.22201333889696023,0.9740864739349336,0.02230990617226014,0.0,0
Guyana,GUY,328,1998,Exports,0.996883582102115,0.9909322245959851,0.24397184090129287,0.9736404365881146,0.02324314551400042,0.0,0
Guyana,GUY,328,1999,Exports,0.9947646414095959,0.9919137089510789,0.39489225765754277,0.985011216117617,0.009753425291978868,0.0,0
Guyana,GUY,328,2000,Exports,0.9936396060625817,0.9906240969023803,0.4119772071099759,0.9843021400991538,0.009337465963427882,0.0,0
Guyana,GUY,328,2001,Exports,0.9907085183361442,0.9850155565856478,0.4792060435816161,0.9797712650665056,0.01093725326963857,0.0,0
Guyana,GUY,328,2002,Exports,0.991479755546762,0.9857742646261675,0.46047192396742825,0.9810961024558073,0.010383653090954792,0.0,0
Guyana,GUY,328,2003,Exports,0.9909620593607548,0.9830460333980162,0.5401351627605323,0.9803096306068864,0.010652428753868404,0.0,0
Guyana,GUY,328,2004,Exports,0.9934991709839587,0.9907840661761237,0.3675354256599693,0.983330441688349,0.010168729295609635,0.0,0
Guyana,GUY,328,2005,Exports,0.992894683109343,0.9879811963146702,0.4781510906791203,0.9831800480553994,0.009714635053943654,0.0,0
Guyana,GUY,328,2006,Exports,0.993097766855013,0.9883020500020046,0.48404626068553325,0.984257297629255,0.008840469225758096,0.0,0
Guyana,GUY,328,2007,Exports,0.9917909003741809,0.9865526421814551,0.549362057770857,0.984935849872372,0.006855050501808901,0.0,0
Guyana,GUY,328,2008,Exports,0.9924248344818357,0.9909001431056521,0.4744690230623527,0.9875660631783894,0.004858771303446363,0.0,0
Guyana,GUY,328,2009,Exports,0.9900957788782029,0.9904125686129868,0.5189619655081805,0.9882904597038792,0.001805319174323694,0.0,0
Guyana,GUY,328,2010,Exports,0.9900398411546063,0.9907458790565741,0.47135172096010297,0.9893222923948366,0.0007175487597697039,0.0,0
Guyana,GUY,328,2011,Exports,0.9895511381408031,0.989357715202636,0.48295026298612914,0.990301043855697,-0.0007499057148938615,0.0,0
Guyana,GUY,328,2012,Exports,0.9850628233218152,0.9805444343327597,0.46442196440864375,0.9913546602160588,-0.006291836894243619,0.0,0
Guyana,GUY,328,2013,Exports,0.9857348396394063,0.9796529612284148,0.4413452118049062,0.9908342471382554,-0.005099407498849073,7.267758187527508e-10,0
Guyana,GUY,328,2014,Exports,0.9898284299479373,0.985704843726887,0.4468693690660921,0.988778851045655,0.0010495789022822999,2.8878670761622715e-05,0
Guyana,GUY,328,2015,Exports,0.9878799157878281,0.9843142589369936,0.4684516215050968,0.9874440490437986,0.00043586674402951164,3.2701616585650636e-07,0
Guyana,GUY,328,2016,Exports,0.9839234284947341,0.9811753126874203,0.4866907462725486,0.9859865088423556,-0.002063080347621482,0.00016310260936342738,0
Guyana,GUY,328,2017,Exports,0.9884854980813007,0.9839911517400189,0.49813981703992294,0.988854457491487,-0.0003689594101863314,0.00033223841485168116,0
Guyana,GUY,328,2018,Exports,0.9896699544738616,0.9882906734791616,0.41936004532958937,0.9910831571097428,-0.0014132026358811833,0.0003567068123171374,0
Guyana,GUY,328,2019,Exports,0.9847561529467261,0.9869006625880679,0.4676704647924623,0.987711412462188,-0.0029552595154618277,0.0,0
Guyana,GUY,328,2020,Exports,0.9523954926666048,0.9435112283186179,0.5096867703623359,0.9938230844960664,-0.04142759182946154,0.0,0
Guyana,GUY,328,2021,Exports,0.9409035393577412,0.9504305048289362,0.5121766252748062,0.9959241561904588,-0.05502061683271764,0.0,0
Guyana,GUY,328,2022,Exports,0.9381849162901171,0.9442212891200163,0.4356821442119432,0.9976863338500006,-0.059501417559883474,0.0,0
Guyana,GUY,328,2023,Exports,0.948549973205929,0.9498343473890084,0.607120587328488,0.9955761939837652,-0.047026220777836136,0.0,0
Guyana,GUY,328,2024,Exports,0.9549344282593787,0.9582430301876463,0.628797980064595,0.9976181341471968,-0.04268370588781811,0.0,0
Hungary,HUN,348,1992,Exports,0.8444737126885938,0.8334854270105352,0.749558647660574,0.8236119759881018,0.020861736700492073,0.0,0
Hungary,HUN,348,1993,Exports,0.8448533220794485,0.8280456822248689,0.7724625454275502,0.8284686359435205,0.016384686135928028,0.0,0
Hungary,HUN,348,1994,Exports,0.8200417117766325,0.8363087398316628,0.7986808567870698,0.8318940748485046,-0.011852363071872096,0.0,0
Hungary,HUN,348,1995,Exports,0.8047896404523055,0.8311917323469016,0.8130768011016397,0.8386365990640638,-0.03384695861175835,0.0,0
Hungary,HUN,348,1996,Exports,0.8106245746362221,0.8157630981026534,0.7924724272154249,0.8267950665698018,-0.016170491933579778,0.0,0
Hungary,HUN,348,1997,Exports,0.7921901298264333,0.8825609966378127,0.8046986789984686,0.8718237332079453,-0.07963360338151193,0.0,0
Hungary,HUN,348,1998,Exports,0.7815323064713188,0.8848945534719417,0.8297152280858462,0.8839916224057318,-0.10245931593441304,0.0,0
Hungary,HUN,348,1999,Exports,0.7723988144339824,0.8938408187665781,0.8165816628677194,0.8911067157113659,-0.11870790127738351,0.0,0
Hungary,HUN,348,2000,Exports,0.7542302997897911,0.8754521221314756,0.8182152677153393,0.8948256252112081,-0.14059532542141706,0.0,0
Hungary,HUN,348,2001,Exports,0.7388830760977666,0.857024754270394,0.8048684492466502,0.8943876543313076,-0.15550457823354102,0.0,0
Hungary,HUN,348,2002,Exports,0.7464028526322322,0.8663294069130828,0.8136596566750599,0.8983807694352934,-0.15197791680306127,0.0,0
Hungary,HUN,348,2003,Exports,0.7526456914029529,0.8564934137183053,0.8135137548118045,0.9008644875800964,-0.1482187961771435,0.0,0
Hungary,HUN,348,2004,Exports,0.7451820548336362,0.8585727916682168,0.8743061459878382,0.9147533074908064,-0.1695712526571702,0.0,0
Hungary,HUN,348,2005,Exports,0.7422160347039538,0.832741942843185,0.9256572075387708,0.9169382377700328,-0.174722203066079,0.0,0
Hungary,HUN,348,2006,Exports,0.7475362980877951,0.8530408909228269,0.7878789979563081,0.9080807685136916,-0.16054447042589648,0.0,0
Hungary,HUN,348,2007,Exports,0.7546549971032875,0.8223104824169273,0.8559195403645861,0.9069213082529736,-0.15226631114968603,0.0,0
Hungary,HUN,348,2008,Exports,0.7672229167361203,0.8577136208884747,0.7654194096772213,0.90599640594222,-0.13877348920609966,0.0,0
Hungary,HUN,348,2009,Exports,0.7715657718787944,0.8718336317025284,0.7994856343967951,0.9057482822284526,-0.13418251034965822,0.0,0
Hungary,HUN,348,2010,Exports,0.7701854512709209,0.8648174875990312,0.8445919256554878,0.9218888128280516,-0.1517033615571307,0.0,0
Hungary,HUN,348,2011,Exports,0.7649886513734896,0.8587106042699139,0.8243702835703087,0.9204592532235047,-0.15547060185001516,0.0,0
Hungary,HUN,348,2012,Exports,0.7570440084318723,0.8336899278223832,0.9291090933068065,0.9217714669628324,-0.16472745853096016,0.0,0
Hungary,HUN,348,2013,Exports,0.7468900855393155,0.8172981080169271,0.9456983160517961,0.9188241475440836,-0.17193406200476813,0.0,0
Hungary,HUN,348,2014,Exports,0.7455704493636615,0.8331726701203224,0.9400060244380928,0.9196883844660036,-0.1741179351023422,0.0,0
Hungary,HUN,348,2015,Exports,0.7361518807680574,0.843921674657058,0.9396793939335231,0.9220198754859888,-0.18586799471793147,0.0,0
Hungary,HUN,348,2016,Exports,0.7233283071573675,0.8368470374014606,0.9382702768355382,0.9213119038533636,-0.19798359669599608,0.0,0
Hungary,HUN,348,2017,Exports,0.7180746625359948,0.8252199396092836,0.9340875888360272,0.9194248016540394,-0.20135013911804456,0.0,0
Hungary,HUN,348,2018,Exports,0.7233603351823352,0.8081599705743451,0.9307470590109868,0.9194328211926815,-0.19607248601034633,0.0,0
Hungary,HUN,348,2019,Exports,0.7286886620716779,0.8071444837890327,0.9239626068619329,0.9197107453811282,-0.19102208330945025,0.0,0
Hungary,HUN,348,2020,Exports,0.7245020867953388,0.7999732911650065,0.924259240365464,0.9196644301985272,-0.1951623434031884,0.0,0
Hungary,HUN,348,2021,Exports,0.7219333933765609,0.782728519614685,0.9462564662041237,0.9202947050950516,-0.1983613117184907,0.0,0
Hungary,HUN,348,2022,Exports,0.7313477541686082,0.7877703885943316,0.9485379711357055,0.918489762927568,-0.1871420087589598,0.0,0
Hungary,HUN,348,2023,Exports,0.7224343179917543,0.800641390976369,0.9366543440465351,0.9244435039407536,-0.2020091859489993,0.0,0
Hungary,HUN,348,2024,Exports,0.7081940453191652,0.8044151007298491,0.9505786460467791,0.924598924408842,-0.21640487908967676,0.0,0
Iceland,ISL,352,1988,Exports,0.9958639942561356,0.991382108817065,0.31502496738268937,0.9588468561496156,0.037017138106519965,0.0,0
Iceland,ISL,352,1989,Exports,0.9913230808247696,0.98922837147888,0.29792558954819043,0.961168163515187,0.03015491730958264,0.0,0
Iceland,ISL,352,1990,Exports,0.9920188059570862,0.9912429699753482,0.2195171918394051,0.9639349818857345,0.028083824071351793,0.0,0
Iceland,ISL,352,1991,Exports,0.9946214951102104,0.9934771140662838,0.26365447871782377,0.9654435675144262,0.029177927595784192,0.0,0
Iceland,ISL,352,1992,Exports,0.9945727046524001,0.993381964682236,0.2601469808839861,0.9678256525094456,0.026747052142954475,0.0,0
Iceland,ISL,352,1993,Exports,0.9949774856861324,0.9929000904269787,0.27219629247695143,0.965896625931125,0.029080859755007404,0.0,0
Iceland,ISL,352,1994,Exports,0.9944485736762607,0.9893587166846898,0.2899865934729475,0.9652744143395072,0.02917415933675349,0.0,0
Iceland,ISL,352,1995,Exports,0.9938369825031758,0.9887972616788577,0.3242186173945432,0.9710309715629136,0.022806010940262134,0.0,0
Iceland,ISL,352,1996,Exports,0.9933307532145741,0.9880400281762681,0.30239564746053677,0.9725035794971542,0.020827173717419933,0.0,0
Iceland,ISL,352,1997,Exports,0.9937828936719177,0.9889760339605206,0.3847648371388874,0.9747125434940882,0.019070350177829543,0.0,0
Iceland,ISL,352,1998,Exports,0.9936089065997499,0.987547418222221,0.4667006017619733,0.9815374895797035,0.012071417020046327,0.0,0
Iceland,ISL,352,1999,Exports,0.993541923107494,0.9879248412458757,0.5051429146712062,0.98237510830372,0.011166814803774017,0.0,0
Iceland,ISL,352,2000,Exports,0.9922012032427442,0.9823595228168396,0.5211789494096478,0.9798967665087476,0.012304436733996615,0.0,0
Iceland,ISL,352,2001,Exports,0.9924760826250979,0.9842968212847988,0.5442800531206633,0.9815901426035952,0.010885940021502671,0.0,0
Iceland,ISL,352,2002,Exports,0.9917854008813722,0.982555751732436,0.5468335488330063,0.9804771071123708,0.011308293769001443,0.0,0
Iceland,ISL,352,2003,Exports,0.9924733687445058,0.9837359204239556,0.5350190216073695,0.9794934015625718,0.012979967181933949,0.0,0
Iceland,ISL,352,2004,Exports,0.9906527464828685,0.9777162448010953,0.49672204676042575,0.9779334786821452,0.0127192678007233,0.0,0
Iceland,ISL,352,2005,Exports,0.9876959934511617,0.9645096231144339,0.5220409326132285,0.977402537560768,0.010293455890393655,0.0,0
Iceland,ISL,352,2006,Exports,0.9854206087761286,0.9625645813413548,0.5572415376410955,0.9798954462023816,0.005525162573747022,0.0,0
Iceland,ISL,352,2007,Exports,0.9858547807357617,0.9722630546488295,0.5744897583706515,0.9831655546870652,0.0026892260486964803,0.0,0
Iceland,ISL,352,2008,Exports,0.9842002100684878,0.9588474744383579,0.5813521999117703,0.983661432738406,0.0005387773300817855,0.0,0
Iceland,ISL,352,2009,Exports,0.9851410618632659,0.9597900906696042,0.614520187459703,0.9810145600579964,0.004126501805269522,0.0,0
Iceland,ISL,352,2010,Exports,0.9883334612693649,0.9672365440506262,0.664335301153304,0.9823114167700616,0.006022044499303325,0.0,0
Iceland,ISL,352,2011,Exports,0.9877008025419081,0.9567222845302392,0.5669535292145933,0.9830835908387644,0.004617211703143664,0.0,0
Iceland,ISL,352,2012,Exports,0.9898445976276024,0.9575069627580407,0.5621376319451151,0.9779849386684558,0.011859658959146535,0.0,0
Iceland,ISL,352,2013,Exports,0.9906809138441117,0.9582555983892614,0.5571607908745705,0.9778376163743792,0.012843297469732562,0.0,0
Iceland,ISL,352,2014,Exports,0.9891614462658531,0.9575146133200984,0.5978934414947535,0.9761291305418118,0.013032315724041288,0.0,0
Iceland,ISL,352,2015,Exports,0.9901499791528847,0.9654893363891082,0.5908114651203289,0.977078177614596,0.013071801538288685,0.0,0
Iceland,ISL,352,2016,Exports,0.9888822503805527,0.9639911489238484,0.6404970960670033,0.9764238932745076,0.012458357106045037,0.0,0
Iceland,ISL,352,2017,Exports,0.9906186477091459,0.9745282260950028,0.5928241538599254,0.974799639751714,0.015819007957431852,0.0,0
Iceland,ISL,352,2018,Exports,0.990108269962247,0.9727724825915299,0.5940757067624598,0.9758783303111628,0.014229939651084211,0.0,0
Iceland,ISL,352,2019,Exports,0.9894540343926651,0.9686944410830078,0.6245980836244668,0.9735660276723032,0.015888006720361947,0.0,0
Iceland,ISL,352,2020,Exports,0.9899900048597012,0.9723106494643987,0.6279094976131588,0.9763057379777956,0.013684266881905605,0.0,0
Iceland,ISL,352,2021,Exports,0.9895322321293972,0.9752591472900651,0.642793499555735,0.9790432789644734,0.01048895316492382,0.0,0
Iceland,ISL,352,2022,Exports,0.9892946427406005,0.970751556789255,0.6149797844749023,0.9827214289975998,0.006573213743000683,0.0,0
Iceland,ISL,352,2023,Exports,0.9874004751741409,0.9664799545236733,0.6458535275966215,0.9804162769847492,0.006984198189391666,0.0,0
Iceland,ISL,352,2024,Exports,0.9846771477876664,0.9589928759996658,0.6725613391280618,0.9798721024068636,0.0048050453808027305,0.0,0
India,IND,699,1988,Exports,0.9543696046141821,0.9263216143287879,0.8346550112805786,0.9340629485153245,0.020306656098857623,1.718797240094585e-05,0
India,IND,699,1989,Exports,0.9315582553480701,0.9328113973411051,0.7477683074044276,0.928075624661412,0.003482630686658106,0.0,0
India,IND,699,1990,Exports,0.9289014106097665,0.9329184734241093,0.7785959352234193,0.925672992988718,0.0032284176210485294,0.0,0
India,IND,699,1991,Exports,0.9291697106299647,0.9304127413435145,0.7920546049565846,0.9205450376224092,0.008624673007555428,0.0,0
India,IND,699,1992,Exports,0.923488287841414,0.923257292420639,0.8208192686630345,0.9180470663645904,0.005441221476823577,0.0,0
India,IND,699,1993,Exports,0.9173809364899834,0.921662211761599,0.8376621672082704,0.9176808936468096,-0.0002999571568261805,0.0,0
India,IND,699,1994,Exports,0.9094914756570328,0.9069041516092651,0.844897742602287,0.9123698820072452,-0.0028784063502124146,0.0,0
India,IND,699,1995,Exports,0.9063670646601529,0.9080769644390779,0.8793622487163775,0.913740550170838,-0.007373485510685063,0.0,0
India,IND,699,1996,Exports,0.9032324488858139,0.908074076326295,0.8528766585542589,0.9096715568341578,-0.006439107948343903,0.0,0
India,IND,699,1997,Exports,0.902809760520461,0.9051499629845499,0.9231511913394709,0.9099906228043813,-0.007180862283920231,0.0,0
India,IND,699,1998,Exports,0.9118531490005298,0.9222166823769724,0.877854908291825,0.9125030015840064,-0.0006498525834766067,0.0,0
India,IND,699,1999,Exports,0.9136443640237218,0.9358134574826071,0.8844326243431749,0.9120017340602042,0.0016426299635176056,0.0,0
India,IND,699,2000,Exports,0.8951326980235728,0.9312019857568341,0.8951603134860935,0.906530262417218,-0.011397564393645254,0.0,0
India,IND,699,2001,Exports,0.874779924351895,0.9268296233846237,0.9538125314214327,0.9009638735672812,-0.02618394921538625,0.0,0
India,IND,699,2002,Exports,0.8939889079806247,0.9291627967237949,0.8843452725904573,0.9041096732786308,-0.010120765298006096,7.635399773564323e-05,0
India,IND,699,2003,Exports,0.8648121584385798,0.9058041429051964,0.9600021785797295,0.8969233555138556,-0.032111197075275766,0.0,0
India,IND,699,2004,Exports,0.8555097086861376,0.9108586239552906,0.9745245619480469,0.8993524805041175,-0.04384277181797991,0.0,0
India,IND,699,2005,Exports,0.8484253496719663,0.921628044280826,0.9761442245794895,0.9045014031510036,-0.056076053479037324,0.0,0
India,IND,699,2006,Exports,0.8367160370960292,0.9202899779378743,0.9783064854111512,0.9074503704402904,-0.07073433334426127,0.0,0
India,IND,699,2007,Exports,0.842152477741537,0.9281928929256973,0.8967772790608468,0.9104354324550344,-0.06828295471349743,7.944964748230729e-07,0
India,IND,699,2008,Exports,0.8244465660271891,0.9271022660161741,0.9054040655887627,0.9109834794900752,-0.08653691346288606,5.128110375122579e-06,0
India,IND,699,2009,Exports,0.8193154016074642,0.9144586379496896,0.984671947957297,0.9136889907642338,-0.09437358915676963,0.0,0
India,IND,699,2010,Exports,0.8229437789132392,0.9189490198642111,0.9900459268309794,0.918268258199525,-0.09532447928628573,0.0,0
India,IND,699,2011,Exports,0.8156088131353196,0.9210794998094737,0.9894831646152419,0.9180951930051042,-0.1024863798697846,1.290949761214403e-08,0
India,IND,699,2012,Exports,0.8379206026649654,0.9281821674728291,0.9489915341906159,0.9158833196272866,-0.07796271696232127,5.2427949917714075e-06,0
India,IND,699,2013,Exports,0.7973533899657905,0.9211013836860933,0.9866874441423072,0.9135829371404972,-0.11622954717470668,0.0,0
India,IND,699,2014,Exports,0.7883684070403725,0.9178027488653706,0.9900421108737307,0.9096096852876404,-0.12124127824726794,0.0,0
India,IND,699,2015,Exports,0.7797262623576813,0.8952935475437589,0.9469674628003355,0.8974837836415659,-0.11775752128388461,0.0,0
India,IND,699,2016,Exports,0.7790952000467768,0.8889134701727165,0.9492025110215756,0.8953531990201518,-0.11625799897337497,0.0,0
India,IND,699,2017,Exports,0.7850109493558465,0.8990293567958588,0.9465965942258245,0.8997285999319495,-0.11471765057610306,0.0,0
India,IND,699,2018,Exports,0.780998989092508,0.9097485955414367,0.9822898583450472,0.899874439005486,-0.11887544991297805,0.0,0
India,IND,699,2019,Exports,0.7721146221233608,0.9021437155622043,0.9205983853942024,0.8968498695303364,-0.12473524740697561,0.0,0
India,IND,699,2020,Exports,0.7771385663397167,0.8872672781882305,0.9504466990818968,0.8911929672092309,-0.11405440086951424,6.564898857473243e-09,0
India,IND,699,2021,Exports,0.780326931534386,0.9050169683429937,0.9205053738850233,0.8963630802086231,-0.11603614867423706,0.0,0
India,IND,699,2022,Exports,0.7805130932468541,0.9237075373058109,0.917571396280296,0.903626298347186,-0.12311320510033186,0.0,0
India,IND,699,2023,Exports,0.7654782419950038,0.9155782717473314,0.9368723893617051,0.90272672085051,-0.13724847885550617,0.0,0
India,IND,699,2024,Exports,0.7616160889790015,0.9085407891776862,0.9408867981549706,0.8999682744883537,-0.13835218550935224,0.0,0
Ireland,IRL,372,1992,Exports,0.8696917726315275,0.9306031452058378,0.9265358118501821,0.9312740163333864,-0.06158224370185883,0.0,0
Ireland,IRL,372,1993,Exports,0.8676446852028917,0.9250010119693651,0.9038064827965039,0.9355055091695956,-0.0678608239667039,0.0,0
Ireland,IRL,372,1994,Exports,0.8624487302232661,0.9165718540362581,0.8631481296177533,0.9386972446978668,-0.07624851447460068,0.0,0
Ireland,IRL,372,1995,Exports,0.8671430173961373,0.922435748438906,0.8589599058670795,0.9432514189789638,-0.0761084015828265,0.0,0
Ireland,IRL,372,1996,Exports,0.8754190110061149,0.9291579682250746,0.833673896095924,0.9393835519043144,-0.06396454089819958,0.0,0
Ireland,IRL,372,1997,Exports,0.859479599442414,0.9177242041395313,0.8599453672078303,0.9423901049806456,-0.08291050553823154,0.0,0
Ireland,IRL,372,1998,Exports,0.8700430373676576,0.916338548841962,0.8680397730219138,0.9510080888711804,-0.08096505150352273,0.0,0
Ireland,IRL,372,1999,Exports,0.8728627368320975,0.9211763960307141,0.8903935815638495,0.9560034069080778,-0.08314067007598036,0.0,0
Ireland,IRL,372,2000,Exports,0.8714378256975782,0.915804446043759,0.8834286830693476,0.9608480359350398,-0.08941021023746154,0.0,0
Ireland,IRL,372,2001,Exports,0.8710118761897213,0.9190950725019122,0.9435900678978646,0.962336527350236,-0.09132465116051469,0.0,0
Ireland,IRL,372,2002,Exports,0.8759395136787499,0.9230870584190339,0.925543853478661,0.9637889318562456,-0.0878494181774957,0.0,0
Ireland,IRL,372,2003,Exports,0.8869528234737508,0.9313209479157633,0.9189801615041376,0.9624587660346235,-0.07550594256087273,0.0,0
Ireland,IRL,372,2004,Exports,0.8874935493949013,0.9332426848181172,0.9192769986580906,0.9623536508729597,-0.07486010147805833,0.0,0
Ireland,IRL,372,2005,Exports,0.8964053830760186,0.9301293866497221,0.9283718517313121,0.9630209419636272,-0.06661555888760862,0.0,0
Ireland,IRL,372,2006,Exports,0.8962640033042973,0.9291293850089456,0.9227882432958143,0.9634897184532056,-0.0672257151489083,0.0,0
Ireland,IRL,372,2007,Exports,0.8953016825897685,0.9253053579855698,0.922352696054812,0.9629118295344232,-0.06761014694465473,0.0,0
Ireland,IRL,372,2008,Exports,0.9034454861034894,0.9303631547215663,0.8193440490025579,0.9641642638110944,-0.06071877770760503,0.0,0
Ireland,IRL,372,2009,Exports,0.900005742037957,0.9408913667922765,0.9238399014821308,0.9686855801758024,-0.0686798381378454,0.0,0
Ireland,IRL,372,2010,Exports,0.9143036760504215,0.9443400221761034,0.9172105249664203,0.9665453892439166,-0.05224171319349513,0.0,0
Ireland,IRL,372,2011,Exports,0.9162726021804747,0.9369127328332683,0.9143053622794122,0.9655985415277804,-0.04932593934730567,0.0,0
Ireland,IRL,372,2012,Exports,0.9154712378438156,0.9334971159485823,0.9211293107139789,0.9659623838603242,-0.050491146016508615,0.0,0
Ireland,IRL,372,2013,Exports,0.9182005270098789,0.937412931648003,0.8454390930496971,0.9650844082313108,-0.046883881221431944,0.0,0
Ireland,IRL,372,2014,Exports,0.9147465485996708,0.9392304897224624,0.927490582161258,0.9641885856134946,-0.04944203701382388,0.0,0
Ireland,IRL,372,2015,Exports,0.9120687001214586,0.944832242634206,0.9271596213609521,0.9675981616675357,-0.055529461546077075,0.0,0
Ireland,IRL,372,2016,Exports,0.906794695589377,0.9416070385094686,0.9388211786667173,0.9687750499041888,-0.06198035431481186,0.0,0
Ireland,IRL,372,2017,Exports,0.9063998189713983,0.9297280866301745,0.9433526152604701,0.967733589842201,-0.06133377087080272,0.0,0
Ireland,IRL,372,2018,Exports,0.9149075700588146,0.937354466108618,0.9436172148506463,0.9714422158190794,-0.05653464576026479,0.0,0
Ireland,IRL,372,2019,Exports,0.9113216917832713,0.9324376329533769,0.9423374822346626,0.9731615545177568,-0.061839862734485496,0.0,0
Ireland,IRL,372,2020,Exports,0.9111765179819373,0.9366359289667153,0.937915406924529,0.9754438846089116,-0.0642673666269743,6.290328692763925e-08,0
Ireland,IRL,372,2021,Exports,0.9090347243578614,0.9347734528941639,0.9559051825890957,0.9751890474130364,-0.06615432305517499,0.0,0
Ireland,IRL,372,2022,Exports,0.9131075386976019,0.9280325334849219,0.9648278058837679,0.9760257743103578,-0.06291823561275589,7.767880821965561e-08,0
Ireland,IRL,372,2023,Exports,0.9101061239335819,0.9300380588710936,0.9656429844192422,0.9749660604546424,-0.06485993652106048,0.0,0
Ireland,IRL,372,2024,Exports,0.909341627742479,0.9333088347187841,0.9763111586535463,0.9772356879793368,-0.06789406023685784,0.0,0
Italy,ITA,380,1994,Exports,0.6598322266116391,0.765412117869334,0.9773162621362232,0.8136606929120047,-0.15382846630036562,0.0,0
Italy,ITA,380,1995,Exports,0.654051598489303,0.7665840116486967,0.9820962089392629,0.8063808171216957,-0.15232921863239268,0.0,0
Italy,ITA,380,1996,Exports,0.6725797411011528,0.774695284486036,0.952938342745071,0.8137403198513173,-0.14116057875016452,0.0,0
Italy,ITA,380,1997,Exports,0.6704198644770493,0.7642377406734671,0.9733363837674821,0.8139669397501936,-0.14354707527314436,0.0,0
Italy,ITA,380,1998,Exports,0.6639330205224437,0.7579360403259059,0.971829729403555,0.8155196986513837,-0.15158667812894,0.0,0
Italy,ITA,380,1999,Exports,0.6606718870989082,0.7526789267171294,0.9791424956499706,0.8153283200369312,-0.154656432938023,0.0,0
Italy,ITA,380,2000,Exports,0.6646597559588739,0.7718267127096503,0.9867883608433873,0.8197075564916732,-0.1550478005327992,0.0,0
Italy,ITA,380,2001,Exports,0.6655628902471811,0.7645668682842509,0.9598905515292258,0.8192620054911404,-0.1536991152439593,0.0,0
Italy,ITA,380,2002,Exports,0.6644799438593908,0.740886016336774,0.9561015130133294,0.8207705410313721,-0.15629059717198135,0.0,0
Italy,ITA,380,2003,Exports,0.6630893110361437,0.7450984059059054,0.9577286727173439,0.8216947853294847,-0.15860547429334104,0.0,0
Italy,ITA,380,2004,Exports,0.6594679618904,0.7417721851583203,0.9568127425318169,0.8156679311554205,-0.15619996926502044,0.0,0
Italy,ITA,380,2005,Exports,0.6585441300424897,0.7533583327622673,0.9570209717512197,0.8174166392665929,-0.15887250922410323,0.0,0
Italy,ITA,380,2006,Exports,0.6566619801014565,0.7558943355278491,0.987718009012801,0.8227165519056234,-0.16605457180416694,0.0,0
Italy,ITA,380,2007,Exports,0.6563912854467588,0.7603503780413755,0.9804644346433863,0.8184775770323849,-0.16208629158562604,0.0,0
Italy,ITA,380,2008,Exports,0.6649830210941545,0.7701583706212458,0.9707331100829771,0.8192027936353932,-0.15421977254123864,0.0,0
Italy,ITA,380,2009,Exports,0.6594265060804768,0.7812482741456889,0.9674803681693224,0.8137312642536227,-0.15430475817314593,0.0,0
Italy,ITA,380,2010,Exports,0.6598648135823699,0.7982393153744327,0.9926000891426527,0.817128038238718,-0.15726322465634812,0.0,0
Italy,ITA,380,2011,Exports,0.6639937600943348,0.7944369637551281,0.9897632984232481,0.8190579213695697,-0.15506416127523492,0.0,0
Italy,ITA,380,2012,Exports,0.6611451253780997,0.7981936561488288,0.9872348314923981,0.8243822583681548,-0.16323713299005516,0.0,0
Italy,ITA,380,2013,Exports,0.670957985640447,0.7875268092149063,0.9924872609864963,0.8277438009077374,-0.1567858152672904,0.0,0
Italy,ITA,380,2014,Exports,0.6635547785894637,0.7812634791570363,0.9932742096320528,0.827984403607434,-0.16442962501797032,0.0,0
Italy,ITA,380,2015,Exports,0.640328540760709,0.7612762501465471,0.992727374722402,0.8206106470635588,-0.1802821063028498,0.0,0
Italy,ITA,380,2016,Exports,0.6400947172012262,0.7549206174450638,0.9715576374656553,0.8215145431044202,-0.18141982590319394,0.0,0
Italy,ITA,380,2017,Exports,0.6416809865793427,0.7664441588084131,0.9930592790736075,0.8341873171934382,-0.1925063306140955,0.0,0
Italy,ITA,380,2018,Exports,0.64755541575759,0.7659981510848174,0.9907967068828257,0.832366263322512,-0.18481084756492194,0.0,0
Italy,ITA,380,2019,Exports,0.6527523761486457,0.7891947795022353,0.9849083179058409,0.8377850881354267,-0.18503271198678106,0.0,0
Italy,ITA,380,2020,Exports,0.6499175060457549,0.7844618075846544,0.9601910253195045,0.8300358201151503,-0.18011831406939538,0.0,0
Italy,ITA,380,2021,Exports,0.6605116019705729,0.7646591950996352,0.9614495208055287,0.8263995031515059,-0.165887901180933,0.0,0
Italy,ITA,380,2022,Exports,0.6546605909190196,0.7954446735010504,0.9893918144491416,0.8429154309777489,-0.18825484005872928,0.0,0
Italy,ITA,380,2023,Exports,0.6475771491951858,0.7807015939271362,0.9877553397757471,0.845989626464785,-0.1984124772695992,5.418010670319304e-08,0
Italy,ITA,380,2024,Exports,0.6520769707104408,0.7860234608392979,0.9845695005132206,0.8483810347823186,-0.19630406407187784,0.0,0
Japan,JPN,392,1988,Exports,0.824624263919304,0.9120938140230003,0.9170307886550528,0.8897918474936879,-0.0651675835743839,0.0005049597718887401,0
Japan,JPN,392,1989,Exports,0.7902499462518003,0.9139516577912264,0.8612460558990234,0.8899183798407582,-0.09966843358895783,0.0,0
Japan,JPN,392,1990,Exports,0.7834499629523733,0.9038593105116977,0.8814626979455557,0.8907807359810702,-0.10733077302869687,0.0,0
Japan,JPN,392,1991,Exports,0.7056140460874151,0.8962119557561349,0.894942320051626,0.8920403031204085,-0.18642625703299343,0.0,0
Japan,JPN,392,1992,Exports,0.7084583803182675,0.8990248534202008,0.8934755797921163,0.894345577873735,-0.18588719755546756,1.9252404233076636e-05,0
Japan,JPN,392,1993,Exports,0.7017006550638405,0.8898658992435037,0.950265964308145,0.8953685321384024,-0.1936678770745619,0.0,0
Japan,JPN,392,1994,Exports,0.6960232051737019,0.883152499538749,0.9206663626441983,0.8967110810525092,-0.20068787587880732,0.0,0
Japan,JPN,392,1995,Exports,0.6859106761519954,0.8745906551647658,0.9248539020617208,0.8958051904833217,-0.20989451433132633,0.0,0
Japan,JPN,392,1996,Exports,0.7120271141164148,0.8794631376724781,0.8990210943782404,0.8924071360387451,-0.18038002192233027,0.0,0
Japan,JPN,392,1997,Exports,0.6957992144495332,0.8745180994128721,0.9478241232890323,0.8959591779185505,-0.20015996346901732,0.0,0
Japan,JPN,392,1998,Exports,0.695703413299855,0.8764232789323924,0.9526476554927892,0.8998839103937513,-0.2041804970938963,0.0,0
Japan,JPN,392,1999,Exports,0.6939419017474908,0.8750761560276212,0.9645496051786183,0.9014104082332924,-0.20746850648580162,0.0,0
Japan,JPN,392,2000,Exports,0.6995281131976268,0.8623177994264876,0.9603359268674452,0.9050459720213476,-0.20551785882372087,0.0,0
Japan,JPN,392,2001,Exports,0.7001691695411913,0.8668266639916435,0.9785788551956257,0.902422522937906,-0.20225335339671469,0.0,0
Japan,JPN,392,2002,Exports,0.6968532219792053,0.874698840294282,0.9202626015849661,0.9063581732646911,-0.20950495128548585,0.0,0
Japan,JPN,392,2003,Exports,0.7006295604860084,0.8670409333186995,0.9691494272348569,0.9070693435763604,-0.20643978309035194,0.0,0
Japan,JPN,392,2004,Exports,0.6993847885972037,0.8557497240939076,0.9652605171622888,0.9072631484329584,-0.20787835983575476,0.0,0
Japan,JPN,392,2005,Exports,0.7131852944319199,0.8591845489572875,0.9707088469103826,0.9079609457808672,-0.19477565134894725,0.0,0
Japan,JPN,392,2006,Exports,0.7207208174723534,0.8622281165314302,0.890708131645915,0.9099991303351522,-0.18927831286279884,0.0,0
Japan,JPN,392,2007,Exports,0.7219426615028722,0.8577233194138509,0.9642902253775879,0.9074464887910898,-0.18550382728821757,0.0,0
Japan,JPN,392,2008,Exports,0.7285226767240106,0.8580685555916489,0.9695850004223465,0.9073989632137782,-0.1788762864897676,0.0,0
Japan,JPN,392,2009,Exports,0.7162336116728463,0.8300708433137327,0.9580391114273027,0.9015607580441288,-0.18532714637128256,0.0,0
Japan,JPN,392,2010,Exports,0.7232123164935139,0.8359290557205937,0.9570932885005317,0.9053531552538232,-0.1821408387603093,0.0,0
Japan,JPN,392,2011,Exports,0.7341857367568709,0.8369617399133372,0.8714688056171984,0.9036955977845232,-0.1695098610276523,0.0,0
Japan,JPN,392,2012,Exports,0.7477859386518264,0.844143416895719,0.8636170048960666,0.9053052339215052,-0.15751929526967878,0.0,0
Japan,JPN,392,2013,Exports,0.7462794844301067,0.847547336238412,0.8691553712373606,0.9056683062256348,-0.15938882179552805,0.0,0
Japan,JPN,392,2014,Exports,0.7367547136426671,0.8448483851022739,0.9640282921889695,0.9043796506149228,-0.16762493697225567,0.0,0
Japan,JPN,392,2015,Exports,0.7202710024801969,0.8434707215502043,0.9567184273860455,0.9049285228544854,-0.1846575203742885,0.0,0
Japan,JPN,392,2016,Exports,0.7167538863707928,0.8481993534681748,0.9149953976519671,0.9061384318334342,-0.18938454546264138,0.0,0
Japan,JPN,392,2017,Exports,0.7189246495128837,0.8332387464860656,0.954893431778655,0.9078603863295648,-0.18893573681668108,0.0,0
Japan,JPN,392,2018,Exports,0.7296146101366188,0.8344984255262173,0.906714179596777,0.9077805459384912,-0.17816593580187245,0.0,0
Japan,JPN,392,2019,Exports,0.7350950337229492,0.8389604885365839,0.9033965532418247,0.9085924681889648,-0.17349743446601562,0.0,0
Japan,JPN,392,2020,Exports,0.7325138154362146,0.822607606079477,0.9235462457480923,0.9078467537891006,-0.175332938352886,0.0,0
Japan,JPN,392,2021,Exports,0.7418227491030138,0.814976612066975,0.9581855262270554,0.9072620979308016,-0.16543934882778777,0.0,0
Japan,JPN,392,2022,Exports,0.7492143815888281,0.8247837585184484,0.9525469706537446,0.9103214008712854,-0.1611070192824573,0.0,0
Japan,JPN,392,2023,Exports,0.7406176625443335,0.8242003513494116,0.9063954599439615,0.9158745025767412,-0.1752568400324077,0.0,0
Japan,JPN,392,2024,Exports,0.7335337776647783,0.8257395583026594,0.9085977089955211,0.9167091265905294,-0.18317534892575105,0.0,0
Korea,KOR,410,1988,Exports,0.8274383500172354,0.8211252388808938,0.9457986978461993,0.907759233140284,-0.08032088312304853,1.9953487405467818e-06,0
Korea,KOR,410,1989,Exports,0.8195077920450667,0.8392403965125017,0.8972446426213065,0.9044752512224788,-0.08496745917741211,0.0,0
Korea,KOR,410,1990,Exports,0.8182151000888391,0.8491192891591592,0.8836081221921465,0.9028874809505584,-0.08467238086171924,0.0,0
Korea,KOR,410,1991,Exports,0.8281517843995091,0.8566891583735221,0.882250933617635,0.9054302965123822,-0.07727851211287307,0.0,0
Korea,KOR,410,1992,Exports,0.8096256096591721,0.8672800287393003,0.917153347393486,0.904268350370134,-0.0946427407109619,0.0,0
Korea,KOR,410,1993,Exports,0.7786925013825201,0.8654939940974721,0.9388281897156233,0.9031332927228112,-0.12444079134029107,0.0,0
Korea,KOR,410,1994,Exports,0.7711399275776684,0.8831657029653188,0.9052958952319065,0.905658781531693,-0.13451885395402463,0.0,0
Korea,KOR,410,1995,Exports,0.7675855472203643,0.8994114980126365,0.9244531887983505,0.9127727207744304,-0.14518717355406607,0.0,0
Korea,KOR,410,1996,Exports,0.8115341191470494,0.8972681178615451,0.885107897542685,0.9154786006193644,-0.10394448147231494,0.0,0
Korea,KOR,410,1997,Exports,0.7934127465319446,0.8828953699659425,0.9436009935240366,0.9167445498851464,-0.12333180335320182,0.0,0
Korea,KOR,410,1998,Exports,0.7921383990908853,0.8661436533550017,0.9264159786545447,0.9153280611576884,-0.12318966206680304,0.0,0
Korea,KOR,410,1999,Exports,0.7821914558986164,0.8733595608151921,0.918005907971699,0.9182093565861886,-0.13601790068757225,0.0,0
Korea,KOR,410,2000,Exports,0.7506020547046467,0.877807366525021,0.9069704327837129,0.9238143862132548,-0.17321233150860815,0.0,0
Korea,KOR,410,2001,Exports,0.7451226579443166,0.8709003788642325,0.9063250734139394,0.9174736012368508,-0.1723509432925342,0.0,0
Korea,KOR,410,2002,Exports,0.7267138923527117,0.8703986425260192,0.9508907374691301,0.9205217656179296,-0.19380787326521798,0.0,0
Korea,KOR,410,2003,Exports,0.7234288178958176,0.869657050762632,0.9563363940783115,0.924407608956811,-0.20097879106099337,0.0,0
Korea,KOR,410,2004,Exports,0.7222977269887837,0.8681716792315257,0.9072549558512734,0.9301738999497536,-0.20787617296096994,0.0,0
Korea,KOR,410,2005,Exports,0.7285235360323187,0.865862598016819,0.9583138827809754,0.9324692676649567,-0.20394573163263807,0.0,0
Korea,KOR,410,2006,Exports,0.7312742605760097,0.8632311846299318,0.8852857815087198,0.9348571648203294,-0.20358290424431968,0.0,0
Korea,KOR,410,2007,Exports,0.7559369888367568,0.8685412225043462,0.9597364547601215,0.9348486244986388,-0.17891163566188206,0.0,0
Korea,KOR,410,2008,Exports,0.763846797212278,0.8847997824455733,0.964796050880963,0.9360820331442944,-0.1722352359320164,0.0,0
Korea,KOR,410,2009,Exports,0.7670128136198348,0.8710336023404437,0.9151116700197554,0.9365160318459532,-0.16950321822611847,0.0,0
Korea,KOR,410,2010,Exports,0.7525964362957731,0.8648613853836625,0.9610464624775956,0.9365190557492192,-0.18392261945344612,0.0,0
Korea,KOR,410,2011,Exports,0.7498410449241457,0.8797089913782753,0.9604034237075051,0.9356496366392136,-0.18580859171506792,0.0,0
Korea,KOR,410,2012,Exports,0.7383983866751386,0.8791342039116883,0.9638609183604467,0.933456939780517,-0.19505855310537845,0.0,0
Korea,KOR,410,2013,Exports,0.7384599772771792,0.8731493431828958,0.9681153093756576,0.933356982540029,-0.1948970052628498,0.0,0
Korea,KOR,410,2014,Exports,0.7327174543226943,0.8692047652799247,0.9721178937910633,0.9324539502987316,-0.19973649597603726,0.0,0
Korea,KOR,410,2015,Exports,0.7202407293677154,0.8493418244210721,0.9850739188261155,0.9317096460207924,-0.211468916653077,0.0,0
Korea,KOR,410,2016,Exports,0.7148123675970097,0.8447811979205027,0.9797695819823655,0.9295867806633612,-0.21477441306635148,0.0,0
Korea,KOR,410,2017,Exports,0.7338934986091916,0.8594437128261352,0.986675145885621,0.9342936510066746,-0.200400152397483,0.0,0
Korea,KOR,410,2018,Exports,0.7320885580749138,0.8759511110473777,0.9795835290867188,0.93422672375673,-0.2021381656818162,0.0,0
Korea,KOR,410,2019,Exports,0.7220373823627227,0.8661408421987281,0.9853595160753094,0.930402471615906,-0.2083650892531832,0.0,0
Korea,KOR,410,2020,Exports,0.7231999709287599,0.8584758681366441,0.9807048945575835,0.9303028951490884,-0.2071029242203285,0.0,0
Korea,KOR,410,2021,Exports,0.7254710529431923,0.8667274906746409,0.9781558808270246,0.933520530234718,-0.2080494772915258,0.0,0
Korea,KOR,410,2022,Exports,0.7378484071316734,0.8788464091233206,0.97073611484577,0.9362714656983536,-0.1984230585666802,0.0,0
Korea,KOR,410,2023,Exports,0.723612347176996,0.860532347806271,0.9801505001583274,0.934082190553043,-0.21046984337604702,0.0,0
Korea,KOR,410,2024,Exports,0.7295451489492926,0.8692128311351152,0.9846096991080188,0.9391579788403824,-0.20961282989108987,0.0,0
Kyrgyzstan,KGZ,417,1995,Exports,0.983998361603833,0.9686277124046943,0.1713966984779102,0.8556164704749143,0.12838189112891873,0.0,0
Kyrgyzstan,KGZ,417,1996,Exports,0.9849131967763228,0.9717922211364283,0.16459031017228898,0.8689533485843126,0.11595984819201022,0.0,0
Kyrgyzstan,KGZ,417,2000,Exports,0.9811132590196789,0.9762563331966727,0.5555444285971318,0.9673621018282128,0.013751157191466135,0.0,0
Kyrgyzstan,KGZ,417,2001,Exports,0.9780425924681462,0.9725890499061023,0.5810900406997086,0.9704857204904797,0.007556871977666524,0.0,0
Kyrgyzstan,KGZ,417,2002,Exports,0.9815814710141655,0.9817478681403674,0.5013828418412108,0.9650151400965464,0.016566330917619054,0.0,0
Kyrgyzstan,KGZ,417,2003,Exports,0.9835654796819816,0.9827917600289224,0.5625230710393576,0.9637017496772567,0.019863730004724856,0.0,0
Kyrgyzstan,KGZ,417,2004,Exports,0.9843876886503974,0.9808821830032266,0.5024247755098885,0.962817625229565,0.02157006342083234,0.0,0
Kyrgyzstan,KGZ,417,2005,Exports,0.9681903779820351,0.9668091209082504,0.6065500333018947,0.9587433719728392,0.009447006009195902,0.0,0
Kyrgyzstan,KGZ,417,2006,Exports,0.95640371888682,0.9601546275391578,0.6280077983678776,0.9514444285623878,0.004959290324432208,0.0,0
Kyrgyzstan,KGZ,417,2007,Exports,0.9503069358156435,0.9567493825708251,0.5817411355408629,0.9518158196081444,-0.0015088837925009146,0.0,0
Kyrgyzstan,KGZ,417,2008,Exports,0.9637388123825713,0.9315027048193408,0.5709006827939537,0.9542199613475252,0.009518851035046128,0.0,0
Kyrgyzstan,KGZ,417,2009,Exports,0.9727968366818828,0.981309618698298,0.5872958140801694,0.9573590731741568,0.015437763507725966,0.0,0
Kyrgyzstan,KGZ,417,2010,Exports,0.9629424527631937,0.9681044428025106,0.6350868419078626,0.9632583857353888,-0.00031593297219512095,0.0,0
Kyrgyzstan,KGZ,417,2011,Exports,0.9565958301469705,0.9673497049727694,0.6569156918716302,0.9646225807645484,-0.00802675061757796,0.0,0
Kyrgyzstan,KGZ,417,2012,Exports,0.9389193765759836,0.9603800078248836,0.5711792654540955,0.9486626700828242,-0.009743293506840667,0.0,0
Kyrgyzstan,KGZ,417,2013,Exports,0.9393112090996392,0.9602828652670928,0.6639889736942864,0.9560136744607206,-0.016702465361081442,0.0,0
Kyrgyzstan,KGZ,417,2014,Exports,0.9554108924021931,0.9640691716164539,0.6457977736396197,0.961770891152608,-0.00635999875041493,0.0,0
Kyrgyzstan,KGZ,417,2015,Exports,0.9482769187381882,0.9724860360406017,0.6542928946951179,0.9615161244005556,-0.01323920566236736,0.0,0
Kyrgyzstan,KGZ,417,2016,Exports,0.9557825731154477,0.9739565374478659,0.6546034748539178,0.9638190566642236,-0.008036483548775952,0.0,0
Kyrgyzstan,KGZ,417,2017,Exports,0.9523060920401111,0.9709454243613456,0.699840925092621,0.9597738050406446,-0.007467713000533505,0.0,0
Kyrgyzstan,KGZ,417,2018,Exports,0.9531989423913693,0.9549035778593007,0.7162838200598051,0.9634539036199086,-0.010254961228539305,0.0,0
Kyrgyzstan,KGZ,417,2019,Exports,0.9533519214408592,0.962149959734872,0.6964488037685952,0.9633206000117298,-0.009968678570870582,0.0,0
Kyrgyzstan,KGZ,417,2020,Exports,0.9550728299575305,0.9740447716038856,0.6497939025615429,0.966192846194005,-0.011120016236474517,0.0,0
Kyrgyzstan,KGZ,417,2021,Exports,0.9559266804615861,0.975162820165771,0.6955391650572356,0.9722048914935076,-0.016278211031921508,0.0,0
Kyrgyzstan,KGZ,417,2022,Exports,0.9299047955805715,0.9312397024126065,0.6909460819803401,0.9264899919275424,0.0034148036530290415,0.0,0
Kyrgyzstan,KGZ,417,2023,Exports,0.9179483123947729,0.960726444875367,0.7169200946830673,0.9492816663629806,-0.03133335396820769,0.0,0
Kyrgyzstan,KGZ,417,2024,Exports,0.9308992717843204,0.9645972471058581,0.6882411330503937,0.9549922175355504,-0.02409294575123,0.0,0
Luxembourg,LUX,442,1999,Exports,0.9154362637880756,0.865250237052526,0.861073841497132,0.9478291904791372,-0.03239292669106153,0.0,0
Luxembourg,LUX,442,2000,Exports,0.9171418722248212,0.8870435268454451,0.8773059285777589,0.9513331416710532,-0.034191269446231964,0.0,0
Luxembourg,LUX,442,2001,Exports,0.9106555980584087,0.8974659901885612,0.8826605558592171,0.9517132761057804,-0.041057678047371704,0.0,0
Luxembourg,LUX,442,2002,Exports,0.903935400669905,0.8855618153986987,0.8767957612233825,0.9505025561478078,-0.0465671554779028,0.0,0
Luxembourg,LUX,442,2003,Exports,0.9005568127551248,0.8585257484791411,0.891095607675568,0.9463497200661466,-0.04579290731102181,0.0,0
Luxembourg,LUX,442,2004,Exports,0.9035515920091579,0.861459885100707,0.8909904822142026,0.947220758228303,-0.04366916621914507,0.0,0
Luxembourg,LUX,442,2005,Exports,0.9039849908536842,0.8756804480682758,0.8932819254726492,0.9471491755548992,-0.04316418470121497,0.0,0
Luxembourg,LUX,442,2006,Exports,0.902021317124334,0.859864340506149,0.901094193217788,0.9486725428641434,-0.0466512257398094,0.0,0
Luxembourg,LUX,442,2007,Exports,0.9038001304616216,0.8615901868428477,0.8901340887964448,0.9470789850039693,-0.0432788545423477,0.0,0
Luxembourg,LUX,442,2008,Exports,0.9099434765794462,0.8542224069766269,0.9005340915615337,0.9469553650158548,-0.03701188843640857,0.0,0
Luxembourg,LUX,442,2009,Exports,0.8996532869883377,0.8484859350979872,0.8957895797468799,0.9412424084296728,-0.041589121441335086,0.0,0
Luxembourg,LUX,442,2010,Exports,0.911060461345111,0.8609682779807757,0.9038768572095393,0.9443361551237366,-0.033275693778625604,0.0,0
Luxembourg,LUX,442,2011,Exports,0.9098586690218861,0.8710676499714188,0.8858716475106463,0.945752525391117,-0.035893856369230925,0.0,0
Luxembourg,LUX,442,2012,Exports,0.9086045565858137,0.8530520403078665,0.8107544784345557,0.944094403175174,-0.035489846589360274,0.0,0
Luxembourg,LUX,442,2013,Exports,0.9084046137931865,0.8532490383848615,0.9122239716449372,0.9432570978060756,-0.034852484012889096,0.0,0
Luxembourg,LUX,442,2014,Exports,0.9035862911982435,0.8622086515269883,0.91355810245382,0.9432310471860588,-0.03964475598781525,0.0,0
Luxembourg,LUX,442,2015,Exports,0.8956839260842347,0.8432274984450112,0.9095207770398869,0.9420229209672208,-0.046338994882986095,0.0,0
Luxembourg,LUX,442,2016,Exports,0.88800069540577,0.8364647014236097,0.9168760532650426,0.9411877479015456,-0.0531870524957756,0.0,0
Luxembourg,LUX,442,2017,Exports,0.8941579925789263,0.8488963408729082,0.9070924454004261,0.939224378677441,-0.045066386098514766,0.0,0
Luxembourg,LUX,442,2018,Exports,0.8961458404331347,0.8476958431149688,0.9283574587711553,0.9393521451173064,-0.04320630468417164,0.0,0
Luxembourg,LUX,442,2019,Exports,0.8911208863364886,0.8401537465450092,0.9356017895475152,0.9416480792207332,-0.050527192884244676,0.0,0
Luxembourg,LUX,442,2020,Exports,0.8915992794460469,0.835970943005048,0.9073376814641455,0.9377486359851784,-0.04614935653913155,0.0,0
Luxembourg,LUX,442,2021,Exports,0.8950679836146218,0.841192913793873,0.9139892459858675,0.9429658487172304,-0.04789786510260863,0.0,0
Luxembourg,LUX,442,2022,Exports,0.9027155541173294,0.8556575901990437,0.8474876729069378,0.94622465098215,-0.04350909686482063,0.0,0
Luxembourg,LUX,442,2023,Exports,0.8910108143707439,0.847528952321281,0.9263695930393612,0.9449965681431702,-0.053985753772426315,0.0,0
Luxembourg,LUX,442,2024,Exports,0.8881927700847118,0.8491078543071862,0.8678312669018723,0.9451728872814972,-0.05698011719678542,0.0,0
Mauritania,MRT,478,2000,Exports,0.9993066584848547,0.999037561248476,0.001646070204539583,0.8504318975067608,0.14887476097809382,0.0,0
Mauritania,MRT,478,2001,Exports,0.9992281354734915,0.9989675639051301,0.002084480414369619,0.8406925641549643,0.15853557131852725,0.0,0
Mauritania,MRT,478,2002,Exports,0.9991778116434622,0.9989163026048926,0.001383061860489457,0.8266372381026996,0.17254057354076258,0.0,0
Mauritania,MRT,478,2003,Exports,0.999285029130151,0.998959496886322,0.0013127684539507088,0.8106018981970868,0.1886831309330642,0.0,0
Mauritania,MRT,478,2004,Exports,0.9991209330891231,0.9986996284525803,0.0017238245165272473,0.8835860615496587,0.1155348715394644,0.0,0
Mauritania,MRT,478,2005,Exports,0.9984761743470771,0.9980220256995784,0.002379961762423833,0.8953811533365985,0.10309502101047863,0.0,0
Mauritania,MRT,478,2007,Exports,0.9762891634814941,0.9308795517373325,0.07384998346050442,0.757676097099443,0.21861306638205114,0.0,0
Mauritania,MRT,478,2008,Exports,0.9752335567012266,0.9136036855733054,0.09590257366524342,0.9034576288252498,0.07177592787597675,4.592488154175247e-05,0
Mauritania,MRT,478,2009,Exports,0.9772802229247628,0.9345179824360177,0.07277573961626935,0.8831189223310598,0.09416130059370298,0.0,0
Mauritania,MRT,478,2010,Exports,0.9797231560216098,0.9254430787959131,0.09441474743842655,0.926240318916423,0.053482837105186753,0.0,0
Mauritania,MRT,478,2011,Exports,0.9852858300744811,0.9187930931838793,0.13021074302112193,0.9222111496784192,0.0630746803960619,0.0,0
Mauritania,MRT,478,2012,Exports,0.973228017314276,0.8994649506128722,0.15452227419544587,0.9078305546076896,0.06539746270658642,0.0,0
Mauritania,MRT,478,2013,Exports,0.9938983367555303,0.9758374375572038,0.06104686554677067,0.93668814113789,0.05721019561764029,0.0,0
Mauritania,MRT,478,2014,Exports,0.9932290952133344,0.971998171232849,0.05471837893661565,0.903402386671318,0.08982670854201635,0.0008131322608173947,0
Mauritania,MRT,478,2015,Exports,0.9930025330808825,0.96183285961501,0.08415650841646255,0.8926625905399566,0.10033994254092593,0.0,0
Mauritania,MRT,478,2016,Exports,0.996545244744272,0.9925045966422644,0.03364647970003376,0.9434364292969728,0.053108815447299174,0.0,0
Mauritania,MRT,478,2017,Exports,0.996378054502956,0.9926929736622946,0.02232209869600254,0.9347508872804988,0.0616271672224572,0.0,0
Mauritania,MRT,478,2018,Exports,0.9972153053637609,0.9915969397174234,0.04978467766141986,0.9420292466877952,0.05518605867596571,0.0,0
Mauritania,MRT,478,2019,Exports,0.9986878744774926,0.9970684676658489,0.03398261591433421,0.956181126310848,0.04250674816664468,0.0,0
Mauritania,MRT,478,2020,Exports,0.9822758325234029,0.9729423126110048,0.22408140396035622,0.9732194277640224,0.00905640475938052,0.0,0
Mauritania,MRT,478,2021,Exports,0.9863980592362014,0.9832392304526761,0.18953414559472465,0.9806586130280692,0.0057394462081321596,0.0,0
Mauritania,MRT,478,2022,Exports,0.9836011997562875,0.9777315257113748,0.19924372468964344,0.9778950141549284,0.005706185601359048,0.0,0
Mauritania,MRT,478,2023,Exports,0.9791527244136004,0.9751371495802937,0.27650481959042783,0.9775093193679514,0.0016434050456489713,0.0,0
Mauritania,MRT,478,2024,Exports,0.979075377345286,0.9746668586405928,0.23692954921455023,0.9778111380139268,0.0012642393313592182,0.0,0
Mexico,MEX,484,1990,Exports,0.8578216459064628,0.9439031842784217,0.9159067592471294,0.9490982808662562,-0.09127663495979343,0.0,0
Mexico,MEX,484,1991,Exports,0.8257844869896422,0.931503898538215,0.9193656847741446,0.9430784167306748,-0.11729392974103259,0.0,0
Mexico,MEX,484,1992,Exports,0.7723083150729321,0.9166066441187429,0.9184337220023971,0.920613902325062,-0.14830558725212994,0.0,0
Mexico,MEX,484,1993,Exports,0.7636916315393903,0.9092096962116535,0.9293945580169674,0.920031370992518,-0.15633973945312762,0.0,0
Mexico,MEX,484,1994,Exports,0.7540867397933526,0.9017818370266192,0.9480265355803574,0.9233783484944912,-0.16929160870113857,0.0,0
Mexico,MEX,484,1995,Exports,0.7284219637919888,0.8931471737982488,0.9467986562913351,0.9146308179753786,-0.18620885418338984,0.0,0
Mexico,MEX,484,1996,Exports,0.7198193550347635,0.8989415822334923,0.9530205666848863,0.9211916609510976,-0.20137230591633415,0.0,0
Mexico,MEX,484,1997,Exports,0.7169407347955382,0.88860332411157,0.9623444898843844,0.9193942044955918,-0.20245346970005362,0.0,0
Mexico,MEX,484,1998,Exports,0.7009245249475601,0.8618327472706739,0.9660285014792953,0.9193243358807728,-0.2183998109332127,0.0,0
Mexico,MEX,484,1999,Exports,0.6932906158020429,0.8564944313905322,0.9626663765328429,0.9241511440560816,-0.2308605282540387,0.0,0
Mexico,MEX,484,2000,Exports,0.6852798540027519,0.8583358907265648,0.9685998551539114,0.9277066293320432,-0.24242677532929124,0.0,0
Mexico,MEX,484,2001,Exports,0.692034245734431,0.8501586368985652,0.9749487055729291,0.9292997775157672,-0.23726553178133625,0.0,0
Mexico,MEX,484,2002,Exports,0.6889998595230395,0.8537270177485006,0.9648104901115842,0.9304290654858398,-0.24142920596280026,0.0,0
Mexico,MEX,484,2003,Exports,0.6866185931261508,0.8635970641316751,0.9603735476364317,0.9306289606641432,-0.24401036753799243,0.0,0
Mexico,MEX,484,2004,Exports,0.6879630547529013,0.868493539411021,0.9519731051574664,0.930329975718432,-0.2423669209655307,0.0,0
Mexico,MEX,484,2005,Exports,0.6781178318313009,0.8718611615362826,0.9736730618284608,0.9342846014633266,-0.25616676963202567,0.0,0
Mexico,MEX,484,2006,Exports,0.6824977084403573,0.8711827686260388,0.9754069419177788,0.9377274840957728,-0.2552297756554155,0.0,0
Mexico,MEX,484,2007,Exports,0.7394023481461943,0.893502723356884,0.8796573197581677,0.936213741001072,-0.1968113928548777,0.0,0
Mexico,MEX,484,2008,Exports,0.6799005562601979,0.8710806988074631,0.9694373283854906,0.9344366877608536,-0.2545361315006558,0.0,0
Mexico,MEX,484,2009,Exports,0.7004220870480752,0.8753657686595872,0.9742203132084626,0.932306739982933,-0.23188465293485783,0.0,0
Mexico,MEX,484,2010,Exports,0.6985075513744075,0.8724037247545319,0.978019304946728,0.9362841222157364,-0.23777657084132897,0.0,0
Mexico,MEX,484,2011,Exports,0.6877831670295167,0.8707377111788475,0.980268151015685,0.9373451751237154,-0.2495620080941987,0.0,0
Mexico,MEX,484,2012,Exports,0.6824431538861051,0.8632980468341669,0.9660435110790923,0.9365450051660312,-0.2541018512799261,0.0,0
Mexico,MEX,484,2013,Exports,0.6850940283180339,0.854286424000882,0.973946479459749,0.9357938121792576,-0.2506997838612237,0.0,0
Mexico,MEX,484,2014,Exports,0.7284909715024179,0.8612674349599111,0.8392726192942919,0.9293805566051668,-0.2008895851027489,0.0,0
Mexico,MEX,484,2015,Exports,0.7359481331598213,0.8376227370382446,0.8735599157113142,0.9234606995576068,-0.18751256639778546,0.0,0
Mexico,MEX,484,2016,Exports,0.7420983949156804,0.8399232483309195,0.8712752820377213,0.9232899825431636,-0.18119158762748322,0.0,0
Mexico,MEX,484,2017,Exports,0.7608561584593159,0.8609237750984742,0.8381657379938013,0.9254148626138056,-0.1645587041544897,0.0,0
Mexico,MEX,484,2018,Exports,0.7563973829751073,0.861463341681316,0.841562429386906,0.926862787045811,-0.17046540407070376,0.0,0
Mexico,MEX,484,2019,Exports,0.7657330481912371,0.8572797290869888,0.8469616125849568,0.9270361161210778,-0.16130306792984073,1.7177189741227754e-06,0
Mexico,MEX,484,2020,Exports,0.7706584156676292,0.8496830177268209,0.838228418632519,0.9230471126486566,-0.15238869698102742,4.1545416645993066e-05,0
Mexico,MEX,484,2021,Exports,0.7743458911790958,0.8592085505891544,0.847909671713226,0.921121478530037,-0.1467755873509412,0.0,0
Mexico,MEX,484,2022,Exports,0.7770592082402462,0.867674817358885,0.8479916400950039,0.9207080127111368,-0.14364880447089057,0.0,0
Mexico,MEX,484,2023,Exports,0.763367861203855,0.8541416128237875,0.8426051857274801,0.9218811634673196,-0.1585133022634646,0.0,0
Mexico,MEX,484,2024,Exports,0.7555221372501072,0.8396257888189134,0.8506275493601682,0.9222355623141258,-0.16671342506401865,0.0,0
Morocco,MAR,504,1993,Exports,0.9661837065367892,0.95256717335998,0.5634449894896385,0.93835862795918,0.027825078577609186,0.0,0
Morocco,MAR,504,1994,Exports,0.966292035227575,0.9509449836554862,0.6170198504915765,0.9415387957193144,0.024753239508260583,0.0,0
Morocco,MAR,504,1995,Exports,0.971127412287028,0.9556193838722669,0.5890619036875424,0.9458930545175042,0.025234357769523874,0.0,0
Morocco,MAR,504,1996,Exports,0.9748481776568279,0.9613149502510511,0.5194304873554372,0.950651996360888,0.02419618129593981,7.815081905670025e-05,0
Morocco,MAR,504,1997,Exports,0.975339728730021,0.9645279781144703,0.5446428121985654,0.953242081389614,0.02209764734040698,0.0,0
Morocco,MAR,504,1998,Exports,0.962827494753479,0.9546315571746372,0.5814341576388344,0.946931014431369,0.015896480322109996,0.0,0
Morocco,MAR,504,1999,Exports,0.9620948965697308,0.9552891573256772,0.628330960729832,0.9487033739803714,0.013391522589359384,6.6646959507304546e-09,0
Morocco,MAR,504,2000,Exports,0.9574029211899436,0.9474797846182131,0.7135727196592224,0.9493140976938236,0.008088823496120057,0.0,0
Morocco,MAR,504,2001,Exports,0.9564564643249531,0.9513876215714463,0.7190868656799199,0.9511458627328966,0.005310601592056541,0.0,0
Morocco,MAR,504,2002,Exports,0.958188402080562,0.9399512243793465,0.7482385194647693,0.9515928859156776,0.006595516164884407,0.0,0
Morocco,MAR,504,2003,Exports,0.9589916954832872,0.9333619379883547,0.7123941248350593,0.9505749796418288,0.008416715841458422,0.0,0
Morocco,MAR,504,2004,Exports,0.9568290394261262,0.935058992813805,0.7063765530573665,0.9507439436926686,0.006085095733457613,0.0,0
Morocco,MAR,504,2005,Exports,0.9545067199537464,0.9304478310711453,0.7153886661804814,0.9495077490433272,0.0049989709104191205,0.0,0
Morocco,MAR,504,2006,Exports,0.9538670973657076,0.9286967521431401,0.7192002776237156,0.9484270307114276,0.005440066654279985,0.0,0
Morocco,MAR,504,2007,Exports,0.9563992978727281,0.9266958438474893,0.6748508409128535,0.9485225174603004,0.007876780412427786,0.0,0
Morocco,MAR,504,2008,Exports,0.9619914001810378,0.9319750105309912,0.641449882200999,0.9583398951858092,0.003651504995228594,5.05827087529313e-07,0
Morocco,MAR,504,2009,Exports,0.946736417186081,0.9155004231234343,0.7320086187632742,0.9443318353706096,0.0024045818154714294,2.5423267340924714e-05,0
Morocco,MAR,504,2010,Exports,0.9542709452278155,0.9067973120977,0.679525892880321,0.953582746104668,0.0006881991231475482,0.0009855795482284436,0
Morocco,MAR,504,2011,Exports,0.9537598183517138,0.9217168838752536,0.6573216247228131,0.9557669251638304,-0.002007106812116688,0.002746439317428839,0
Morocco,MAR,504,2012,Exports,0.9471871397824771,0.922309266386878,0.7235562385063162,0.9554212762098022,-0.008234136427325067,0.00010848149733856613,0
Morocco,MAR,504,2013,Exports,0.9404487996454576,0.9259219888944765,0.7050007519255383,0.9537180279888318,-0.013269228343374184,0.0018223821970076888,0
Morocco,MAR,504,2014,Exports,0.9397355315320943,0.9187254017320728,0.657290631042236,0.9543771670874376,-0.014641635555343258,0.0020086281090470857,0
Morocco,MAR,504,2015,Exports,0.9321009222389407,0.9103710698289503,0.8040853067627282,0.9561757491965754,-0.024074826957634743,0.0,0
Morocco,MAR,504,2016,Exports,0.9312420596582492,0.9160770822215405,0.8182283303848004,0.9567769185412532,-0.025534858883003997,0.0,0
Morocco,MAR,504,2017,Exports,0.9309417475434797,0.915547595570519,0.8141293633903967,0.9578256000300758,-0.026883852486596083,0.0,0
Morocco,MAR,504,2018,Exports,0.9320878810757022,0.9157478053247894,0.8661908785928272,0.9595135482944211,-0.027425667218718974,0.0,0
Morocco,MAR,504,2019,Exports,0.9274604117469222,0.9073524463319014,0.826695025920267,0.959665423314148,-0.03220501156722577,0.0,0
Morocco,MAR,504,2020,Exports,0.9339922446415941,0.9053023791901664,0.8418542557595254,0.958548517805643,-0.024556273164048847,0.0,0
Morocco,MAR,504,2021,Exports,0.9415035298858055,0.9083114202559477,0.8076525250206111,0.9603607360881572,-0.01885720620235165,0.0,0
Morocco,MAR,504,2022,Exports,0.9469472641914626,0.9183394419130059,0.7993439466529324,0.9652457740660878,-0.018298509874625224,0.0,0
Morocco,MAR,504,2023,Exports,0.934583212527628,0.918526161273025,0.8357639341675951,0.9649659264907524,-0.03038271396312442,0.0,0
Morocco,MAR,504,2024,Exports,0.9410813414050856,0.9312119264542924,0.8353276175310165,0.9704883989139316,-0.02940705750884598,0.0,0
Mozambique,MOZ,508,2000,Exports,0.990357454478673,0.9846218788085178,0.37111487256516573,0.9724257915427998,0.017931662935873116,0.01916316894118119,0
Mozambique,MOZ,508,2001,Exports,0.9925003688295753,0.9902194150108592,0.41343204171661124,0.986677998210908,0.005822370618667305,0.0,0
Mozambique,MOZ,508,2002,Exports,0.9901460433729181,0.9913084398853932,0.47547242172244975,0.9826795356504716,0.007466507722446503,0.0,0
Mozambique,MOZ,508,2003,Exports,0.986148932531624,0.9848447574361883,0.567921635222324,0.9842612347493672,0.0018876977822567254,0.0,0
Mozambique,MOZ,508,2004,Exports,0.9875328848227337,0.9694214997929367,0.5393961542823769,0.9854217659281408,0.0021111188945929227,0.0,0
Mozambique,MOZ,508,2005,Exports,0.9881043023157341,0.9823561360201627,0.5079691218406139,0.9874149839311568,0.0006893183845773088,0.0,0
Mozambique,MOZ,508,2006,Exports,0.9852750269120928,0.9740954896268371,0.5655375707739563,0.9895126239366924,-0.004237597024599582,0.0,0
Mozambique,MOZ,508,2007,Exports,0.9876971378266315,0.9806337534591573,0.5044709704067294,0.98719557050506,0.0005015673215714722,0.0,0
Mozambique,MOZ,508,2008,Exports,0.9857419571223432,0.9722368872775635,0.6000207632228471,0.9844236198302124,0.0013183372921308223,0.0,0
Mozambique,MOZ,508,2009,Exports,0.9738911285554727,0.9575545985255233,0.5002966322484237,0.9631911480557938,0.010699980499678907,3.368711560377839e-07,0
Mozambique,MOZ,508,2010,Exports,0.9899715240756323,0.9797670205665583,0.43777656941949783,0.9853946789778982,0.004576845097734039,0.0,0
Mozambique,MOZ,508,2011,Exports,0.9859469746172554,0.9518484919560771,0.43117866351667894,0.9767746147973017,0.00917235981995379,0.0,0
Mozambique,MOZ,508,2012,Exports,0.9906860154312339,0.9580972678759054,0.4407247976805005,0.9792229028692248,0.011463112562009159,0.0,0
Mozambique,MOZ,508,2013,Exports,0.9813834664318053,0.952186736953465,0.49278181185953795,0.9781620546931038,0.0032214117387014962,0.0,0
Mozambique,MOZ,508,2014,Exports,0.9852062601734071,0.9602013202150729,0.49189947216816154,0.9781595792192972,0.007046680954109874,9.322880414477947e-05,0
Mozambique,MOZ,508,2015,Exports,0.9887564191664493,0.9707446278682105,0.5001336225250906,0.9810252749758832,0.007731144190566086,0.0009400356376264051,0
Mozambique,MOZ,508,2016,Exports,0.9897186798439807,0.9794690592870551,0.5640663609395815,0.9821478389463107,0.007570840897669906,0.0012329444830444188,0
Mozambique,MOZ,508,2017,Exports,0.9893841252695249,0.9766292711987241,0.624538377890899,0.9874675420555604,0.0019165832139644845,0.0,0
Mozambique,MOZ,508,2018,Exports,0.9894209548300106,0.9759900122312215,0.627726490709511,0.9851154400626584,0.004305514767352192,0.0,0
Mozambique,MOZ,508,2019,Exports,0.9867257525060955,0.9715160612336095,0.6221070072681015,0.9854380256876398,0.0012877268184556812,0.0,0
Mozambique,MOZ,508,2020,Exports,0.9878583627391824,0.9805748774035645,0.6117572314973254,0.984226803357769,0.0036315593814133518,0.0,0
Mozambique,MOZ,508,2021,Exports,0.9870305448065759,0.9791228900286457,0.6469139674696733,0.9865943968467864,0.0004361479597895235,0.0,0
Mozambique,MOZ,508,2022,Exports,0.9808644859143908,0.9567278390768118,0.612453234198453,0.9882399999850228,-0.007375514070631972,8.629715803604333e-08,0
Mozambique,MOZ,508,2023,Exports,0.9818714683351192,0.9600883831278947,0.5764393268859338,0.9823835160516804,-0.0005120477165612147,0.0,0
Mozambique,MOZ,508,2024,Exports,0.9818425423112715,0.9610285473280912,0.6362522485667752,0.9887944490229256,-0.006951906711654021,0.0,0
Netherlands,NLD,528,1992,Exports,0.692369053684594,0.7663306112935061,0.9732133872338353,0.8497370951396179,-0.15736804145502392,0.0,0
Netherlands,NLD,528,1993,Exports,0.6772197813097613,0.7713604418237502,0.9746408707839298,0.8483198037337996,-0.1711000224240382,0.0,0
Netherlands,NLD,528,1994,Exports,0.6695825117335624,0.7613902826621953,0.9732763606938433,0.8450475721771826,-0.1754650604436202,0.0,0
Netherlands,NLD,528,1995,Exports,0.6626160025197653,0.7752648321594877,0.972073719393266,0.850696683182536,-0.18808068066277073,0.0,0
Netherlands,NLD,528,1996,Exports,0.6692275626477483,0.8026319196722287,0.9547741302961958,0.8495507719180766,-0.1803232092703283,0.0,0
Netherlands,NLD,528,1997,Exports,0.6629601560697026,0.8188348008043523,0.9802034878564351,0.8439814770031964,-0.18102132093349377,0.0,0
Netherlands,NLD,528,1998,Exports,0.6487113910333312,0.8250572494692675,0.9799243123052745,0.8530652704901209,-0.20435387945678973,0.0,0
Netherlands,NLD,528,1999,Exports,0.6438517660851264,0.8211609246999565,0.9658847830758451,0.8596849049386144,-0.21583313885348798,0.0,0
Netherlands,NLD,528,2000,Exports,0.6375132673601763,0.851280640248011,0.9646054856089896,0.8724772366733924,-0.23496396931321606,0.0,0
Netherlands,NLD,528,2001,Exports,0.6666102921792858,0.8659492722727701,0.9591078274566037,0.8675736324604468,-0.20096334028116103,0.0,0
Netherlands,NLD,528,2002,Exports,0.6726253026857877,0.8439532488600552,0.8927925854896761,0.866813046858816,-0.1941877441730283,0.0,0
Netherlands,NLD,528,2003,Exports,0.6461697164456062,0.8285904583486926,0.9713245370156656,0.8665649803855311,-0.22039526393992492,0.0,0
Netherlands,NLD,528,2004,Exports,0.6428726182319306,0.8292676745697751,0.9700680911582966,0.8703929872994081,-0.2275203690674774,2.2635449436970164e-08,0
Netherlands,NLD,528,2005,Exports,0.6466509760259633,0.8491991821660135,0.9651231287477281,0.874240704160324,-0.22758972813436062,0.0,0
Netherlands,NLD,528,2006,Exports,0.6535651079423762,0.8571362438962093,0.9610865519006434,0.874774187697489,-0.22120907975511284,0.0,0
Netherlands,NLD,528,2007,Exports,0.645867156357135,0.8506291391818144,0.9345351673668632,0.8723611707483774,-0.2264940143912424,0.0,0
Netherlands,NLD,528,2008,Exports,0.6506943299716712,0.8700575711406925,0.9419382932921048,0.8705629651884663,-0.21986863521679512,0.0,0
Netherlands,NLD,528,2009,Exports,0.6298362775880318,0.8461696738742364,0.9478777680747464,0.8669588743505316,-0.2371225967624998,0.0,0
Netherlands,NLD,528,2010,Exports,0.6439169291727316,0.861728348206139,0.9537307564901978,0.8755791058477678,-0.2316621766750362,0.0,0
Netherlands,NLD,528,2011,Exports,0.6482919285945898,0.8775538209756296,0.9740334213297468,0.8651474411646352,-0.21685551257004532,0.0,0
Netherlands,NLD,528,2012,Exports,0.6497788685063218,0.8714208083619305,0.973643153538835,0.869405030840305,-0.21962616233398313,0.0,0
Netherlands,NLD,528,2013,Exports,0.6607481918160019,0.8782216738886935,0.9764706588587994,0.8678964641861553,-0.20714827237015343,0.0,0
Netherlands,NLD,528,2014,Exports,0.6468365306569845,0.8651759615653601,0.9842315760788731,0.8635689655979994,-0.2167324349410149,0.0,0
Netherlands,NLD,528,2015,Exports,0.6351363999407669,0.843239588525588,0.9905635751650453,0.8658352056023013,-0.23069880566153445,0.0,0
Netherlands,NLD,528,2016,Exports,0.6373752317579227,0.8300940625372958,0.9821450165348967,0.867437019394645,-0.23006178763672236,0.0,0
Netherlands,NLD,528,2017,Exports,0.6307451031478847,0.8361822993093296,0.9895801940903458,0.8737993274152314,-0.24305422426734669,0.0,0
Netherlands,NLD,528,2018,Exports,0.6313579101093681,0.8454010689414997,0.9898280216852067,0.8753036134642822,-0.24394570335491406,0.0,0
Netherlands,NLD,528,2019,Exports,0.6275155919993927,0.8460631922874562,0.9933666812559403,0.8760313099352317,-0.24851571793583904,0.0,0
Netherlands,NLD,528,2020,Exports,0.6155138892193033,0.8151767267815544,0.9911404639985455,0.8710542766360196,-0.25554038741671636,0.0,0
Netherlands,NLD,528,2021,Exports,0.6166442799641932,0.8214003218443556,0.9874208232553161,0.8715219932286109,-0.25487771326441766,0.0,0
Netherlands,NLD,528,2022,Exports,0.6188205100813307,0.8342046642474049,0.9909101896939754,0.8684906494872209,-0.24967013940589022,1.150428595050065e-09,0
Netherlands,NLD,528,2023,Exports,0.6075930643119157,0.8252171180344288,0.9974543329855944,0.8689864995752243,-0.2613934352633086,0.0,0
Netherlands,NLD,528,2024,Exports,0.6093233176783273,0.8222928414863436,0.998679863106626,0.8680824179173119,-0.25875910023898463,0.0,0
New Zealand,NZL,554,1989,Exports,0.9337783534050008,0.9211670549233547,0.8881859784828441,0.9498168736946038,-0.016038520289602953,0.0,0
New Zealand,NZL,554,1990,Exports,0.9250707730187417,0.9009130274193152,0.897252934341253,0.94864888228759,-0.02357810926884829,0.0,0
New Zealand,NZL,554,1991,Exports,0.915996676056154,0.8904376654187754,0.9164946823597517,0.945624831262024,-0.029628155205870033,0.0,0
New Zealand,NZL,554,1992,Exports,0.9089262716746993,0.8881110750761391,0.920407496384586,0.9433916878754672,-0.03446541620076793,0.0,0
New Zealand,NZL,554,1993,Exports,0.9112952838354765,0.891383103155511,0.9269967006005142,0.9437186747919196,-0.03242339095644309,0.0,0
New Zealand,NZL,554,1994,Exports,0.9105334640561619,0.8882481454719755,0.9173592234179805,0.9415814746470405,-0.031048010590878583,0.0,0
New Zealand,NZL,554,1995,Exports,0.9104534715261601,0.8855617397093063,0.9218427065234277,0.9423589540287838,-0.031905482502623705,0.0,0
New Zealand,NZL,554,1996,Exports,0.9126153775361416,0.8920123533944475,0.9010722117816776,0.9421404564509216,-0.029525078914779956,0.0,0
New Zealand,NZL,554,1997,Exports,0.909353327594432,0.8860038707395899,0.9200467265275839,0.9413487345582856,-0.03199540696385361,0.0,0
New Zealand,NZL,554,1998,Exports,0.9083893206436772,0.8845934967245095,0.9239246609290089,0.9386359281534618,-0.030246607509784584,0.0,0
New Zealand,NZL,554,1999,Exports,0.9029062386207903,0.8710295764039412,0.9262557882118185,0.9371518567846426,-0.0342456181638523,0.0,0
New Zealand,NZL,554,2000,Exports,0.9045575761734451,0.8686554316933247,0.9317806378886972,0.9416140068849156,-0.03705643071147047,0.0,0
New Zealand,NZL,554,2001,Exports,0.9104913909015308,0.8714433400075671,0.9319847482054968,0.9438573265944612,-0.03336593569293045,0.0,0
New Zealand,NZL,554,2002,Exports,0.9060064599514889,0.856155147115183,0.9251581426009748,0.9413310260241594,-0.03532456607267054,0.0,0
New Zealand,NZL,554,2003,Exports,0.9043466771794008,0.8512320067052788,0.9279388144930164,0.9368600653695534,-0.03251338819015259,0.0,0
New Zealand,NZL,554,2004,Exports,0.9021854576928227,0.8440945434874845,0.9390378323731043,0.9371766040281446,-0.034991146335321965,0.0,0
New Zealand,NZL,554,2005,Exports,0.8990527683137616,0.8362942400627876,0.9441459181208613,0.937049757674427,-0.03799698936066542,0.0,0
New Zealand,NZL,554,2006,Exports,0.8996214128449329,0.8351508967937064,0.9484528403995691,0.9380100558134916,-0.038388642968558706,0.0,0
New Zealand,NZL,554,2007,Exports,0.8968045748992461,0.8864554213639788,0.9358735025909135,0.9391724613103868,-0.04236788641114064,0.0,0
New Zealand,NZL,554,2008,Exports,0.8908458676837694,0.888159701334283,0.926060439939689,0.944146720820654,-0.053300853136884596,0.0,0
New Zealand,NZL,554,2009,Exports,0.8970439534397349,0.8928798213458655,0.9354399852450132,0.9433085313723288,-0.046264577932593975,0.0,0
New Zealand,NZL,554,2010,Exports,0.8885747036302905,0.8969855309234689,0.9296194568404493,0.9418726848878034,-0.05329798125751295,0.0,0
New Zealand,NZL,554,2011,Exports,0.9005746861211852,0.8852697268344194,0.9279783214217694,0.9499751109957106,-0.04940042487452545,0.0,0
New Zealand,NZL,554,2012,Exports,0.8485436750642281,0.8771692898723198,0.9082955959388325,0.9309771396764566,-0.08243346461222845,0.0,0
New Zealand,NZL,554,2013,Exports,0.8569919531036428,0.8677965070679641,0.9263245567650609,0.93298748743149,-0.07599553432784711,0.0,0
New Zealand,NZL,554,2014,Exports,0.8640098861123849,0.8809114900372517,0.906532339228158,0.9321967927814254,-0.06818690666904048,0.0,0
New Zealand,NZL,554,2015,Exports,0.8695391175296014,0.8609852119884033,0.9235381868547258,0.9314401041733928,-0.0619009866437914,0.0,0
New Zealand,NZL,554,2016,Exports,0.8736642232396088,0.8591429491821868,0.924494656767054,0.9330311231735426,-0.05936689993393385,0.0,0
New Zealand,NZL,554,2017,Exports,0.8769286807006166,0.8563836902902836,0.9135062968542844,0.934430464762054,-0.057501784061437466,0.0,0
New Zealand,NZL,554,2018,Exports,0.9330220870242614,0.8559262751796979,0.935217183499135,0.9566574227554316,-0.02363533573117027,0.0,0
New Zealand,NZL,554,2019,Exports,0.9345034024554794,0.8647855111464772,0.934462828648396,0.9588435489782872,-0.024340146522807804,0.0,0
New Zealand,NZL,554,2020,Exports,0.9386973914780966,0.86494934183441,0.9348713574707141,0.960684659798,-0.021987268319903386,0.0,0
New Zealand,NZL,554,2021,Exports,0.9416290900078803,0.8535215147889027,0.9240425148073469,0.9603078714290638,-0.01867878142118351,0.0,0
New Zealand,NZL,554,2022,Exports,0.939322549467894,0.8685441719642023,0.9156456785067558,0.9620800935549788,-0.022757544087084858,0.0,0
New Zealand,NZL,554,2023,Exports,0.9336155550946722,0.8720870920446977,0.9247502543547279,0.9592247731825974,-0.025609218087925156,0.0,0
New Zealand,NZL,554,2024,Exports,0.9299724062491374,0.8631561257293161,0.9349362425351184,0.9598519541791152,-0.029879547929977823,0.0,0
Niger,NER,562,1995,Exports,0.9944607758906681,0.981793176824303,0.3622801229802368,0.9818032250874908,0.012657550803177209,0.0,0
Niger,NER,562,1996,Exports,0.9908716980031665,0.9825633785848387,0.34054163905020457,0.978685587013406,0.012186110989760524,0.0,0
Niger,NER,562,1997,Exports,0.9898566755204216,0.9790254632556772,0.3736065420840197,0.978873340937193,0.010983334583228532,0.0,0
Niger,NER,562,1998,Exports,0.9907250954881911,0.9795932712987425,0.43109279917782395,0.9809264882482932,0.009798607239897894,0.0,0
Niger,NER,562,1999,Exports,0.9920180881197818,0.9778783342897254,0.43607400804667873,0.9789193337412864,0.013098754378495392,0.0,0
Niger,NER,562,2000,Exports,0.9945577959397873,0.967372810459136,0.49099661039951636,0.9824816906563376,0.012076105283449712,0.0,0
Niger,NER,562,2001,Exports,0.9955908531851666,0.9759859253048904,0.3536388614652577,0.9833968350278044,0.012194018157362208,0.0,0
Niger,NER,562,2002,Exports,0.9971158896133536,0.9864332381925149,0.34905241302996404,0.986356610873445,0.010759278739908673,0.0,0
Niger,NER,562,2003,Exports,0.9975463312401732,0.9820266851743944,0.3452568551842834,0.986857668103622,0.010688663136551257,0.0,0
Niger,NER,562,2004,Exports,0.9952332978298628,0.9744885095284284,0.3480203301373592,0.9757039190852412,0.019529378744621573,0.0,0
Niger,NER,562,2005,Exports,0.9928332889704488,0.9637081134439631,0.4440241611596083,0.9746789160355528,0.018154372934895968,0.0,0
Niger,NER,562,2006,Exports,0.9907678733217604,0.9616398318913931,0.43456456205001526,0.9778472518648056,0.012920621456954828,0.0,0
Niger,NER,562,2007,Exports,0.9942189556087787,0.9640105160799182,0.31619304602393217,0.976453432324278,0.01776552328450076,0.0,0
Niger,NER,562,2008,Exports,0.9969228353187879,0.9661211514350674,0.3756172182869594,0.9820127750414198,0.014910060277368076,0.0,0
Niger,NER,562,2009,Exports,0.9974609434258271,0.9711752171388086,0.3898851016540993,0.9865904204050464,0.010870523020780731,0.0,0
Niger,NER,562,2010,Exports,0.9946688085799913,0.960158570461858,0.4089238925663638,0.975718729520785,0.018950079059206315,0.0,0
Niger,NER,562,2011,Exports,0.9947157730777393,0.9592488074575571,0.34123475281362703,0.9787167338953296,0.015999039182409636,0.0,0
Niger,NER,562,2012,Exports,0.9756232067444296,0.9607598307656258,0.4074477265891604,0.9682045049543508,0.007418701790078752,0.0,0
Niger,NER,562,2013,Exports,0.9822306869989476,0.9563983596504843,0.3945459531033707,0.9825766859724948,-0.00034599897354725684,0.0,0
Niger,NER,562,2014,Exports,0.9870232257277368,0.9657931277267321,0.40997601107311665,0.98248943478186,0.004533790945876803,0.0,0
Niger,NER,562,2015,Exports,0.9847347793324394,0.9653183770947518,0.412899501875991,0.984827616807765,-9.283747532562447e-05,0.0,0
Niger,NER,562,2016,Exports,0.9733976154063848,0.9564953686348332,0.4687538952340299,0.9780813446143084,-0.004683729207923593,0.0,0
Niger,NER,562,2017,Exports,0.9720047920986516,0.9603247397429358,0.39351374981331205,0.9768529100151742,-0.00484811791652251,0.0,0
Niger,NER,562,2018,Exports,0.9673558193159754,0.9564995776218688,0.38845273238712474,0.9724625063007366,-0.005106686984761244,0.0,0
Niger,NER,562,2019,Exports,0.9756255797503356,0.9631730325001189,0.37008579676340886,0.975148497452643,0.00047708229769261035,0.0,0
Niger,NER,562,2020,Exports,0.9790184201380034,0.9694532533953817,0.35454938943275005,0.9744818285676422,0.004536591570361237,0.0,0
Niger,NER,562,2021,Exports,0.9742118262828102,0.9609842209268202,0.3554678602370148,0.9759877579768332,-0.001775931694023014,0.0,0
Niger,NER,562,2022,Exports,0.9613332363499434,0.942084724861632,0.3531959064060682,0.9678140005481232,-0.006480764198179778,0.0,0
Niger,NER,562,2023,Exports,0.9809081721464976,0.9611525090449008,0.33441089783541034,0.9769650297425112,0.0039431424039864105,0.0,0
Niger,NER,562,2024,Exports,0.9425643341122826,0.9524152204519429,0.34587818476563703,0.9863482823307308,-0.04378394821844822,0.0,0
North Macedonia,MKD,807,1994,Exports,0.9385739613163033,0.93861147528198,0.5789591893972842,0.8977748864570072,0.040799074859296125,0.0,0
North Macedonia,MKD,807,1995,Exports,0.9313010023451486,0.9324683521516516,0.5690895761730831,0.8954473655219639,0.035853636823184654,0.0,0
North Macedonia,MKD,807,1996,Exports,0.9492476066532671,0.947162069062616,0.5851076197825891,0.9160306815295014,0.03321692512376573,0.0,0
North Macedonia,MKD,807,1997,Exports,0.948086269045594,0.9402532883076512,0.6827659226737977,0.9229789033560816,0.02510736568951244,0.0,0
North Macedonia,MKD,807,1998,Exports,0.9482704677383694,0.9374575422353889,0.6532380333048488,0.9215538122803488,0.0267166554580206,0.0,0
North Macedonia,MKD,807,1999,Exports,0.944693175188107,0.93403339338134,0.6916087847064459,0.9253066817727152,0.01938649341539178,0.0,0
North Macedonia,MKD,807,2000,Exports,0.9416006430242585,0.9441062155650832,0.685695506614568,0.9329689117338562,0.00863173129040229,0.0,0
North Macedonia,MKD,807,2001,Exports,0.9447598887582748,0.9391990195362124,0.6955177594938357,0.9341427468192808,0.01061714193899399,0.0,0
North Macedonia,MKD,807,2002,Exports,0.9464116207840817,0.9270571554916718,0.6915219958298215,0.9332256382163848,0.013185982567696874,0.0,0
North Macedonia,MKD,807,2003,Exports,0.944479769481818,0.93595125202512,0.7060385484067097,0.9392544124163452,0.00522535706547278,0.0,0
North Macedonia,MKD,807,2004,Exports,0.9433291907019159,0.9294083115723285,0.7118117556887013,0.9394971206870244,0.0038320700148914977,0.0,0
North Macedonia,MKD,807,2005,Exports,0.9377227384520148,0.9367982335582782,0.7052904838347178,0.9452306467855738,-0.007507908333558966,0.0,0
North Macedonia,MKD,807,2006,Exports,0.9359487731773359,0.9371611858221098,0.6896866814836777,0.9470652306078416,-0.01111645743050571,0.0,0
North Macedonia,MKD,807,2007,Exports,0.9411780025405067,0.9241268198566575,0.7124753568082687,0.9493607372907482,-0.00818273475024156,0.0,0
North Macedonia,MKD,807,2008,Exports,0.9294943943691593,0.9271704168691505,0.7074532676658474,0.9486387324291504,-0.01914433805999116,0.0,0
North Macedonia,MKD,807,2009,Exports,0.9202497913322507,0.9224983557047486,0.7362366073590829,0.9396793309108162,-0.019429539578565524,0.0,0
North Macedonia,MKD,807,2010,Exports,0.9321387614493816,0.9249300856626187,0.7263917763102092,0.9469155027508628,-0.014776741301481211,0.0,0
North Macedonia,MKD,807,2011,Exports,0.9349588916071288,0.9305989834337243,0.7234106867164241,0.9550491258548556,-0.020090234247726824,0.0,0
North Macedonia,MKD,807,2012,Exports,0.9393112974069248,0.9235389867054882,0.7051720605676413,0.9545017965786906,-0.015190499171765848,0.0,0
North Macedonia,MKD,807,2013,Exports,0.9472575325473773,0.9043620527259376,0.7080531024439696,0.954438714286667,-0.0071811817392897215,0.0,0
North Macedonia,MKD,807,2014,Exports,0.9496754844355745,0.8919145372385276,0.8047425937048135,0.9584096298514272,-0.008734145415852712,0.0,0
North Macedonia,MKD,807,2015,Exports,0.9491388700252354,0.9222417572627747,0.7776042010208287,0.9611269185569232,-0.011988048531687778,0.0,0
North Macedonia,MKD,807,2016,Exports,0.947136174072903,0.9251994016526923,0.7928891970320386,0.960726247289597,-0.013590073216694032,0.0,0
North Macedonia,MKD,807,2017,Exports,0.9462906716012383,0.9260836210247515,0.7937120783361955,0.9636927288261132,-0.01740205722487498,0.0,0
North Macedonia,MKD,807,2018,Exports,0.9494403321936179,0.9295494363701254,0.7825332437760176,0.965697248527599,-0.016256916333981075,0.0,0
North Macedonia,MKD,807,2019,Exports,0.9478053293173839,0.928499697241143,0.7781870977859765,0.965401865561127,-0.01759653624374302,0.0,0
North Macedonia,MKD,807,2020,Exports,0.9468941579133755,0.932610298074235,0.7958585430315951,0.9642196856845112,-0.017325527771135718,0.0,0
North Macedonia,MKD,807,2021,Exports,0.9452767774735727,0.9282999955060999,0.7877552521570039,0.9639273054027389,-0.018650527929166105,0.0,0
North Macedonia,MKD,807,2022,Exports,0.941012430699559,0.9233440925107947,0.7666412197594507,0.9622032818363382,-0.02119085113677921,0.0,0
North Macedonia,MKD,807,2023,Exports,0.9381400861499712,0.9181744467088053,0.7868292179015041,0.9614666756382712,-0.02332658948829991,0.0,0
North Macedonia,MKD,807,2024,Exports,0.9365918258355937,0.9183610142283234,0.7822251048906558,0.9604970088793208,-0.02390518304372702,0.0,0
Norway,NOR,579,1993,Exports,0.8933794631992313,0.9620116955185147,0.9195546070838693,0.9630363634383984,-0.06965690023916704,0.0,0
Norway,NOR,579,1994,Exports,0.8989621493163726,0.9660342269569682,0.9223738495536236,0.9605752498519546,-0.061613100535582,0.0,0
Norway,NOR,579,1995,Exports,0.8992651048750646,0.9669541664730957,0.9109217017739126,0.959662026447186,-0.0603969215721214,0.0,0
Norway,NOR,579,1996,Exports,0.8896212032690142,0.961247974106221,0.8988584419454952,0.9631920403036898,-0.0735708370346756,0.0,0
Norway,NOR,579,1997,Exports,0.8982877451135995,0.9653983287319464,0.9173768387832353,0.9637391334452958,-0.06545138833169628,0.0,0
Norway,NOR,579,1998,Exports,0.885830871326525,0.9607916050875317,0.924674695929234,0.955666623277068,-0.06983575195054292,0.0,0
Norway,NOR,579,1999,Exports,0.8886650363199772,0.9600862995045933,0.9146612506883142,0.962505800437304,-0.07384076411732687,0.0,0
Norway,NOR,579,2000,Exports,0.8780900450033783,0.9425590484378958,0.9345251932170079,0.9741755890345776,-0.09608554403119929,0.0,0
Norway,NOR,579,2001,Exports,0.879998723582055,0.9453653215710301,0.9291602860415259,0.9725333440305426,-0.09253462044848759,0.0,0
Norway,NOR,579,2002,Exports,0.8826975311657692,0.9465179572071911,0.9166166461502379,0.9709640925098776,-0.08826656134410837,0.0,0
Norway,NOR,579,2003,Exports,0.8802113953467999,0.9434575146564637,0.9200349316048977,0.9724037849992412,-0.09219238965244125,0.0,0
Norway,NOR,579,2004,Exports,0.883683514735191,0.9429652645223745,0.9223779132737109,0.9746305493953192,-0.09094703466012821,0.0,0
Norway,NOR,579,2005,Exports,0.8732675803308405,0.9290788358330738,0.9209418077832399,0.977810690657779,-0.10454311032693853,0.0,0
Norway,NOR,579,2006,Exports,0.8669050569903259,0.9193989562616608,0.925229546890367,0.9786850292918644,-0.11177997230153847,0.0,0
Norway,NOR,579,2007,Exports,0.8677871502485183,0.9258262798395521,0.914190799230356,0.975872062604254,-0.1080849123557357,0.0,0
Norway,NOR,579,2008,Exports,0.8523918439506883,0.90382337403871,0.9241494672825096,0.9785568183237529,-0.1261649743730645,0.0,0
Norway,NOR,579,2009,Exports,0.870063850816094,0.9263555763256043,0.9113270921835526,0.9747001284666088,-0.10463627765051475,0.0,0
Norway,NOR,579,2010,Exports,0.8668920627098616,0.9190776492790558,0.9251224273269723,0.976819838052446,-0.10992777534258436,0.0,0
Norway,NOR,579,2011,Exports,0.8567984058643106,0.9052045551994606,0.9156902875865816,0.9789198070571634,-0.12212140119285286,0.0,0
Norway,NOR,579,2012,Exports,0.863157519478665,0.9047217554549536,0.91515348825046,0.9789481024037104,-0.1157905829250454,0.0,0
Norway,NOR,579,2013,Exports,0.8613508639405514,0.901292341421682,0.9256640009318036,0.9781727301702968,-0.11682186622974544,0.0,0
Norway,NOR,579,2014,Exports,0.8659445192041867,0.9135769514307664,0.9276243801438482,0.9764400431250212,-0.1104955239208345,0.0,0
Norway,NOR,579,2015,Exports,0.8868889783164057,0.9363432301402854,0.9335912718499506,0.9717577314066932,-0.08486875309028752,0.0,0
Norway,NOR,579,2016,Exports,0.8984348301243813,0.945928361667948,0.9340405159311549,0.9700445666190458,-0.07160973649466451,0.0,0
Norway,NOR,579,2017,Exports,0.9036933270703763,0.9454817257909285,0.9239508056508969,0.9733733717016309,-0.06968004463125455,0.0,0
Norway,NOR,579,2018,Exports,0.8960827440880056,0.9301640392853282,0.9205152220834409,0.9768972923252216,-0.08081454823721601,0.0,0
Norway,NOR,579,2019,Exports,0.8824330732287197,0.9309316540083641,0.9248142465142578,0.9721491657497588,-0.08971609252103918,0.0,0
Norway,NOR,579,2020,Exports,0.8887716864258863,0.945328329055555,0.9260876413368865,0.9665424000493557,-0.07777071362346932,0.0,0
Norway,NOR,579,2021,Exports,0.9201344549795437,0.9436199420343032,0.9315342927462994,0.9809129466778816,-0.06077849169833793,0.0,0
Norway,NOR,579,2022,Exports,0.9285613901074877,0.9378117451939596,0.9312977572670689,0.987845080260821,-0.059283690153333235,0.0,0
Norway,NOR,579,2023,Exports,0.9073213433840076,0.9381430934563104,0.9391598984739005,0.9806477963262764,-0.0733264529422688,5.97173331460796e-08,0
Norway,NOR,579,2024,Exports,0.9102700618062614,0.9463669007427956,0.9448926920932254,0.97862643793464,-0.06835637612837864,0.0,0
Panama,PAN,591,1995,Exports,0.9864097390056189,0.9853052044897851,0.14712904495491114,0.94016724648637,0.046242492519248946,0.0,0
Panama,PAN,591,1996,Exports,0.9852471353606667,0.9828875094198734,0.1784735872045014,0.9412344700504208,0.044012665310245835,0.0,0
Panama,PAN,591,1997,Exports,0.9873494183643479,0.9834631412243043,0.19447785977707974,0.9473432252584668,0.04000619310588105,0.0,0
Panama,PAN,591,1998,Exports,0.9850653558472325,0.9827709015704623,0.20567616201205904,0.942409332226241,0.04265602362099152,0.0,0
Panama,PAN,591,1999,Exports,0.9867440193041057,0.9844495278788284,0.1865499097840892,0.9371583294518036,0.04958568985230216,0.0,0
Panama,PAN,591,2000,Exports,0.9837821426446145,0.9667864753229348,0.17337526371882295,0.9316053712328698,0.052176771411744705,0.0,0
Panama,PAN,591,2001,Exports,0.9840182352557126,0.967172150026826,0.1767946428184308,0.9262094287326268,0.05780880652308584,0.0,0
Panama,PAN,591,2002,Exports,0.9907601971930485,0.9846796050179629,0.15203958536096512,0.9332340841213922,0.05752611307165634,0.0,0
Panama,PAN,591,2003,Exports,0.9925291067699743,0.9825872772223656,0.1372925774297069,0.9367297881292576,0.055799318640716744,0.0,0
Panama,PAN,591,2004,Exports,0.9927647359221213,0.9776779427835905,0.1741507336880757,0.9343030546306904,0.05846168129143092,0.0,0
Panama,PAN,591,2005,Exports,0.9932052215221309,0.9755022008263113,0.18669245328875123,0.9342700889871792,0.05893513253495164,0.0,0
Panama,PAN,591,2006,Exports,0.9288428493216494,0.908816236701499,0.7119340811219841,0.9314539840780288,-0.0026111347563794185,0.0,0
Panama,PAN,591,2007,Exports,0.940662316508027,0.9200570610816238,0.6126051726193568,0.929955920348846,0.010706396159181009,0.0,0
Panama,PAN,591,2008,Exports,0.9300794210100457,0.9063443559148868,0.6577050733878159,0.9278323179277188,0.0022471030823268956,0.0,0
Panama,PAN,591,2009,Exports,0.9328018246725667,0.9228548851438552,0.7090705716940399,0.9432852432163288,-0.010483418543762113,0.0,0
Panama,PAN,591,2010,Exports,0.9228490991280366,0.9270256271608163,0.7152800970481292,0.9351328940879036,-0.012283794959866978,0.0,0
Panama,PAN,591,2011,Exports,0.9242256439674366,0.9363242981403647,0.7105226031351309,0.939211066290936,-0.01498542232349942,0.0,0
Panama,PAN,591,2012,Exports,0.9179840179200288,0.9293454255225989,0.7172652602581684,0.933144874002848,-0.01516085608281914,0.0,0
Panama,PAN,591,2013,Exports,0.9175162226351414,0.9333023258147128,0.7246822789407606,0.9357385412134024,-0.018222318578260954,0.0,0
Panama,PAN,591,2014,Exports,0.9066560372776794,0.9449517584640864,0.7349790031589207,0.9297524996719972,-0.02309646239431784,0.0,0
Panama,PAN,591,2015,Exports,0.8962467816913618,0.9435947708199139,0.7629656593648778,0.9283069262422668,-0.032060144550905,0.0,0
Panama,PAN,591,2016,Exports,0.8890522323815133,0.9411006655708346,0.7672519412597725,0.9260990431670068,-0.037046810785493434,0.0,0
Panama,PAN,591,2017,Exports,0.8804747045205729,0.9361690516000425,0.7597229710458786,0.9258749121903612,-0.04540020766978836,0.0,0
Panama,PAN,591,2018,Exports,0.8893194730250895,0.9468559353699078,0.7334709176181998,0.93291047981452,-0.04359100678943051,0.0,0
Panama,PAN,591,2019,Exports,0.8767201275019829,0.9348408174585459,0.7371239426623327,0.9293469535476488,-0.05262682604566593,0.0,0
Panama,PAN,591,2020,Exports,0.8518971802155789,0.9299419498580664,0.7640458675653765,0.9253574095735068,-0.07346022935792784,0.0,0
Panama,PAN,591,2021,Exports,0.9918417473908847,0.99222974114826,0.17540655791540535,0.9750336566704634,0.01680809072042133,0.0,0
Panama,PAN,591,2022,Exports,0.9918965399657372,0.991755013876727,0.1649729537162028,0.9749141040296972,0.016982435936039986,0.0,0
Panama,PAN,591,2023,Exports,0.9903329078312512,0.9906288422442544,0.1878375827076847,0.9760469879494964,0.01428591988175476,0.0,0
Panama,PAN,591,2024,Exports,0.9584524433397161,0.9341023988433704,0.5825689763626491,0.9456669483703496,0.01278549496936654,0.0,0
Peru,PER,604,1992,Exports,0.9819579388895355,0.9821422476533328,0.501044616808579,0.9677829802286786,0.01417495866085694,0.0,0
Peru,PER,604,1994,Exports,0.9804820122975685,0.9804170507116957,0.6405248848424907,0.9731034083381528,0.007378603959415697,0.0,0
Peru,PER,604,1995,Exports,0.9757645326480376,0.963711331636761,0.641161669487296,0.9747968789611312,0.0009676536869064334,0.0,0
Peru,PER,604,1996,Exports,0.9700225454162507,0.9520352695916657,0.633890004087722,0.9745781892418606,-0.004555643825609912,0.0,0
Peru,PER,604,1997,Exports,0.9710257400629098,0.9588053085767646,0.6395242777762196,0.973052878936108,-0.0020271388731982753,1.5980975318689253e-07,0
Peru,PER,604,1998,Exports,0.9672521489521524,0.9636729105246731,0.7873522108292763,0.9685609914569232,-0.001308842504770813,0.0,0
Peru,PER,604,1999,Exports,0.969830940437342,0.9570213889483667,0.7763065007179697,0.971154000896679,-0.0013230604593370554,0.0,0
Peru,PER,604,2000,Exports,0.9665419554350259,0.931030279198249,0.7929466009295961,0.9763061275125138,-0.00976417207748792,0.0,0
Peru,PER,604,2001,Exports,0.9608318924899738,0.9339820716465508,0.7955459317293172,0.96934301615742,-0.008511123667446219,0.0,0
Peru,PER,604,2002,Exports,0.9629120064677886,0.9307810462409337,0.824351267077009,0.9733338104146476,-0.010421803946858987,0.0,0
Peru,PER,604,2003,Exports,0.9618666461152966,0.9323775749302268,0.8258797455246113,0.9751535932151094,-0.013286947099812818,0.0,0
Peru,PER,604,2004,Exports,0.9661518611514555,0.9405347031911311,0.8344068568921532,0.9769886330167898,-0.010836771865334383,0.0,0
Peru,PER,604,2005,Exports,0.9593188007743217,0.9232208008566472,0.8464377486305572,0.9795077146876924,-0.020188913913370632,0.0,0
Peru,PER,604,2006,Exports,0.9575915156407958,0.9060159514149163,0.8605725139745001,0.9822947051952164,-0.024703189554420635,0.0,0
Peru,PER,604,2007,Exports,0.9575502607866171,0.9091829623754664,0.7745746810718548,0.9814143379697172,-0.02386407718310013,0.0,0
Peru,PER,604,2008,Exports,0.9504663925737238,0.8939063651945216,0.8664551936779421,0.9784448000816336,-0.027978407507909808,0.0,0
Peru,PER,604,2009,Exports,0.9513792996406036,0.9315506264242892,0.876809054543074,0.977712417157718,-0.026333117517114313,0.0,0
Peru,PER,604,2010,Exports,0.9435713902645028,0.9174455525261977,0.8730437656303649,0.978457976431373,-0.03488658616687024,0.0,0
Peru,PER,604,2011,Exports,0.941677599971513,0.9060123563405594,0.8898267147438219,0.9790469842094964,-0.037369384237983416,0.0,0
Peru,PER,604,2012,Exports,0.9238618365175492,0.9150584454492867,0.8879905025717807,0.9745729088691948,-0.050711072351645625,0.0,0
Peru,PER,604,2013,Exports,0.9173729039413796,0.9080561817721468,0.8918010140133344,0.9732429419438476,-0.05587003800246804,0.0,0
Peru,PER,604,2014,Exports,0.926639933325049,0.906493990738418,0.870910661982465,0.9742048773584192,-0.04756494403337019,0.0,0
Peru,PER,604,2015,Exports,0.938359863372903,0.9462277063630338,0.9016824468272974,0.9697322597383812,-0.03137239636547817,0.0,0
Peru,PER,604,2016,Exports,0.9490140817527222,0.9602114379869238,0.8779579945709994,0.9792117790313124,-0.03019769727859023,0.0,0
Peru,PER,604,2017,Exports,0.9518626278488731,0.9572225214010969,0.8718933384446401,0.9815598711248084,-0.02969724327593526,0.0,0
Peru,PER,604,2018,Exports,0.9524060806794218,0.9480439740938754,0.8704666591819218,0.981737658647651,-0.02933157796822916,0.0,0
Peru,PER,604,2019,Exports,0.9517251710913542,0.9486790374558547,0.8583498600897973,0.9811260665787512,-0.029400895487396994,0.0,0
Peru,PER,604,2020,Exports,0.951101473833523,0.9583364197720502,0.8773463088603171,0.9780991206694778,-0.026997646835954847,0.0,0
Peru,PER,604,2021,Exports,0.9511676579411239,0.9485333510733245,0.8938042723347845,0.9804999928951368,-0.029332334954012884,0.0,0
Peru,PER,604,2022,Exports,0.944782728102573,0.9294676757518687,0.8945175927591935,0.9791543746737844,-0.03437164657121139,0.0,0
Peru,PER,604,2023,Exports,0.9526797408622586,0.9488656505356481,0.8919968595901914,0.9814413628983176,-0.02876162203605903,0.0,0
Peru,PER,604,2024,Exports,0.9533650947135711,0.9551228614711308,0.8777720686260562,0.982860848891633,-0.02949575417806194,0.0,0
Poland,POL,616,1994,Exports,0.8446716273588518,0.856930583918049,0.837407664549917,0.8337325783405147,0.010939049018337088,0.0,0
Poland,POL,616,1995,Exports,0.8290699807358634,0.837359427477452,0.8542834254921379,0.8240661946533192,0.005003786082544148,0.0,0
Poland,POL,616,1996,Exports,0.8158033793800845,0.8383523414475125,0.8353537847718391,0.8194993004647708,-0.0036959210846863044,0.0,0
Poland,POL,616,1997,Exports,0.8009939508188331,0.8110463925641543,0.8549435537316563,0.813171316057933,-0.012177365239099958,0.0,0
Poland,POL,616,1998,Exports,0.7882241090904385,0.8061685723177497,0.8521841572419137,0.8182263661814659,-0.03000225709102744,0.0,0
Poland,POL,616,1999,Exports,0.7916463016955233,0.8107375671289961,0.8354838303866585,0.8290439905397211,-0.03739768884419781,0.0,0
Poland,POL,616,2000,Exports,0.7926409868912411,0.8027565215087473,0.8955313645372682,0.8377355881328636,-0.04509460124162257,0.0,0
Poland,POL,616,2001,Exports,0.7879870546679552,0.7946954299772293,0.881195420491911,0.8430520558397481,-0.055065001171792916,0.0,0
Poland,POL,616,2002,Exports,0.7826413289469301,0.7844450382415872,0.8937163604515737,0.8444373841701831,-0.061796055223253044,0.0,0
Poland,POL,616,2003,Exports,0.7798774009794156,0.7963960880082348,0.9081187620101414,0.8484976185764355,-0.06862021759701986,0.0,0
Poland,POL,616,2004,Exports,0.7580055775092109,0.7989917005998913,0.98137268051706,0.8900160395195242,-0.1320104620103133,0.0,0
Poland,POL,616,2005,Exports,0.7473511185515838,0.7795299913710847,0.9803885086040065,0.8851466344748142,-0.13779551592323047,0.0,0
Poland,POL,616,2006,Exports,0.7361256283972818,0.7804520957614329,0.9668742014520504,0.885890112699389,-0.1497644843021072,0.0,0
Poland,POL,616,2007,Exports,0.7327464807946832,0.768714420895577,0.9637593425433078,0.8805770847667778,-0.14783060397209458,0.0,0
Poland,POL,616,2008,Exports,0.7268342188429846,0.7863878973229771,0.9662520526296265,0.880919334614434,-0.15408511577144934,0.0,0
Poland,POL,616,2009,Exports,0.7300252624272553,0.7994278308398891,0.9729312811542041,0.8876380718491292,-0.15761280942187395,0.0,0
Poland,POL,616,2010,Exports,0.7308797418467243,0.7936906992738975,0.9708326235897462,0.8871830222841652,-0.1563032804374409,0.0,0
Poland,POL,616,2011,Exports,0.7233151821634989,0.7666728468293281,0.9694701060749549,0.8844325808520961,-0.1611173986885972,0.0,0
Poland,POL,616,2012,Exports,0.7146597686690271,0.752831128718129,0.9679921792059412,0.8803135130331123,-0.1656537443640852,0.0,0
Poland,POL,616,2013,Exports,0.7071961742364696,0.7422299395982155,0.9725817458164782,0.8771952457987464,-0.16999907156227678,0.0,0
Poland,POL,616,2014,Exports,0.6956798265153138,0.7523494439698776,0.9672249572840432,0.8777104169028507,-0.18203059038753688,0.0,0
Poland,POL,616,2015,Exports,0.6813992713275362,0.7428286664306042,0.9774810788179751,0.8768396182926717,-0.19544034696513546,0.0,0
Poland,POL,616,2016,Exports,0.6722524491029046,0.7213707240093606,0.9830269744807858,0.8722591802901021,-0.20000673118719747,0.0,0
Poland,POL,616,2017,Exports,0.6796660050568585,0.7203191374831392,0.9775031008655299,0.8720687155592948,-0.1924027105024363,0.0,0
Poland,POL,616,2018,Exports,0.6827559627121954,0.7040659330158799,0.981195553401847,0.8682519764523815,-0.1854960137401861,0.0,0
Poland,POL,616,2019,Exports,0.7034028631506499,0.7250985741329642,0.9222620861351852,0.8699441271447079,-0.166541263994058,0.0,0
Poland,POL,616,2020,Exports,0.700306088495663,0.7296222037885786,0.9114227649051609,0.8678197385546833,-0.1675136500590203,0.0,0
Poland,POL,616,2021,Exports,0.7086983022450968,0.7312519704481155,0.8992993142261275,0.8674615188526567,-0.15876321660755988,0.0,0
Poland,POL,616,2022,Exports,0.6819107166024548,0.7103144003357102,0.9719874300392477,0.8675082070070548,-0.18559749040459994,0.0,0
Poland,POL,616,2023,Exports,0.6714261019232187,0.7136083092313648,0.9796123572068726,0.8718416903272255,-0.20041558840400675,0.0,0
Poland,POL,616,2024,Exports,0.6656750736291805,0.7012893498801713,0.9828057672446,0.8711648496283213,-0.20548977599914076,0.0,0
Russia,RUS,643,1996,Exports,0.9021674699319798,0.9519082576225986,0.8767497268544066,0.9567630967630169,-0.054595626831037025,1.075183583072804e-08,0
Russia,RUS,643,1997,Exports,0.91180612169295,0.9574089272295421,0.9229526077408079,0.963254702835638,-0.05144858114268802,0.0,0
Russia,RUS,643,1998,Exports,0.9085925724453932,0.9543449246029803,0.960473638971707,0.9603233547370202,-0.051730782291627087,0.0,0
Russia,RUS,643,1999,Exports,0.9130431536550947,0.9566786928721676,0.924925493862139,0.9610698987318154,-0.04802674507672067,0.0,0
Russia,RUS,643,2000,Exports,0.8761407343310218,0.9287341894278643,0.9670668442145097,0.9666972548181184,-0.09055652048709661,0.0,0
Russia,RUS,643,2001,Exports,0.8776692980571347,0.9339564392134252,0.9641523151678565,0.9670569155773374,-0.08938761752020274,0.0,0
Russia,RUS,643,2002,Exports,0.8805387450115044,0.9409051260851812,0.9595482704370808,0.9694391969745122,-0.08890045196300778,0.0,0
Russia,RUS,643,2003,Exports,0.8764880381423998,0.9389482767846062,0.9587714353368737,0.9702230349417666,-0.09373499679936681,0.0,0
Russia,RUS,643,2004,Exports,0.8704937649379777,0.939226495157595,0.954448692428723,0.9718866568352194,-0.10139289189724165,0.0,0
Russia,RUS,643,2005,Exports,0.857890165977118,0.9242310321839189,0.9563644183077334,0.9752499324251678,-0.1173597664480498,0.0,0
Russia,RUS,643,2006,Exports,0.8530439062172539,0.915192536194446,0.9485626449461919,0.977069401699499,-0.12402549548224506,0.0,0
Russia,RUS,643,2007,Exports,0.8541761305663964,0.9226112036312661,0.9394071124775877,0.9754553112726844,-0.12127918070628796,0.0,0
Russia,RUS,643,2008,Exports,0.8348729325755405,0.8975166630171159,0.939284069022305,0.9789575688243616,-0.14408463624882106,0.0,0
Russia,RUS,643,2009,Exports,0.8584337422052435,0.9233276560542308,0.9389610837291461,0.9761347404996864,-0.11770099829444292,0.0,0
Russia,RUS,643,2010,Exports,0.8566089348648036,0.9141359499023941,0.9339995863556301,0.9820799371682012,-0.12547100230339758,0.0,0
Russia,RUS,643,2011,Exports,0.8404032022473074,0.9005708029949105,0.9320337388082502,0.9830654177831546,-0.14266221553584724,0.0,0
Russia,RUS,643,2012,Exports,0.8221325812799174,0.899423839487046,0.9813092999497717,0.9784571685255936,-0.15632458724567622,0.0,0
Russia,RUS,643,2013,Exports,0.8150117386461551,0.8943394733970947,0.990232788348635,0.9773703581912134,-0.16235861954505837,0.0,0
Russia,RUS,643,2014,Exports,0.8250116177493938,0.9040870464683755,0.9914933642891532,0.9767453347662192,-0.15173371701682536,0.0,0
Russia,RUS,643,2015,Exports,0.855776758957854,0.9319971549831235,0.9849680241676091,0.9720264396676586,-0.11624968070980457,0.0,0
Russia,RUS,643,2016,Exports,0.8437086121575118,0.9386515580558551,0.9676884442112389,0.9630619520250724,-0.11935333986756058,0.0,0
Russia,RUS,643,2017,Exports,0.8427117843416614,0.9383293135500542,0.9590353675429297,0.9652536752040266,-0.12254189086236522,0.0,0
Russia,RUS,643,2018,Exports,0.8317723783674159,0.9275598657105453,0.9822257323846011,0.9675655820658218,-0.13579320369840586,0.0,0
Russia,RUS,643,2019,Exports,0.8228426387264043,0.9278340924382398,0.9855887116190587,0.9647051119302984,-0.1418624732038941,0.0,0
Russia,RUS,643,2020,Exports,0.8324264068009243,0.933654174545299,0.981513327709829,0.9586481201389252,-0.12622171333800092,0.0,0
Russia,RUS,643,2021,Exports,0.8186534497181203,0.9294630670321116,0.9799808765155651,0.960805338179674,-0.1421518884615537,0.0,0
Rwanda,RWA,646,1996,Exports,0.9968924050981688,0.9956106635278857,0.10293140334798018,0.941579526693462,0.05531287840470678,0.0,0
Rwanda,RWA,646,1997,Exports,0.9982592034824062,0.9969526402456129,0.07193733749231662,0.9528346676094148,0.045424535872991334,0.0,0
Rwanda,RWA,646,1998,Exports,0.9986268524026976,0.9955064566287825,0.0643521136995748,0.9326369164209628,0.06598993598173475,0.0,0
Rwanda,RWA,646,1999,Exports,0.9977971004111801,0.9975798366372011,0.04818613989931555,0.9445776721820756,0.053219428229104526,0.0,0
Rwanda,RWA,646,2001,Exports,0.9793058562910797,0.9754566049883016,0.22166667449545308,0.9810859779900932,-0.0017801216990135371,0.0,0
Rwanda,RWA,646,2002,Exports,0.9949702247637374,0.9624142502758654,0.23218728375470482,0.9476137111866408,0.04735651357709658,0.0,0
Rwanda,RWA,646,2003,Exports,0.9944829479979225,0.9735822172361177,0.2432560884397208,0.9454126745090096,0.04907027348891291,0.0,0
Rwanda,RWA,646,2004,Exports,0.9961749503766584,0.9799916850179771,0.2640985928523607,0.9692708613264468,0.026904089050211577,0.0,0
Rwanda,RWA,646,2005,Exports,0.9916608393960034,0.9666323097331712,0.3383859244361369,0.9629975786718644,0.02866326072413894,0.0,0
Rwanda,RWA,646,2006,Exports,0.9919897192368187,0.9587613804371625,0.3121976160395454,0.96683523663896,0.025154482597858685,0.0,0
Rwanda,RWA,646,2007,Exports,0.9909514848824201,0.9433614488537466,0.3125910726497084,0.9643431050755896,0.026608379806830507,0.0,0
Rwanda,RWA,646,2008,Exports,0.9961498722474678,0.9588318457476648,0.40662770571614476,0.9774850583236704,0.018664813923797374,0.0,0
Rwanda,RWA,646,2009,Exports,0.9886868363048738,0.9578960135632258,0.4209957985144612,0.958446925757487,0.030239910547386728,0.0,0
Rwanda,RWA,646,2010,Exports,0.9915451763971095,0.9421723968781873,0.443831850182971,0.9680007622807796,0.023544414116329904,0.0,0
Rwanda,RWA,646,2011,Exports,0.9853709822483671,0.9365390247058751,0.4723561153886056,0.977223854589119,0.008147127659248077,0.0,0
Rwanda,RWA,646,2012,Exports,0.9869086057402572,0.9561055627121376,0.29806637135539926,0.9681132876202228,0.018795318120034432,0.0,0
Rwanda,RWA,646,2013,Exports,0.9763078804514573,0.9450655377175744,0.49546160937641487,0.9693312975524842,0.006976582898973183,0.0,0
Rwanda,RWA,646,2014,Exports,0.9687031372255728,0.9474314595928862,0.5328864861790934,0.9698596578763756,-0.0011565206508028503,0.0,0
Rwanda,RWA,646,2015,Exports,0.9623936757723285,0.9383106586095072,0.5678631385815616,0.9629422322726346,-0.0005485565003061632,0.0,0
Rwanda,RWA,646,2016,Exports,0.961753532453903,0.9473248929712033,0.5091288330705549,0.9636610199154853,-0.0019074874615822024,0.0,0
Rwanda,RWA,646,2017,Exports,0.9701458585377913,0.9460569998870061,0.5682210016771765,0.9754858725593798,-0.005340014021588457,0.0,0
Rwanda,RWA,646,2018,Exports,0.9615495497769303,0.9386069004948613,0.6566873058391411,0.9760870882960392,-0.014537538519108884,0.0,0
Rwanda,RWA,646,2019,Exports,0.9561062601692639,0.955448401073454,0.7281436571330071,0.9790874693061437,-0.022981209136879732,0.0,0
Rwanda,RWA,646,2020,Exports,0.9613440085353441,0.9744026216373644,0.7175616465325121,0.9798792339845692,-0.018535225449225146,0.0,0
Rwanda,RWA,646,2021,Exports,0.9587441907716759,0.9611766828119118,0.7174526665716929,0.9749467096162898,-0.016202518844613878,0.0,0
Rwanda,RWA,646,2022,Exports,0.9590197424427545,0.958410581698179,0.6187392835453335,0.976011901371286,-0.016992158928531564,2.954285749367759e-07,0
Senegal,SEN,686,1996,Exports,0.9838553349469153,0.9595888570647728,0.36369311172358765,0.9474195730906584,0.036435761856256965,0.0,0
Senegal,SEN,686,1997,Exports,0.9858964822924186,0.9701097543102647,0.3849175068106316,0.9541190312857432,0.031777451006675395,0.0,0
Senegal,SEN,686,1998,Exports,0.9813714314302227,0.9728665892599383,0.4506685585860058,0.9551217456744256,0.026249685755797003,0.0,0
Senegal,SEN,686,1999,Exports,0.9750457339541604,0.9298126248720914,0.507996204603405,0.9458886951644052,0.029157038789755174,0.0,0
Senegal,SEN,686,2000,Exports,0.971336873198459,0.9428912290739179,0.5220709748954988,0.9597619564533486,0.011574916745110353,0.0,0
Senegal,SEN,686,2001,Exports,0.9649474846893488,0.9504463125521292,0.5498895178334247,0.9606095335238174,0.004337951165531373,0.0,0
Senegal,SEN,686,2002,Exports,0.9762576949905867,0.9443591840660915,0.5393275783976051,0.9625140252927816,0.01374366969780505,0.0,0
Senegal,SEN,686,2003,Exports,0.957819656014455,0.9344152412729461,0.5959599736527684,0.9566760631961576,0.0011435928182973454,0.0,0
Senegal,SEN,686,2004,Exports,0.9566988143530625,0.9388558114199427,0.6262507218411305,0.9578375894130056,-0.0011387750599430868,0.0,0
Senegal,SEN,686,2005,Exports,0.935551308728978,0.9122376280102507,0.6683471408053259,0.956108413802905,-0.02055710507392705,0.0,0
Senegal,SEN,686,2006,Exports,0.9262438145718314,0.9197881240502044,0.6840285796985264,0.956315881747025,-0.030072067175193617,0.0,0
Senegal,SEN,686,2007,Exports,0.9518887973630292,0.9618930625767821,0.5423092289684661,0.9483837775817264,0.0035050197813027983,0.0,0
Senegal,SEN,686,2008,Exports,0.9343940004244141,0.9585682829452001,0.6093577238605272,0.9585837650788152,-0.024189764654401036,0.0,0
Senegal,SEN,686,2009,Exports,0.9419854409918619,0.9585779352301599,0.6187971703574249,0.958875374802258,-0.016889933810396163,0.0,0
Senegal,SEN,686,2010,Exports,0.9461582025804897,0.9576908103568043,0.5810316758173422,0.9599975120807668,-0.01383930950027712,0.0,0
Senegal,SEN,686,2011,Exports,0.9513244390272623,0.9491846846808797,0.6754528526057296,0.9630075057334706,-0.011683066706208334,0.0,0
Senegal,SEN,686,2012,Exports,0.9439050118078817,0.9392830203394543,0.6569246719393117,0.9599940976178488,-0.016089085809967152,0.0,0
Senegal,SEN,686,2013,Exports,0.9469118912314177,0.9420665324586427,0.5478551620801904,0.9606140098725062,-0.013702118641088501,0.0,0
Senegal,SEN,686,2014,Exports,0.9518997787502519,0.9498818627196726,0.5394566713234319,0.9563376144360096,-0.0044378356857577295,9.054013007245539e-06,0
Senegal,SEN,686,2015,Exports,0.9485787995130979,0.9453859327999675,0.6796462423944292,0.958639093892018,-0.010060294378920087,0.0,0
Senegal,SEN,686,2016,Exports,0.9492495638399755,0.9426729942055716,0.6838902141763538,0.9575184127442596,-0.008268848904284143,0.0,0
Senegal,SEN,686,2017,Exports,0.9485647878290643,0.9425427607806013,0.6523960014754314,0.9580482887199356,-0.009483500890871355,0.0,0
Senegal,SEN,686,2018,Exports,0.9532836665778556,0.9422482611438516,0.6558107614931735,0.9630524004839008,-0.009768733906045268,0.0,0
Senegal,SEN,686,2019,Exports,0.9547076232902394,0.949845150367333,0.698473613004722,0.9686859825398496,-0.013978359249610217,0.0,0
Senegal,SEN,686,2020,Exports,0.952299032287594,0.9572613431735636,0.6680224473755076,0.96517995250014,-0.012880920212545943,0.0,0
Senegal,SEN,686,2021,Exports,0.9545076583515437,0.9536157060408614,0.6826791048086371,0.9682498944742955,-0.013742236122751827,0.0,0
Senegal,SEN,686,2022,Exports,0.9554336718109004,0.9508637210293376,0.6908377499324918,0.9709531951509518,-0.015519523340051355,0.0,0
Senegal,SEN,686,2023,Exports,0.9463516256407999,0.9458104934306248,0.691134697541909,0.9709576855340578,-0.024606059893257926,0.0,0
Senegal,SEN,686,2024,Exports,0.9221171436642205,0.9172852784727119,0.7193537539832209,0.9728605867858316,-0.050743443121611165,0.0,0
Singapore,SGP,702,1989,Exports,0.7987301274851648,0.8767341690219819,0.9739805582939407,0.9136672657106464,-0.11493713822548157,0.0,0
Singapore,SGP,702,1990,Exports,0.8087521928648468,0.8941070473455355,0.9773793119141773,0.9176104520723918,-0.108858259207545,1.6957474537158966e-07,0
Singapore,SGP,702,1991,Exports,0.8009074546271723,0.8928265765398959,0.9767530398437259,0.9159810381830988,-0.11507358355592656,0.0,0
Singapore,SGP,702,1992,Exports,0.7922886583107549,0.8984593251450309,0.9627212683225529,0.918471718604736,-0.12618306029398108,0.0,0
Singapore,SGP,702,1993,Exports,0.7797956473546837,0.8975274220857682,0.9659144417845946,0.919991767842662,-0.14019612048797836,0.0,0
Singapore,SGP,702,1994,Exports,0.7771167310008579,0.9061415248078487,0.9692300270018163,0.9225226522687524,-0.14540592126789453,0.0,0
Singapore,SGP,702,1995,Exports,0.7756813438082631,0.9068681531348979,0.9741686339300609,0.927733173254886,-0.15205182944662288,0.0,0
Singapore,SGP,702,1996,Exports,0.8451118092962964,0.9253280351674952,0.8529708934798619,0.9291275266283984,-0.084015717332102,0.0,0
Singapore,SGP,702,1997,Exports,0.7825405220282631,0.9146938853157613,0.9665473871808108,0.9320981597525656,-0.14955763772430253,0.0,0
Singapore,SGP,702,1998,Exports,0.795177668965451,0.9171185234212902,0.9500566458612898,0.9377820167288942,-0.14260434776344322,0.0,0
Singapore,SGP,702,1999,Exports,0.7946201611691288,0.914563341911605,0.941228688223075,0.9398761849253898,-0.145256023756261,0.0,0
Singapore,SGP,702,2000,Exports,0.7751741525011895,0.8959444112277515,0.9255857834061716,0.9454686462007128,-0.17029449369952332,0.0,0
Singapore,SGP,702,2001,Exports,0.7822666626873309,0.9013030059759087,0.9353447008488163,0.9430043407021294,-0.16073767801479844,0.0,0
Singapore,SGP,702,2002,Exports,0.7931674602464385,0.9045257963011099,0.9250153518628055,0.9433341508209704,-0.1501666905745319,0.0,0
Singapore,SGP,702,2003,Exports,0.7806851483914741,0.8999571875865309,0.961633392569667,0.9355876667017492,-0.15490251831027513,0.0,0
Singapore,SGP,702,2004,Exports,0.7851507781646604,0.8986511326031347,0.9544064736162591,0.9405952215436733,-0.15544444337901286,0.0,0
Singapore,SGP,702,2005,Exports,0.7818726207687212,0.9107400352749718,0.8750883782597411,0.9222276908559572,-0.14035507008723602,0.0,0
Singapore,SGP,702,2006,Exports,0.7739211376858749,0.9106311002406119,0.8851469080101613,0.9241189168326138,-0.15019777914673893,0.0,0
Singapore,SGP,702,2007,Exports,0.8096783547871792,0.9157494433962868,0.9414612654468928,0.9434435273826004,-0.1337651725954212,0.0,0
Singapore,SGP,702,2008,Exports,0.7892434062073016,0.91445529316633,0.9430230594204076,0.9423927846003776,-0.15314937839307596,0.0,0
Singapore,SGP,702,2009,Exports,0.7835777393029308,0.9048858550710377,0.9372350406715739,0.9440500479411542,-0.16047230863822337,0.0,0
Singapore,SGP,702,2010,Exports,0.7975267842221629,0.9173054248821351,0.9242726513289871,0.9446936123011788,-0.14716682807901582,0.0,0
Singapore,SGP,702,2011,Exports,0.8033617291661442,0.9282918254370857,0.9583271463593988,0.945339841012977,-0.14197811184683273,0.0,0
Singapore,SGP,702,2012,Exports,0.7852456624468306,0.9120112480732946,0.9722187200265788,0.9480216770421076,-0.16277601459527702,0.0,0
Singapore,SGP,702,2013,Exports,0.7735590721323589,0.9051266065037323,0.9717305444658713,0.9478626977815838,-0.17430362564922497,0.0,0
Singapore,SGP,702,2014,Exports,0.7702421148309806,0.902863184785106,0.9815462993083462,0.9460493731616026,-0.17580725833062205,0.0,0
Singapore,SGP,702,2015,Exports,0.7618819230257978,0.8883137266557635,0.982788910496208,0.9464938445970624,-0.1846119215712646,0.0,0
Singapore,SGP,702,2016,Exports,0.7620933468734563,0.8841874131821463,0.9783518892211291,0.946011892065229,-0.18391854519177264,0.0,0
Singapore,SGP,702,2017,Exports,0.7734497816295279,0.890740491465864,0.9562717971080028,0.9499194404269752,-0.17646965879744725,4.2826623837227054e-10,0
Singapore,SGP,702,2018,Exports,0.7553232163883473,0.8830781708143437,0.9862556839104034,0.9508375941170972,-0.1955143777287499,0.0,0
Singapore,SGP,702,2019,Exports,0.7553922458706634,0.8812157350982398,0.9877899365263222,0.951062007682876,-0.19566976181221252,0.0,0
Singapore,SGP,702,2020,Exports,0.7656593843723692,0.8797321497006406,0.9850906612485177,0.9538900817690024,-0.18823069739663312,0.0,0
Singapore,SGP,702,2021,Exports,0.7673805326342277,0.8816272817400735,0.9701159019017299,0.9556010843283752,-0.18822055169414753,0.0,0
Singapore,SGP,702,2022,Exports,0.7733968971427297,0.8902776002502458,0.9724111987995514,0.9585616434978051,-0.1851647463550754,0.0,0
Singapore,SGP,702,2023,Exports,0.7685321156552376,0.8880931341634845,0.9865666715201867,0.9585374653577908,-0.19000534970255323,0.0,0
Singapore,SGP,702,2024,Exports,0.7681015224807798,0.8886023697945584,0.9882763682450653,0.9609059094985004,-0.19280438701772062,0.0,0
Slovakia,SVK,703,1994,Exports,0.8336819779923398,0.82958125479227,0.9395002085667972,0.8879154631115924,-0.054233485119252633,0.0,0
Slovakia,SVK,703,1995,Exports,0.8395423037162653,0.8489838616529396,0.805644989501368,0.8622851619810101,-0.02274285826474487,0.0,0
Slovakia,SVK,703,1996,Exports,0.8355743657166594,0.8942289970292225,0.6943351424000239,0.8680115521311031,-0.03243718641444371,0.0,0
Slovakia,SVK,703,1997,Exports,0.8106544188644822,0.8669567462389995,0.9337471995094752,0.8962197712795523,-0.08556535241507013,0.0,0
Slovakia,SVK,703,1998,Exports,0.8021377998646522,0.915892419900211,0.9347865205227444,0.904706724832059,-0.10256892496740688,0.0,0
Slovakia,SVK,703,1999,Exports,0.8036000226011193,0.903796913085437,0.9423293101476113,0.9068465541216018,-0.10324653152048247,0.0,0
Slovakia,SVK,703,2000,Exports,0.8089512764068612,0.9135408636572319,0.9461290016709358,0.9198419691315448,-0.11089069272468366,0.0,0
Slovakia,SVK,703,2001,Exports,0.795742257756969,0.905053282831184,0.9587425043152786,0.91524494851688,-0.11950269075991093,0.0,0
Slovakia,SVK,703,2002,Exports,0.797451208266135,0.9128981611509243,0.9408675504879438,0.915468915097639,-0.11801770683150392,0.0,0
Slovakia,SVK,703,2003,Exports,0.8081942433420918,0.9222680208601208,0.9539170842187663,0.9267780412121216,-0.11858379787002982,0.0,0
Slovakia,SVK,703,2004,Exports,0.7814836801749622,0.8824203291336856,0.9416387123253905,0.9214269050157278,-0.1399432248407656,0.0,0
Slovakia,SVK,703,2005,Exports,0.7741146744877991,0.8642886357242899,0.8057732711510042,0.8951464527729791,-0.12103177828517997,0.0,0
Slovakia,SVK,703,2006,Exports,0.7790135209846486,0.8723589989411236,0.7897279382102228,0.8976358193064431,-0.1186222983217945,0.0,0
Slovakia,SVK,703,2007,Exports,0.7853324976465461,0.8739998714798597,0.8576879814468237,0.897835602233438,-0.11250310458689183,0.0,0
Slovakia,SVK,703,2008,Exports,0.78490336457839,0.8709240693017676,0.7713289235303882,0.9003674900384837,-0.11546412546009366,0.0,0
Slovakia,SVK,703,2009,Exports,0.7739273719011313,0.8637414401495792,0.9460521758996401,0.9171913259447648,-0.14326395404363357,0.0,0
Slovakia,SVK,703,2010,Exports,0.7617664405261811,0.8566920944202022,0.9510680497137817,0.918949966159877,-0.15718352563369586,0.0,0
Slovakia,SVK,703,2011,Exports,0.7648524110372885,0.8625622925278891,0.9449813164844869,0.9183212332384731,-0.15346882220118463,0.0,0
Slovakia,SVK,703,2012,Exports,0.7818552046687465,0.8567683469032247,0.9314181803030004,0.9229872019655576,-0.14113199729681114,0.0,0
Slovakia,SVK,703,2013,Exports,0.7761060329516776,0.8530442751395694,0.9422224566352223,0.9255691595987632,-0.1494631266470856,0.0,0
Slovakia,SVK,703,2014,Exports,0.7678866992979809,0.8562628230204627,0.9336777548295819,0.9254517358756084,-0.15756503657762744,0.0,0
Slovakia,SVK,703,2015,Exports,0.7651276295758478,0.8628688877841485,0.9401630703738585,0.927092846265874,-0.16196521669002617,0.0,0
Slovakia,SVK,703,2016,Exports,0.7645424264546967,0.8689962035112287,0.9468448873642339,0.929296623358371,-0.16475419690367432,0.0,0
Slovakia,SVK,703,2017,Exports,0.7654958201992719,0.8722083667225741,0.9471646075066298,0.9278987982846744,-0.1624029780854025,0.0,0
Slovakia,SVK,703,2018,Exports,0.7720681895755251,0.887440363860833,0.953856838596857,0.9271201236707932,-0.15505193409526807,0.0,0
Slovakia,SVK,703,2019,Exports,0.7766218248617682,0.8804374360896523,0.9526528227894038,0.928540376707303,-0.15191855184553482,0.0,0
Slovakia,SVK,703,2020,Exports,0.7755636239047673,0.8783439824849949,0.955051912138849,0.9293411156963012,-0.15377749179153388,0.0,0
Slovakia,SVK,703,2021,Exports,0.7790824876309737,0.8614290976528296,0.9510459247745993,0.9283446183072614,-0.1492621306762878,0.0,0
Slovakia,SVK,703,2022,Exports,0.7786175104097055,0.8538730384269185,0.9367269822454536,0.9274829380130888,-0.14886542760338328,0.0,0
Slovakia,SVK,703,2023,Exports,0.7682286052575925,0.8682500984071533,0.9614819224497513,0.9314767562480306,-0.1632481509904381,0.0,0
Slovakia,SVK,703,2024,Exports,0.7738106796820093,0.8707596490385685,0.9520166883498935,0.9312834347046016,-0.15747275502259228,0.0,0
Slovenia,SVN,705,1994,Exports,0.8252298475124162,0.8848563968540945,0.8974855968696869,0.8818259058569118,-0.05659605834449555,0.0,0
Slovenia,SVN,705,1995,Exports,0.8274722322433954,0.8971448488731718,0.901009231936863,0.8858476688575463,-0.0583754366141509,0.0,0
Slovenia,SVN,705,1996,Exports,0.8284313308385278,0.9063874473428489,0.8417898229138011,0.887601292462243,-0.05916996162371513,0.0,0
Slovenia,SVN,705,1997,Exports,0.8374256613114126,0.9049348683408015,0.8861449940121611,0.892112083140302,-0.05468642182888939,0.0,0
Slovenia,SVN,705,1998,Exports,0.82511439624882,0.885272692604609,0.918074469585884,0.8957988669251307,-0.07068447067631067,0.0,0
Slovenia,SVN,705,1999,Exports,0.8283093883764252,0.878567078724622,0.8640488445780863,0.8951011582420432,-0.06679176986561797,0.0,0
Slovenia,SVN,705,2000,Exports,0.835886871406431,0.8661355090399141,0.8725375912092104,0.8993118568593708,-0.06342498545293973,0.0,0
Slovenia,SVN,705,2001,Exports,0.8290507647727651,0.8603855163243047,0.9309045919532393,0.8978315043969458,-0.06878073962418074,0.0,0
Slovenia,SVN,705,2002,Exports,0.8334275646847982,0.8761419962229149,0.9226009163134252,0.90422385169688,-0.07079628701208185,0.0,0
Slovenia,SVN,705,2003,Exports,0.8322843551793234,0.8828560590907086,0.9355463951656373,0.9048997251255464,-0.07261536994622297,0.0,0
Slovenia,SVN,705,2004,Exports,0.824316132866586,0.8844985041822488,0.953309327389741,0.908938940667812,-0.084622807801226,0.0,0
Slovenia,SVN,705,2005,Exports,0.8194310753090193,0.8763272696160742,0.9313160703885386,0.90438870649488,-0.08495763118586075,0.0,0
Slovenia,SVN,705,2006,Exports,0.8115842872412519,0.8742155890609383,0.9414237995791958,0.9047836467957612,-0.09319935955450931,0.0,0
Slovenia,SVN,705,2007,Exports,0.7969780960604167,0.8781544379108882,0.8792687369937717,0.9052318986561112,-0.1082538025956945,0.0,0
Slovenia,SVN,705,2008,Exports,0.7866697520194942,0.8654280318538995,0.9498534773470009,0.9025921716421894,-0.11592241962269523,0.0,0
Slovenia,SVN,705,2009,Exports,0.7805469835528531,0.8836778243934125,0.8890567219664014,0.907644810605076,-0.12709782705222283,0.0,0
Slovenia,SVN,705,2010,Exports,0.7948750044189921,0.879559910398944,0.8546900634756989,0.9097692668295554,-0.11489426241056333,0.0,0
Slovenia,SVN,705,2011,Exports,0.7977850420590531,0.8798774308250109,0.9136863131452955,0.9106091753490086,-0.11282413328995555,0.0,0
Slovenia,SVN,705,2012,Exports,0.8013442115890079,0.8820461518830468,0.9167215184633767,0.91247349311939,-0.11112928153038204,0.0,0
Slovenia,SVN,705,2013,Exports,0.7936682877325147,0.8782491113479446,0.9473783115166201,0.9105628811336496,-0.11689459340113484,0.0,0
Slovenia,SVN,705,2014,Exports,0.7824428560536941,0.8769455794075578,0.9293905371208238,0.9094129541096124,-0.1269700980559183,0.0,0
Slovenia,SVN,705,2015,Exports,0.7725860571289259,0.8694306474788963,0.9109486177903406,0.9084821388132642,-0.1358960816843383,0.0,0
Slovenia,SVN,705,2016,Exports,0.7677426149522794,0.8705110865537702,0.9423117120987928,0.9074606871594562,-0.1397180722071768,0.0,0
Slovenia,SVN,705,2017,Exports,0.7686686694259227,0.8723098157943444,0.9457815752209033,0.9072695742269672,-0.13860090480104448,0.0,0
Slovenia,SVN,705,2018,Exports,0.7712334827341767,0.874829756364438,0.9578558727772675,0.9080177870114544,-0.13678430427727772,0.0,0
Slovenia,SVN,705,2019,Exports,0.7757456688118214,0.8941247229237848,0.9313292618936749,0.91202600390528,-0.1362803350934586,0.0,0
Slovenia,SVN,705,2020,Exports,0.7768116502768979,0.9171242776124726,0.9498074652520132,0.913658653648737,-0.13684700337183908,0.0,0
Slovenia,SVN,705,2021,Exports,0.7804984932898882,0.915403756152687,0.9539247602605666,0.9137964843995524,-0.13329799110966423,0.0,0
Slovenia,SVN,705,2022,Exports,0.7918197705051584,0.9300521787301855,0.9520571451285403,0.9241040564616504,-0.132284285956492,0.0,0
Slovenia,SVN,705,2023,Exports,0.8024689590182535,0.9395703075976923,0.9610036509919738,0.9294569372699096,-0.1269879782516561,0.0,0
Slovenia,SVN,705,2024,Exports,0.8176748864079522,0.9495249388708574,0.9509822661895274,0.9371544744409088,-0.11947958803295666,0.0,0
South Africa,ZAF,710,2000,Exports,0.8396996095265669,0.8851153428496407,0.9908278230589754,0.9207933017945272,-0.08109369226796037,0.0,0
South Africa,ZAF,710,2001,Exports,0.847947756422194,0.8847715471589672,0.9943720856636917,0.930742861363459,-0.08279510494126496,0.0,0
South Africa,ZAF,710,2002,Exports,0.8381932525875512,0.8968592775646781,0.9867604520294571,0.9196946075086618,-0.08150135492111066,0.0,0
South Africa,ZAF,710,2003,Exports,0.8588746011506426,0.9034050175770495,0.9891408202969363,0.9282729272296872,-0.06939832607904461,0.0,0
South Africa,ZAF,710,2004,Exports,0.8649485230448674,0.898731179114191,0.9875999490196785,0.9339869603503876,-0.06903843730552028,0.0,0
South Africa,ZAF,710,2005,Exports,0.8618651172205007,0.8987510426343979,0.9906274670577542,0.9374765218676276,-0.0756114046471269,0.0,0
South Africa,ZAF,710,2006,Exports,0.8578244651743074,0.8452577735899574,0.9901884205012188,0.9404016415203752,-0.08257717634606776,0.0,0
South Africa,ZAF,710,2007,Exports,0.8519580872545567,0.8517560088345967,0.984494010515069,0.9405306042016146,-0.08857251694705792,0.0,0
South Africa,ZAF,710,2008,Exports,0.8667914235989996,0.8531484790942971,0.9854103336834606,0.9425381076948544,-0.07574668409585472,0.0,0
South Africa,ZAF,710,2009,Exports,0.8618969295576802,0.8667385048018106,0.9816574439662301,0.934885365694478,-0.07298843613679784,0.0,0
South Africa,ZAF,710,2010,Exports,0.8376098083922108,0.8814895979159155,0.9974272637935044,0.9191694076441111,-0.08155959925190037,0.0,0
South Africa,ZAF,710,2011,Exports,0.8535770936107461,0.8978897622525185,0.9740210203129709,0.9335580261076372,-0.07998093249689109,0.0,0
South Africa,ZAF,710,2012,Exports,0.8458741376489965,0.8944035989632865,0.9912661343784697,0.9268615254594824,-0.08098738781048587,7.778309420996668e-07,0
South Africa,ZAF,710,2013,Exports,0.842592405174192,0.8957892410442574,0.9956776974157137,0.9266956658384418,-0.08410326066424978,0.0,0
South Africa,ZAF,710,2014,Exports,0.8323322909753273,0.8704909659315988,0.9734814600245276,0.9231046047999758,-0.09077231382464845,0.0,0
South Africa,ZAF,710,2015,Exports,0.8170459489475018,0.864947183745027,0.997293761001157,0.92038451358261,-0.10333856463510815,0.0,0
South Africa,ZAF,710,2016,Exports,0.8166228176807784,0.8642935821662394,0.9962954575964793,0.9246296278664252,-0.10800681018564684,0.0,0
South Africa,ZAF,710,2017,Exports,0.819602581997783,0.8616789890381559,0.9738469039405114,0.9305486372362136,-0.1109460552384306,0.0,0
South Africa,ZAF,710,2018,Exports,0.838465895469378,0.8878187723402211,0.996892871656654,0.9325467018247328,-0.09408080635535476,0.0,0
South Africa,ZAF,710,2019,Exports,0.8459331587009824,0.8861371967836846,0.9680557492055502,0.9333325429522572,-0.0873993842512748,0.0,0
South Africa,ZAF,710,2020,Exports,0.8605744002121941,0.8814134231181856,0.9661018606682679,0.9408280828471404,-0.08025368263494626,0.0,0
South Africa,ZAF,710,2021,Exports,0.8594273744305155,0.8680835380553397,0.9940957047164126,0.946498147117991,-0.08707077268747543,0.0,0
South Africa,ZAF,710,2022,Exports,0.8633049144180025,0.9027541390124115,0.9968316120029512,0.9429199187990238,-0.07961500438102131,0.0,0
South Africa,ZAF,710,2023,Exports,0.8554960477968523,0.8965612171809736,0.9960086577615009,0.9397864854029998,-0.08429043760614752,0.0,0
South Africa,ZAF,710,2024,Exports,0.8525578039509213,0.8958396805188131,0.996567499753422,0.9377748050842616,-0.0852170011333403,0.0,0
Spain,ESP,724,1989,Exports,0.7824346227506448,0.8714890019321098,0.9681421281630621,0.8663504885209525,-0.08391586577030774,2.5196741321134847e-07,0
Spain,ESP,724,1990,Exports,0.7708752509579965,0.870649080804579,0.9595136637855575,0.8656220417417437,-0.09474679078374726,7.355420373993072e-07,0
Spain,ESP,724,1991,Exports,0.7461209049045148,0.8669343129211384,0.9692668054377168,0.8695774734411583,-0.12345656853664355,0.0,0
Spain,ESP,724,1992,Exports,0.7262058760255281,0.869001875062699,0.9662134288909303,0.8666712395156515,-0.1404653634901234,0.0,0
Spain,ESP,724,1993,Exports,0.7237858121101168,0.8609691545567701,0.9705823719669443,0.8637745501426997,-0.13998873803258283,0.0,0
Spain,ESP,724,1994,Exports,0.6928229480287617,0.8587534188430216,0.9776162301891542,0.8615170425128285,-0.1686940944840668,0.0,0
Spain,ESP,724,1995,Exports,0.6922076604704133,0.8637522827418822,0.9809849960267171,0.8584010754132556,-0.16619341494284234,0.0,0
Spain,ESP,724,1996,Exports,0.6894049505474035,0.8666356268733112,0.9571943732506947,0.8548621303262802,-0.16545717977887675,0.0,0
Spain,ESP,724,1997,Exports,0.6899082184061749,0.8509949247818485,0.9739804966472445,0.8546299710677328,-0.16472175266155786,0.0,0
Spain,ESP,724,1998,Exports,0.6711277629527447,0.859374785614051,0.9741556509227937,0.8503031028328254,-0.17917533988008072,0.0,0
Spain,ESP,724,1999,Exports,0.6572042993015856,0.8505316448037153,0.9744345736210898,0.8486892186427202,-0.19148491934113454,0.0,0
Spain,ESP,724,2000,Exports,0.6593611320930763,0.8552752018596156,0.9165164672192289,0.8515623047592584,-0.19220117266618209,0.0,0
Spain,ESP,724,2001,Exports,0.6488050193197523,0.8518710861249602,0.9152191771265086,0.8490479775521089,-0.2002429582323566,0.0,0
Spain,ESP,724,2002,Exports,0.6439643152423677,0.8468093368159061,0.9852468575587519,0.8512175340113426,-0.20725321876897485,0.0,0
Spain,ESP,724,2003,Exports,0.6491199474708214,0.8583042085335832,0.9603543707142984,0.8574857157626241,-0.20836576829180276,0.0,0
Spain,ESP,724,2004,Exports,0.6497175772038141,0.8450366646907327,0.9853105029778985,0.8586189640658619,-0.20890138686204784,0.0,0
Spain,ESP,724,2005,Exports,0.6536806462942166,0.8334432013472726,0.9855560086251793,0.8605756707741121,-0.2068950244798955,0.0,0
Spain,ESP,724,2006,Exports,0.6621323632134367,0.8306058140913445,0.9934407783693144,0.858621474288275,-0.19648911107483824,0.0,0
Spain,ESP,724,2007,Exports,0.6534309188316519,0.8456747601877391,0.9658216659161574,0.8543965888267575,-0.20096566999510557,0.0,0
Spain,ESP,724,2008,Exports,0.6658756770791757,0.8419206231713939,0.9920409087592639,0.8519566218658827,-0.186080944786707,0.0,0
Spain,ESP,724,2009,Exports,0.651443338070244,0.8443357354808977,0.9722080867066704,0.8494916907542325,-0.19804835268398846,0.0,0
Spain,ESP,724,2010,Exports,0.6622332312113518,0.840124425574363,0.9740110788845144,0.8499499427497537,-0.18771671153840186,0.0,0
Spain,ESP,724,2011,Exports,0.6649255080960587,0.8446040138350259,0.9686628076723631,0.8533962048926731,-0.18847069679661443,0.0,0
Spain,ESP,724,2012,Exports,0.6611606672937616,0.8471581207105358,0.968025751036899,0.8533803464192391,-0.19221967912547755,0.0,0
Spain,ESP,724,2013,Exports,0.6602728899266267,0.8384458688177806,0.9692844330715552,0.8539382533906315,-0.19366536346400476,0.0,0
Spain,ESP,724,2014,Exports,0.6407354554545679,0.7895988328768863,0.9708708637507204,0.8528655059019159,-0.212130050447348,0.0,0
Spain,ESP,724,2015,Exports,0.6384210010196036,0.8064564626501407,0.9729689250774656,0.8522558208019004,-0.2138348197822968,0.0,0
Spain,ESP,724,2016,Exports,0.6389298603700019,0.810453970283986,0.9699593584514413,0.854363082727132,-0.21543322235713014,0.0,0
Spain,ESP,724,2017,Exports,0.6521403293396625,0.8059525644987188,0.9938438418387362,0.8541495068560998,-0.20200917751643732,0.0,0
Spain,ESP,724,2018,Exports,0.6523930656908264,0.8040054229778067,0.9895638983732343,0.8519324656327181,-0.19953939994189163,0.0,0
Spain,ESP,724,2019,Exports,0.6552768255695268,0.8020558223156571,0.9903937555943141,0.85276527994812,-0.1974884543785932,0.0,0
Spain,ESP,724,2020,Exports,0.6695253713714314,0.7957735412682756,0.9958818180908298,0.8505084707171324,-0.180983099345701,0.0,0
Spain,ESP,724,2021,Exports,0.662385116211498,0.7876906690140746,0.9948957775557765,0.8506172668271967,-0.18823215061569876,0.0,0
Spain,ESP,724,2022,Exports,0.6482921120801799,0.8168354015370197,0.9958864762994231,0.8621935395032052,-0.21390142742302531,0.0,0
Spain,ESP,724,2023,Exports,0.6380567243142855,0.7872224796221805,0.996947179440888,0.8593744324369788,-0.22131770812269325,0.0,0
Spain,ESP,724,2024,Exports,0.6302432470973838,0.7763486121134511,0.9963438282556425,0.8586953867085407,-0.22845213961115696,0.0,0
Sweden,SWE,752,1992,Exports,0.7510239732114635,0.8916270513400625,0.9561723331613651,0.8931814290448896,-0.1421574558334261,0.0,0
Sweden,SWE,752,1993,Exports,0.7545832525692795,0.8863863695545514,0.9735535476815064,0.8957294810796685,-0.14114622851038905,0.0,0
Sweden,SWE,752,1994,Exports,0.7519201950822054,0.8823460014776912,0.9768438582001486,0.8968420715114525,-0.14492187642924703,0.0,0
Sweden,SWE,752,1995,Exports,0.7514813581705782,0.8842653049902329,0.9536731662984572,0.8990533943363082,-0.14757203616573,0.0,0
Sweden,SWE,752,1996,Exports,0.760731798822362,0.8887533691342784,0.9326913400657472,0.899619907962655,-0.13888810914029304,0.0,0
Sweden,SWE,752,1997,Exports,0.7527335004244606,0.8845594391935967,0.943334648115933,0.8981586461964732,-0.1454251457720126,0.0,0
Sweden,SWE,752,1998,Exports,0.7349637079507029,0.8827436794145135,0.954296307980856,0.8985711944946755,-0.1636074865439726,0.0,0
Sweden,SWE,752,1999,Exports,0.7335287143941891,0.8605885793505631,0.9750718435552314,0.8906930395665698,-0.15716432517238066,0.0,0
Sweden,SWE,752,2000,Exports,0.7378320637469211,0.8742260731866843,0.9743781678152816,0.9057613450275545,-0.16792928128063334,0.0,0
Sweden,SWE,752,2001,Exports,0.7112837293350754,0.8725770728516944,0.9641175608386978,0.8974080738640975,-0.18612434452902205,0.0,0
Sweden,SWE,752,2002,Exports,0.7082369136315534,0.8630783960170214,0.9612172886166562,0.8967775538115628,-0.18854064018000938,0.0,0
Sweden,SWE,752,2003,Exports,0.7030887720403838,0.8683178960971618,0.968958262015772,0.8977602430060254,-0.19467147096564164,0.0,0
Sweden,SWE,752,2004,Exports,0.6987000988071522,0.8560395426855916,0.9649442847624686,0.900296114436588,-0.20159601562943574,0.0,0
Sweden,SWE,752,2005,Exports,0.6928432529241307,0.8434695171733022,0.969244757525964,0.9024545710053592,-0.20961131808122846,0.0,0
Sweden,SWE,752,2006,Exports,0.6875211729393856,0.837502086469841,0.9677000898045424,0.9024208200813332,-0.21489964714194754,0.0,0
Sweden,SWE,752,2007,Exports,0.6944647991191617,0.8386114260096882,0.9663956219117198,0.8973744959074097,-0.202909696788248,0.0,0
Sweden,SWE,752,2008,Exports,0.6950834300246473,0.855781935222665,0.9572932206070051,0.8962798984441316,-0.20119646841948424,0.0,0
Sweden,SWE,752,2009,Exports,0.6812124343885582,0.8508824328481291,0.9764106545587867,0.8913495451007154,-0.21013711071215724,0.0,0
Sweden,SWE,752,2010,Exports,0.6927478532810999,0.8439299652499246,0.9862017949697647,0.8960795591885764,-0.2033317059074765,0.0,0
Sweden,SWE,752,2011,Exports,0.6980301848110239,0.8450758687680948,0.9854921935504188,0.8977937494128319,-0.199763564601808,0.0,0
Sweden,SWE,752,2012,Exports,0.6986089567575634,0.8500398743114632,0.9689915616808374,0.897386434891829,-0.1987774781342656,0.0,0
Sweden,SWE,752,2013,Exports,0.702061149639907,0.842842134341963,0.9708227328953599,0.8949290144108883,-0.1928678647709814,0.0,0
Sweden,SWE,752,2014,Exports,0.6954598928246403,0.8436690715814669,0.9768150498964832,0.8964048827688571,-0.20094498994421683,0.0,0
Sweden,SWE,752,2015,Exports,0.683850170318533,0.8220835597530981,0.9684783123357252,0.8967876799262342,-0.2129375096077012,0.0,0
Sweden,SWE,752,2016,Exports,0.6802991919228719,0.8209975351785982,0.9725295226837698,0.8932609994851364,-0.21296180756226446,0.0,0
Sweden,SWE,752,2017,Exports,0.6892728053705337,0.8160142301685959,0.9818020193210795,0.8971318164515076,-0.20785901108097393,0.0,0
Sweden,SWE,752,2018,Exports,0.6974472728061204,0.8398703500915035,0.9816969078772083,0.8998952422540611,-0.20244796944794075,0.0,0
Sweden,SWE,752,2019,Exports,0.6869431636196348,0.8283546964936169,0.9894772947535645,0.8996842046339824,-0.21274104101434754,0.0,0
Sweden,SWE,752,2020,Exports,0.6824156040139426,0.8270561296247902,0.9898115736071451,0.8984472230602014,-0.21603161904625878,0.0,0
Sweden,SWE,752,2021,Exports,0.6908281437019451,0.8068266944815818,0.9888200083976435,0.9008052743133592,-0.2099771306114141,0.0,0
Sweden,SWE,752,2022,Exports,0.7015875483972203,0.8388155706583769,0.9906707373723284,0.9056280862132232,-0.20404053781600295,0.0,0
Sweden,SWE,752,2023,Exports,0.6958969967761757,0.8212725335462235,0.9910249199618898,0.9054064365476236,-0.20950943977144798,0.0,0
Sweden,SWE,752,2024,Exports,0.6942172512479796,0.8172797980650496,0.9912995612306001,0.9050556161250444,-0.21083836487706475,2.365906872948079e-08,0
Switzerland,CHE,757,1988,Exports,0.8758108354497351,0.7688330111389572,0.9799065229564203,0.865567481122167,0.010243354327568177,0.00019337875715998121,0
Switzerland,CHE,757,1989,Exports,0.8820866733925307,0.796437749336455,0.9544166828859756,0.870510938013729,0.011575735378801633,0.0,0
Switzerland,CHE,757,1990,Exports,0.8816163675997327,0.7902973346421432,0.9390359387991885,0.8704448184015636,0.011171549198169095,2.5493070247189256e-07,0
Switzerland,CHE,757,1991,Exports,0.8292264027359418,0.7657053918677282,0.9520069942869032,0.8704124919484233,-0.04118608921248146,0.0,0
Switzerland,CHE,757,1992,Exports,0.8247289894435249,0.7861599789879936,0.9481916485939123,0.8731839907185475,-0.04845500127502256,0.0,0
Switzerland,CHE,757,1993,Exports,0.8229761106959629,0.809772060624258,0.9542004482002362,0.8783595597126412,-0.055383449016678354,0.0,0
Switzerland,CHE,757,1994,Exports,0.8140309363982797,0.8219667871920223,0.9617258794311427,0.8801178561599792,-0.06608691976169945,0.0,0
Switzerland,CHE,757,1995,Exports,0.809424733937281,0.8136028004642647,0.9572217594836108,0.8798763382832064,-0.07045160434592546,0.0,0
Switzerland,CHE,757,1996,Exports,0.8172653829767528,0.8369551916805991,0.9434724718865937,0.8834294518735788,-0.06616406889682602,0.0,0
Switzerland,CHE,757,1997,Exports,0.8167671061013677,0.834441486376968,0.9544750524586604,0.885705378976348,-0.06893827287498033,0.0,0
Switzerland,CHE,757,1998,Exports,0.8091574049579441,0.8427910736299736,0.9601090726234263,0.88504930064891,-0.07589189569096588,0.0,0
Switzerland,CHE,757,1999,Exports,0.8106056666665399,0.8461218527389238,0.9620703113269234,0.8902069256510554,-0.07960125898451553,0.0,0
Switzerland,CHE,757,2000,Exports,0.8200597819699382,0.8321677046516568,0.9508607308229304,0.8916002820106836,-0.07154050004074541,0.0,0
Switzerland,CHE,757,2001,Exports,0.8193407637782154,0.8652622396376838,0.9468727606629013,0.8943120574964822,-0.07497129371826683,0.0,0
Switzerland,CHE,757,2002,Exports,0.8244043709443309,0.889372333834533,0.9452454896276656,0.9025982154317174,-0.07819384448738642,0.0,0
Switzerland,CHE,757,2003,Exports,0.8217454998884176,0.8968417154757429,0.9442317698374065,0.9036276160863532,-0.08188211619793562,0.0,0
Switzerland,CHE,757,2004,Exports,0.8249255819219591,0.9016772550972787,0.9486267386382778,0.9057995318276268,-0.08087394990566776,0.0,0
Switzerland,CHE,757,2005,Exports,0.8300615006975869,0.9075095346868003,0.9480093036407491,0.9096990187253956,-0.07963751802780872,0.0,0
Switzerland,CHE,757,2006,Exports,0.8388577219373149,0.9137559632200991,0.9518124977618063,0.9139125213618908,-0.07505479942457594,0.0,0
Switzerland,CHE,757,2007,Exports,0.8367430958823809,0.9177768402488531,0.9554449609058278,0.9105191951117924,-0.07377609922941142,0.0,0
Switzerland,CHE,757,2008,Exports,0.8454021787833856,0.9202747997154193,0.966463710516254,0.9158960572082092,-0.07049387842482358,0.0,0
Switzerland,CHE,757,2009,Exports,0.8383777183732728,0.934284481209263,0.9394880397123306,0.9224520168894944,-0.08407429851622161,0.0,0
Switzerland,CHE,757,2010,Exports,0.8568329369379516,0.9308759630681227,0.961607685342741,0.9278165108778862,-0.0709835739399346,0.0,0
Switzerland,CHE,757,2011,Exports,0.8644261324255232,0.929366737912735,0.9526255618695201,0.9300001929037648,-0.06557406047824155,0.0,0
Switzerland,CHE,757,2012,Exports,0.8827981799684429,0.9577051104320278,0.9561419901970813,0.9504925441291954,-0.06769436416075247,0.0,0
Switzerland,CHE,757,2013,Exports,0.8948018554074335,0.9631553419396146,0.9562064195227754,0.9569541284967408,-0.062152273089307264,0.0,0
Switzerland,CHE,757,2014,Exports,0.8808424616504373,0.9504328135822846,0.9650744812969236,0.949980609622732,-0.06913814797229467,0.0,0
Switzerland,CHE,757,2015,Exports,0.87495650463424,0.9502532090463854,0.9715973256363141,0.9527482172493134,-0.07779171261507334,0.0,0
Switzerland,CHE,757,2016,Exports,0.8734508624805771,0.9528630782139735,0.9737713859251801,0.9560833268730152,-0.0826324643924381,0.0,0
Switzerland,CHE,757,2017,Exports,0.870942376460178,0.9487131568396421,0.9653938656183424,0.9527342568097104,-0.08179188034953233,0.0,0
Switzerland,CHE,757,2018,Exports,0.8717956507340728,0.9450814679370949,0.9626835598387977,0.952218492059176,-0.08042284132510313,0.0,0
Switzerland,CHE,757,2019,Exports,0.8705013335409761,0.9448548694630249,0.9663026217315502,0.9545162441624157,-0.08401491062143951,0.0,0
Switzerland,CHE,757,2020,Exports,0.8649357363885894,0.9475973204295586,0.9680524670516539,0.9565942534022412,-0.0916585170136518,0.0,0
Switzerland,CHE,757,2021,Exports,0.8766662826291244,0.9494968549802035,0.9643139273263395,0.9581455562099644,-0.08147927358084006,0.0,0
Switzerland,CHE,757,2022,Exports,0.8845448602532832,0.9506081834677665,0.9714490276053916,0.9617309925170752,-0.077186132263792,0.0,0
Switzerland,CHE,757,2023,Exports,0.8828221626670687,0.9511710432371446,0.9788161462074024,0.9630940619587736,-0.08027189929170486,0.0,0
Switzerland,CHE,757,2024,Exports,0.8831335979643646,0.9507861542315088,0.9899967849745286,0.965339125490503,-0.08220552752613841,0.0,0
Turkey,TUR,792,1989,Exports,0.9299368228810478,0.892087539502582,0.7993882198462016,0.917712903406527,0.012223919474520839,3.4297772228149756e-06,0
Turkey,TUR,792,1990,Exports,0.9316453004699389,0.889829985427113,0.8123173705438158,0.922281689597928,0.009363610872010875,0.0,0
Turkey,TUR,792,1991,Exports,0.9373216874459311,0.8978015205964361,0.8020042899057562,0.9234610007394486,0.01386068670648255,0.0,0
Turkey,TUR,792,1992,Exports,0.9203664673134653,0.8908541092597918,0.8230602398046822,0.9200656881064722,0.0003007792069931181,0.0,0
Turkey,TUR,792,1993,Exports,0.9190471295513747,0.8781154721503627,0.8562356565352651,0.9200106421941084,-0.0009635126427337548,0.0,0
Turkey,TUR,792,1994,Exports,0.9037949031091649,0.8629583748738389,0.9064824323447372,0.91507412937821,-0.011279226269045095,0.0,0
Turkey,TUR,792,1995,Exports,0.8984121470651296,0.8729790724823009,0.9245854443312864,0.9122614625524744,-0.013849315487344804,0.0,0
Turkey,TUR,792,1996,Exports,0.8886288418121389,0.8683873802972281,0.9220867132714481,0.9075010167455326,-0.01887217493339377,0.0,0
Turkey,TUR,792,1997,Exports,0.884234373702033,0.8456550777075075,0.941775082096744,0.9049639361995744,-0.02072956249754143,0.0,0
Turkey,TUR,792,1998,Exports,0.8729382250390096,0.8440287200326088,0.9429760174435814,0.9026634104335542,-0.029725185394544607,0.0,0
Turkey,TUR,792,1999,Exports,0.8585466091898182,0.8577706053181811,0.9541178787624629,0.9025760883582964,-0.044029479168478214,0.0,0
Turkey,TUR,792,2000,Exports,0.8561627090899838,0.8498243342524814,0.9549759828200659,0.9039470666915784,-0.04778435760159461,0.0,0
Turkey,TUR,792,2001,Exports,0.8449924830999979,0.8403763346722388,0.9576449390514556,0.90230238637697,-0.05730990327697216,0.0,0
Turkey,TUR,792,2002,Exports,0.8482179466201262,0.85643215058527,0.9393246459229343,0.9003688509751835,-0.052150904355057315,0.0,0
Turkey,TUR,792,2003,Exports,0.8341934561655414,0.8604597547022346,0.9568852575474525,0.9022433256663264,-0.06804986950078495,0.0,0
Turkey,TUR,792,2004,Exports,0.8316695679060689,0.8798633315359179,0.8798446780783099,0.9052351160741714,-0.07356554816810246,0.0,0
Turkey,TUR,792,2005,Exports,0.8258512178535297,0.8646925293765488,0.9420223787820905,0.9030525955049415,-0.07720137765141188,0.0,0
Turkey,TUR,792,2006,Exports,0.8071242333047769,0.8620752150490113,0.8893141599075277,0.902385553504648,-0.0952613201998711,0.0,0
Turkey,TUR,792,2007,Exports,0.7994406590849126,0.8655850988029563,0.8836543652683564,0.8970663945615589,-0.09762573547664632,0.0,0
Turkey,TUR,792,2008,Exports,0.7991374164353215,0.8739472774536933,0.8873829867822247,0.9021718496262128,-0.10303443319089123,0.0,0
Turkey,TUR,792,2009,Exports,0.7966011914992264,0.858984702107493,0.9592310492413655,0.8938007189902173,-0.09719952749099092,0.0,0
Turkey,TUR,792,2010,Exports,0.7978797855945764,0.8470128591525611,0.8962971776182928,0.889092866902403,-0.09121308130782657,0.0,0
Turkey,TUR,792,2011,Exports,0.793704946435456,0.8521275303851064,0.9638084912743194,0.8879394429972736,-0.0942344965618176,0.0,0
Turkey,TUR,792,2012,Exports,0.7900438397907558,0.893637789736241,0.874881346428166,0.8965534848489933,-0.10650964505823757,0.0,0
Turkey,TUR,792,2013,Exports,0.7664704010364661,0.8610284569027755,0.9659505956448873,0.8857750460689702,-0.11930464503250404,0.0,0
Turkey,TUR,792,2014,Exports,0.7656547826010545,0.8414425714445006,0.8945190104624107,0.8838493877725939,-0.11819460517153946,0.0,0
Turkey,TUR,792,2015,Exports,0.7586462543211093,0.8504438245897482,0.9185843712399631,0.8848318445244543,-0.12618559020334497,0.0,0
Turkey,TUR,792,2016,Exports,0.7587345778049043,0.8543018633944591,0.9357294342096694,0.8861699777210086,-0.1274353999161043,0.0,0
Turkey,TUR,792,2017,Exports,0.7565423420537182,0.8420983529775414,0.9145072265488947,0.8861662245954045,-0.12962388254168633,0.0,0
Turkey,TUR,792,2018,Exports,0.7642761650473016,0.8249870741058759,0.895799458913517,0.8811516303985505,-0.11687546535124893,0.0,0
Turkey,TUR,792,2019,Exports,0.7550126265324626,0.8379942312316319,0.9155424984008014,0.8807219760939062,-0.12570934956144364,0.0,0
Turkey,TUR,792,2020,Exports,0.7612662284109638,0.8127731076254533,0.9415644583381931,0.8760443166299055,-0.11477808821894164,0.0,0
Turkey,TUR,792,2021,Exports,0.7648879046517857,0.829429285371426,0.9311218524030245,0.8765104196687512,-0.11162251501696552,0.0,0
Turkey,TUR,792,2022,Exports,0.7567702363165522,0.8596005799788002,0.9115588792212133,0.8730542380841506,-0.11628400176759845,0.0,0
Turkey,TUR,792,2023,Exports,0.73835807464176,0.8578444190322664,0.9278692610135507,0.875575291531784,-0.13721721689002409,0.0,0
Turkey,TUR,792,2024,Exports,0.7351632862601696,0.8606707076258948,0.9354529550501144,0.8744100745757559,-0.13924678831558635,0.0,0
Uganda,UGA,800,1994,Exports,0.9948003197715225,0.9955874920695953,0.2916093331568662,0.9827769208112498,0.012023398960272713,0.0,0
Uganda,UGA,800,1995,Exports,0.9917582985601746,0.9929045899921398,0.33296682515345843,0.9771049145517569,0.014653384008417758,0.0,0
Uganda,UGA,800,1996,Exports,0.9930894977524211,0.9928162484117824,0.25984410628114835,0.9731196406988452,0.0199698570535759,0.0,0
Uganda,UGA,800,1997,Exports,0.9898736211694619,0.9904706886851896,0.30772918061929266,0.9689936759130048,0.02087994525645709,0.0,0
Uganda,UGA,800,1998,Exports,0.9923650501706173,0.990618613878369,0.28675885866760403,0.9730597312239772,0.019305318946640115,0.0,0
Uganda,UGA,800,1999,Exports,0.9938169729112527,0.9896564706313731,0.3378635871319296,0.9748582264718068,0.01895874643944595,0.0,0
Uganda,UGA,800,2000,Exports,0.9894932627923522,0.9688719343116414,0.36348393774507487,0.9590266428367944,0.030466619955557772,0.0,0
Uganda,UGA,800,2001,Exports,0.9866263623219516,0.9651680611746639,0.4490630132497949,0.9617578088375596,0.024868553484391986,0.0,0
Uganda,UGA,800,2002,Exports,0.9873995254425318,0.9686690604944319,0.48439563936203234,0.9660019995011102,0.021397525941421636,0.0,0
Uganda,UGA,800,2003,Exports,0.9807318527401941,0.9603596324474583,0.5035347705780537,0.961745420294466,0.018986432445728174,0.0,0
Uganda,UGA,800,2004,Exports,0.9797834251369959,0.957336637501141,0.492794770064061,0.9613827525600004,0.018400672576995514,0.0,0
Uganda,UGA,800,2005,Exports,0.9785218929460777,0.9518133651676156,0.5257625282401532,0.9652179514565932,0.01330394148948455,0.0,0
Uganda,UGA,800,2006,Exports,0.9733599349656149,0.9539518662113455,0.6359910745768731,0.9693467193873632,0.004013215578251739,0.0,0
Uganda,UGA,800,2007,Exports,0.9742264597644092,0.9495958426141516,0.5635573770610233,0.9664564612418663,0.007769998522542898,0.0,0
Uganda,UGA,800,2008,Exports,0.9683250586025705,0.9425030811385362,0.7129032239792377,0.965472747177866,0.0028523114247044346,0.0,0
Uganda,UGA,800,2009,Exports,0.9599954421055267,0.9482325531818153,0.7137674150964322,0.962994829418695,-0.002999387313168289,0.0,0
Uganda,UGA,800,2010,Exports,0.9578246141054235,0.9412262559252411,0.7465535794613496,0.9577112071491688,0.00011340695625472463,0.0,0
Uganda,UGA,800,2011,Exports,0.9593613864744112,0.9469650410546702,0.7403998886067171,0.9619531768612082,-0.0025917903867970216,0.0,0
Uganda,UGA,800,2012,Exports,0.9519190266989974,0.9453763122991442,0.7699791971741508,0.959020623637137,-0.007101596938139609,0.0,0
Uganda,UGA,800,2013,Exports,0.9549865406038287,0.9390563697808675,0.7713492931824808,0.9596669868104816,-0.004680446206652866,0.0,0
Uganda,UGA,800,2014,Exports,0.9620664863255164,0.9485040085759731,0.7902572959045007,0.9611562772976489,0.0009102090278675368,0.0,0
Uganda,UGA,800,2015,Exports,0.9555453130462983,0.9333653790276587,0.7716416009858071,0.9585536264447104,-0.0030083133984121213,0.0,0
Uganda,UGA,800,2016,Exports,0.9617970655696358,0.9481140345412473,0.7599655074355027,0.9578031240442312,0.003993941525404665,0.0,0
Uganda,UGA,800,2017,Exports,0.9713066235686625,0.9561410637364223,0.7067914667199524,0.9647168723842804,0.006589751184382098,0.0,0
Uganda,UGA,800,2018,Exports,0.9709319090438256,0.9572371058422582,0.7447867925759764,0.9652574954492712,0.0056744135945544505,0.0,0
Uganda,UGA,800,2019,Exports,0.9715270918351218,0.9723862659967936,0.734211503396846,0.9730042369171276,-0.001477145082005804,0.0,0
Uganda,UGA,800,2020,Exports,0.9740077526166016,0.9795960564762637,0.7071970567709911,0.9752426345516676,-0.0012348819350660456,0.0,0
Uganda,UGA,800,2021,Exports,0.9645924054060481,0.9640081056408215,0.7687076997807256,0.9679757353851426,-0.003383329979094518,0.0,0
Uganda,UGA,800,2022,Exports,0.9632686365451546,0.9394376319965765,0.7323291052858194,0.9559999941103448,0.007268642434809847,0.0,0
Uganda,UGA,800,2023,Exports,0.9672146859963675,0.9740981706647287,0.7524348957606877,0.9728524052794074,-0.00563771928303991,0.0,0
Uganda,UGA,800,2024,Exports,0.9742310991928234,0.9819430289281377,0.7647349832732314,0.9787712957855736,-0.00454019659275029,0.0,0
United Arab Emirates,ARE,784,1991,Exports,0.9951031122812595,0.9965974170686119,0.08076907382255633,0.9643817807347794,0.030721331546480046,0.0,0
United Arab Emirates,ARE,784,1992,Exports,0.9944808385216231,0.9962123884667887,0.057669959928925346,0.9590324759902712,0.03544836253135186,0.0,0
United Arab Emirates,ARE,784,1993,Exports,0.9931749151295847,0.9952869991028334,0.0747786603043437,0.9503393893859008,0.04283552574368388,0.0,0
United Arab Emirates,ARE,784,2005,Exports,0.8243545660581171,0.9250176109773133,0.9630455414696704,0.9709446023243048,-0.14659003626618772,0.0,0
United Arab Emirates,ARE,784,2007,Exports,0.8415012641308447,0.9267279239018148,0.8932736811570562,0.9730243066177856,-0.1315230424869409,1.7894774133133274e-08,0
United Arab Emirates,ARE,784,2008,Exports,0.8283172392224473,0.9079787515183654,0.9750807455742341,0.9775297841609608,-0.14921254493851355,0.0,0
United Arab Emirates,ARE,784,2012,Exports,0.7546901044921703,0.8992857407438105,0.9822353061342055,0.9671812629096296,-0.21249115841745925,0.0,0
United Arab Emirates,ARE,784,2013,Exports,0.8021635632125257,0.9065733349133347,0.9597138502481205,0.976188700657146,-0.17402513744462034,0.0,0
United Arab Emirates,ARE,784,2014,Exports,0.7797938131245739,0.9064429805006069,0.9562353315063118,0.9705436691830348,-0.19074985605846095,0.0,0
United Arab Emirates,ARE,784,2015,Exports,0.8107662019011781,0.9098555430893954,0.9677136214774524,0.9654660832770916,-0.1546998813759135,0.0,0
United Arab Emirates,ARE,784,2016,Exports,0.8126585557167086,0.9066745903724992,0.9688568894745326,0.965566970625386,-0.15290841490867735,0.0,0
United Arab Emirates,ARE,784,2017,Exports,0.770004164723497,0.89683886877464,0.9641455531741776,0.9586355702416614,-0.18863140551816437,0.0,0
United Arab Emirates,ARE,784,2018,Exports,0.7670169777656226,0.9098533803064203,0.9863848448840299,0.9623732157175032,-0.19535623795188062,0.0,0
United Arab Emirates,ARE,784,2019,Exports,0.8114794689611694,0.9252490468930431,0.9942304554767123,0.9700968342820632,-0.15861736532089377,0.0,0
United Arab Emirates,ARE,784,2020,Exports,0.8235625220261158,0.9340520668936038,0.9936586934274251,0.9679612413276008,-0.14439871930148496,0.0,0
United Arab Emirates,ARE,784,2021,Exports,0.8154805725838807,0.9204409115846137,0.9948410045888786,0.968708361926754,-0.1532277893428733,0.0,0
United Arab Emirates,ARE,784,2022,Exports,0.8054669272511414,0.9212544102725109,0.9946929245772853,0.968650373689071,-0.1631834464379296,0.0,0
United Arab Emirates,ARE,784,2023,Exports,0.8076896441440289,0.9241120021554464,0.9958031850430895,0.969915855780946,-0.16222621163691708,0.0,0
United Kingdom,GBR,826,1993,Exports,0.5645176204269221,0.8162060372044346,0.9808183688231956,0.8372757216400328,-0.2727581012131107,0.0,0
United Kingdom,GBR,826,1994,Exports,0.5475427939549,0.819722512341544,0.9800025158747517,0.8379965139355072,-0.2904537199806072,0.0,0
United Kingdom,GBR,826,1995,Exports,0.541794497367659,0.8156824324317452,0.9775585956137592,0.8411201654973783,-0.2993256681297194,0.0,0
United Kingdom,GBR,826,1996,Exports,0.5404082802767893,0.8253266942042923,0.9615828289735895,0.8415474959568081,-0.3011392156800188,0.0,0
United Kingdom,GBR,826,1997,Exports,0.5581725592793042,0.8063285364933537,0.9726223441428961,0.8474403924410336,-0.28926783316172944,8.684131756700698e-08,0
United Kingdom,GBR,826,1998,Exports,0.5445812998658158,0.7882903778193772,0.9755181389076981,0.846967892735544,-0.30238659286972813,0.0,0
United Kingdom,GBR,826,1999,Exports,0.5300732209401193,0.7933314059175154,0.9810428465925538,0.8571272128769474,-0.32705399193682805,0.0,0
United Kingdom,GBR,826,2000,Exports,0.5239076890625869,0.8003325767236847,0.9695778954407229,0.8702072799366993,-0.34629959087411244,0.0,0
United Kingdom,GBR,826,2001,Exports,0.5313535312137964,0.8103113036282111,0.9714827011394764,0.8717901839845623,-0.34043665277076596,0.0,0
United Kingdom,GBR,826,2002,Exports,0.5283977336879854,0.8116040034848053,0.9647317410278863,0.8764491258030382,-0.34805139211505287,0.0,0
United Kingdom,GBR,826,2003,Exports,0.5337908412849376,0.8100161766003127,0.9691453748706911,0.8688690378154527,-0.33507819653051507,0.0,0
United Kingdom,GBR,826,2004,Exports,0.5283286287157262,0.8055912677931982,0.9684257220807393,0.8679830139809273,-0.3396543852652011,0.0,0
United Kingdom,GBR,826,2005,Exports,0.5328753289083356,0.8016266420779442,0.9792497591931164,0.8762056749233347,-0.3433303460149991,0.0,0
United Kingdom,GBR,826,2006,Exports,0.5603696250876006,0.8145560046127219,0.9760827377702866,0.8880528368468854,-0.32768321175928483,0.0,0
United Kingdom,GBR,826,2007,Exports,0.546740486580149,0.8216427771369202,0.9658469194328001,0.8692223356490636,-0.32248184906891464,0.0,0
United Kingdom,GBR,826,2008,Exports,0.5413177593517837,0.8154457802071433,0.9787577279016039,0.8737859922477509,-0.33246823289596716,0.0,0
United Kingdom,GBR,826,2009,Exports,0.5989344869853569,0.8407792542299151,0.8887547812801098,0.8734685167754628,-0.2745340297901059,0.0,0
United Kingdom,GBR,826,2010,Exports,0.5677713457575867,0.8235824588065751,0.9853803364678038,0.879610865358186,-0.3118395196005993,0.0,0
United Kingdom,GBR,826,2011,Exports,0.5764303837547777,0.8118677350654137,0.9842528193537738,0.8808409431471638,-0.30441055939238604,0.0,0
United Kingdom,GBR,826,2012,Exports,0.5872845560718016,0.820166109247371,0.9794028277130007,0.8893424460276871,-0.30205788995588545,0.0,0
United Kingdom,GBR,826,2013,Exports,0.6371961041655984,0.8166866307728611,0.9819896021371505,0.9010234802553752,-0.2638273760897768,0.0,0
United Kingdom,GBR,826,2014,Exports,0.5920655228749848,0.8096327791349975,0.9923582044546673,0.8911397348521664,-0.29907421197718154,0.0,0
United Kingdom,GBR,826,2015,Exports,0.6313583798340482,0.8168914568966829,0.9906162237542294,0.8934422027620363,-0.26208382292798815,0.0,0
United Kingdom,GBR,826,2016,Exports,0.606787909880237,0.8097009670223075,0.9914401660278142,0.8882593254865696,-0.2814714156063326,0.0,0
United Kingdom,GBR,826,2017,Exports,0.6243487032587915,0.8236831354042591,0.9657396897638331,0.8886133174140758,-0.26426461415528424,0.0,0
United Kingdom,GBR,826,2018,Exports,0.6212534585498339,0.8341226295493773,0.9893345093836755,0.8979425970827799,-0.27668913853294597,0.0,0
United Kingdom,GBR,826,2019,Exports,0.6216942479988421,0.8243931144683553,0.9728842552561432,0.8951275806640819,-0.27343333266523984,0.0,0
United Kingdom,GBR,826,2020,Exports,0.6286828085690402,0.8218186255180847,0.968511072169955,0.8887560706729081,-0.26007326210386783,0.0,0
United Kingdom,GBR,826,2021,Exports,0.6632228346628198,0.8331561983772089,0.973450560636933,0.8997723796035515,-0.23654954494073166,0.0,0
United Kingdom,GBR,826,2022,Exports,0.6777706983067703,0.8354962201073963,0.9919839977204359,0.914600781484429,-0.23683008317765875,0.0,0
United Kingdom,GBR,826,2023,Exports,0.6747331954117661,0.834645906772125,0.9929862603981787,0.9107232445101804,-0.23599004909841426,0.0,0
United Kingdom,GBR,826,2024,Exports,0.6740866113039475,0.8361983617254992,0.9937563550267953,0.911060005666716,-0.23697339436276843,0.0,0
United States,USA,842,1991,Exports,0.6397189770463132,0.8165559041293987,0.9791215364580591,0.835708941636701,-0.19598996459038776,0.0,0
United States,USA,842,1992,Exports,0.6189307687284623,0.8207724938712618,0.9838688372300866,0.8350045874594183,-0.216073818730956,0.0,0
United States,USA,842,1993,Exports,0.6106561384380285,0.8192722723731996,0.9775277430326081,0.8364675823585375,-0.225811443920509,0.0,0
United States,USA,842,1994,Exports,0.5897270268418171,0.8259185022857458,0.9818380800891026,0.8365103588731364,-0.2467833320313193,0.0,0
United States,USA,842,1995,Exports,0.5778186613370967,0.8306807312357772,0.9807574086953101,0.8371137567154356,-0.25929509537833895,0.0,0
United States,USA,842,1996,Exports,0.6069764557021468,0.8156380991411402,0.9596805675893247,0.83724444933776,-0.23026799363561323,0.0,0
United States,USA,842,1997,Exports,0.5817121227983179,0.8042643261596922,0.9693190607352737,0.8354867074779471,-0.2537745846796292,0.0,0
United States,USA,842,1998,Exports,0.5776437790754005,0.8047747900096714,0.9740995209406664,0.8380803205413028,-0.2604365414659022,0.0,0
United States,USA,842,1999,Exports,0.5744636329725744,0.8031568458485013,0.9744455492110844,0.8419943589839061,-0.26753072601133165,0.0,0
United States,USA,842,2000,Exports,0.5729704782831215,0.7874569675043372,0.9954056038955745,0.8520641685999442,-0.27909369031682263,0.0,0
United States,USA,842,2001,Exports,0.5694528649110759,0.7813767166882032,0.9939526253027736,0.8497960022986246,-0.2803431373875487,0.0,0
United States,USA,842,2002,Exports,0.5714963909144873,0.7948286525203311,0.9857711142589014,0.8508548964500253,-0.279358505535538,2.749908666090912e-08,0
United States,USA,842,2003,Exports,0.568929198548897,0.7937537519585225,0.9865723248165957,0.8512052499248659,-0.2822760513759689,0.0,0
United States,USA,842,2004,Exports,0.5542053306752222,0.7821344800414894,0.9876445066614954,0.8433910585327562,-0.28918572785753405,0.0,0
United States,USA,842,2005,Exports,0.5601286446796442,0.7656594962823935,0.9896489942057018,0.8435760895897697,-0.2834474449101255,0.0,0
United States,USA,842,2006,Exports,0.585528084190516,0.7646035944225592,0.9888873314665492,0.8568133513714291,-0.27128526718091306,0.0,0
United States,USA,842,2007,Exports,0.5845195617566997,0.7492794756143751,0.9843572883484834,0.8546824101196848,-0.2701628483629851,0.0,0
United States,USA,842,2008,Exports,0.5851196342899234,0.7622249678967346,0.9781873656133071,0.8567690508471517,-0.2716494165572283,0.0,0
United States,USA,842,2009,Exports,0.5498591050148196,0.7527333502258983,0.9911300404642729,0.8467584263685866,-0.29689932135376695,0.0,0
United States,USA,842,2010,Exports,0.5508369737794487,0.758102460982307,0.9790646206933672,0.8510643942463776,-0.30022742046692885,0.0,0
United States,USA,842,2011,Exports,0.5583659038474468,0.7911895456211113,0.9729882979347628,0.8576620456964159,-0.29929614184896913,0.0,0
United States,USA,842,2012,Exports,0.5421614123061635,0.7866861092407431,0.9726613986333811,0.8607095107703278,-0.3185480984641642,0.0,0
United States,USA,842,2013,Exports,0.5378198308473829,0.7764626753730689,0.973950088661233,0.8629076066142367,-0.32508777576685377,0.0,0
United States,USA,842,2014,Exports,0.5231674370972467,0.7557977010999619,0.9737399354645824,0.8559756665144536,-0.3328082294172069,0.0,0
United States,USA,842,2015,Exports,0.5146935670717778,0.7351886741920654,0.9771382940756406,0.8612328100093134,-0.3465392429375356,0.0,0
United States,USA,842,2016,Exports,0.5122204093748681,0.7231604046210715,0.9980346252546463,0.8587566417708605,-0.3465362323959924,0.0,0
United States,USA,842,2017,Exports,0.5133232785854411,0.7396674624940679,0.9657865247182916,0.8636672784098529,-0.3503439998244118,0.0,0
United States,USA,842,2018,Exports,0.5060047902081862,0.7652746067510009,0.9690160018056189,0.8691453993228093,-0.3631406091146231,0.0,0
United States,USA,842,2019,Exports,0.48903075201359497,0.7792639822153277,0.9952986423916919,0.8724996605223407,-0.38346890850874576,0.0,0
United States,USA,842,2020,Exports,0.5078104440056953,0.7679910202855305,0.9687042360813879,0.8705051237379031,-0.3626946797322078,1.6518846351035366e-08,0
United States,USA,842,2021,Exports,0.5035193686908427,0.7762515084364089,0.9724414221032904,0.8823124272250664,-0.37879305853422374,0.0,0
United States,USA,842,2022,Exports,0.5009303840474633,0.8041977854791359,0.9975607587708517,0.8877555743354479,-0.3868251902879847,0.0,0
United States,USA,842,2023,Exports,0.48683989654313653,0.8037307318813077,0.9988414896991173,0.8868475255187789,-0.40000762897564235,0.0,0
United States,USA,842,2024,Exports,0.5001783025573636,0.8055209277279904,0.998342528914803,0.8880914462857219,-0.3879131437283583,0.0,0
Zimbabwe,ZWE,716,1995,Exports,0.9633400786267308,0.9507611535002914,0.7626941962749041,0.95688590412483,0.006454174501900778,0.0,0
Zimbabwe,ZWE,716,2000,Exports,0.9663585513146196,0.9276602805442494,0.7348505096902402,0.954872103021631,0.011486448292988616,0.0,0
Zimbabwe,ZWE,716,2001,Exports,0.9953267788874939,0.9906442765611481,0.5951348564570458,0.9897110492558144,0.005615729631679445,0.0,0
Zimbabwe,ZWE,716,2002,Exports,0.9737481806666283,0.9424660135703938,0.7458033437564341,0.964753896650949,0.008994284015679255,0.0,0
Zimbabwe,ZWE,716,2003,Exports,0.9721738688039443,0.9380881605186684,0.6939078284906872,0.9602976523175052,0.011876216486439106,0.0,0
Zimbabwe,ZWE,716,2004,Exports,0.9780904741439854,0.9614999394772394,0.6826507197415134,0.9611786776052906,0.01691179653869479,0.0,0
Zimbabwe,ZWE,716,2005,Exports,0.9834329724631272,0.9718258151493337,0.6147003213736246,0.9674374315844588,0.01599554087866839,0.0,0
Zimbabwe,ZWE,716,2006,Exports,0.9911015608826764,0.9824411519603454,0.6078695428767992,0.9869465738567708,0.004154987025905665,0.0,0
Zimbabwe,ZWE,716,2007,Exports,0.9771720895442229,0.956056792361612,0.6204064110240557,0.972023906106779,0.005148183437443832,0.0,0
Zimbabwe,ZWE,716,2008,Exports,0.9876001663920889,0.9549398200159445,0.5285528405608292,0.971946908890444,0.015653257501644924,0.0,0
Zimbabwe,ZWE,716,2009,Exports,0.9868297636067591,0.9597535761093976,0.5909468571591694,0.973062037547062,0.013767726059697116,0.0,0
Zimbabwe,ZWE,716,2010,Exports,0.9894834343916664,0.9811157077664512,0.5541663686752467,0.9796745104792242,0.009808923912442258,0.0,0
Zimbabwe,ZWE,716,2011,Exports,0.9904258883484603,0.9856815254575152,0.6252002451848782,0.981050060616656,0.009375827731804343,0.0,0
Zimbabwe,ZWE,716,2012,Exports,0.9915383475479165,0.9875682849030057,0.5306286328066667,0.9830946603842836,0.008443687163632863,0.0,0
Zimbabwe,ZWE,716,2013,Exports,0.9881831168339205,0.9826367236037973,0.5956389336786576,0.9820020332068992,0.0061810836270213,0.0,0
Zimbabwe,ZWE,716,2014,Exports,0.9899313557476366,0.9830819279161731,0.6737993255639743,0.9834566909405652,0.006474664807071373,0.0,0
Zimbabwe,ZWE,716,2015,Exports,0.9888975096967981,0.9859091694992136,0.6408396592140927,0.9837165366989498,0.005180972997848365,0.0,0
Zimbabwe,ZWE,716,2016,Exports,0.9917932322373886,0.9889018786346163,0.6500431599062546,0.9851388288448936,0.006654403392495012,0.0,0
Zimbabwe,ZWE,716,2017,Exports,0.9921828883782666,0.9905646832365427,0.5794986285597078,0.9844887409703706,0.007694147407895979,0.0,0
Zimbabwe,ZWE,716,2018,Exports,0.9918789126077733,0.9911877111791222,0.5370440145508342,0.9854053464852356,0.006473566122537688,0.0,0
Zimbabwe,ZWE,716,2019,Exports,0.9911603551464673,0.9895486584929244,0.552585311519774,0.9857367727054888,0.005423582440978514,0.0,0
Zimbabwe,ZWE,716,2020,Exports,0.9927086806211111,0.9903332278939743,0.5333137116931668,0.9862471914817136,0.0064614891393974805,0.0,0
Zimbabwe,ZWE,716,2021,Exports,0.993448793200119,0.9917061416562869,0.5112136159875347,0.9888110841952896,0.0046377090048294045,0.0,0
Zimbabwe,ZWE,716,2022,Exports,0.9923771419626773,0.991130331786267,0.46934730288053494,0.9886749304885004,0.0037022114741769307,0.0,0
Zimbabwe,ZWE,716,2023,Exports,0.9922527154920675,0.9904769332358596,0.5023768039715855,0.9885853036498604,0.003667411842207091,0.0,0
Zimbabwe,ZWE,716,2024,Exports,0.9913943567623769,0.9906999473409663,0.5546478611170921,0.9890305718525154,0.002363784909861444,0.0,0
